distance,total_duration_min,avg_speed_kmph,num_classes_offered,num_halts,halts_per_100km,departure_hour,is_night_departure,zone_clean,has_return_train,first_ac,second_ac,third_ac,sleeper,chair_car,first_class,type_clean,name,number
53.0,95.0,33.473684210526315,0,6,11.320754716981131,10,0,NR,1,0,0,0,0,0,0,Passenger,Jammu Tawi Udhampur Special,04601
53.0,110.0,28.90909090909091,0,6,11.320754716981131,6,0,NR,1,0,0,0,0,0,0,Passenger,UDHAMPUR JAMMUTAWI DMU,04602
53.0,95.0,33.473684210526315,0,6,11.320754716981131,16,0,NR,1,0,0,0,0,0,0,Passenger,JAT UDAHMPUR DMU,04603
53.0,90.0,35.333333333333336,0,6,11.320754716981131,18,0,NR,1,0,0,0,0,0,0,Passenger,UDHAMPUR JAMMUTAWI DMU,04604
1212.0,1315.0,55.30038022813688,3,185,15.264026402640265,14,0,NWR,1,0,1,1,1,0,0,Superfast,Mumbai BandraT-Bikaner SF Special,04728
82.0,95.0,51.78947368421053,0,8,9.75609756097561,22,1,Unknown,1,0,0,0,0,0,0,Passenger,Sirsa - Hisar Passenger Special,04741
82.0,110.0,44.72727272727273,0,7,8.536585365853659,4,1,Unknown,1,0,0,0,0,0,0,Passenger,Hisar - Sirsa Passenger Special,04742
44.0,75.0,35.2,0,12,27.272727272727273,22,1,NWR,1,0,0,0,0,0,0,Passenger,Rewari Degana Merta Special,04853
44.0,60.0,44.0,0,12,27.272727272727273,3,1,NWR,1,0,0,0,0,0,0,Passenger,Degana Merta Special,04854
1957.0,1940.0,60.52577319587628,4,317,16.198262646908532,9,0,WR,1,1,1,1,1,0,0,Superfast,JAMMU TAWI - BANDRA TERMINUS AC Suvidha Special (Starts 5 April),09022
1205.0,1465.0,49.35153583617747,3,175,14.522821576763485,21,0,CR,1,0,1,1,1,0,0,Express,Chalukya Express,11017
1932.0,2235.0,51.86577181208054,3,300,15.527950310559007,15,0,CR,1,0,1,1,1,0,0,Express,Konark Express,11019
1932.0,2195.0,52.81093394077448,3,300,15.527950310559007,15,0,CR,1,0,1,1,1,0,0,Express,Konark Express,11020
518.0,735.0,42.285714285714285,3,95,18.33976833976834,17,0,CR,1,0,1,1,1,0,0,Express,Sahyadri Express,11023
518.0,785.0,39.59235668789809,3,95,18.33976833976834,22,1,CR,1,0,1,1,1,0,0,Express,Sahyadri Express,11024
364.0,455.0,48.0,1,54,14.835164835164834,4,1,CR,1,0,0,0,0,1,0,Express,Manmad Pune Express(Via Nasik),11025
364.0,520.0,42.0,1,54,14.835164835164834,12,0,CR,1,0,0,0,0,1,0,Express,Pune Manmad Express,11026
1283.0,1750.0,43.988571428571426,3,204,15.900233826968044,23,1,CR,1,0,1,1,1,0,0,Express,Mumbai CST-Chennai Mail,11027
518.0,705.0,44.08510638297872,1,95,18.33976833976834,8,0,CR,1,0,0,0,0,1,0,Express,Koyna Express,11029
518.0,747.0,41.60642570281125,1,95,18.33976833976834,7,0,CR,1,0,0,0,0,1,0,Express,Koyna Express,11030
1948.0,2310.0,50.5974025974026,3,274,14.06570841889117,16,0,CR,1,0,1,1,1,0,0,Express,PUNE - DARBHANGA Gyan Ganga Exp,11033
1212.0,1455.0,49.97938144329897,3,157,12.953795379537954,21,0,CR,1,0,1,1,1,0,0,Express,Dadar-Mysore Sharavati Express,11035
1212.0,1415.0,51.3922261484099,3,157,12.953795379537954,6,0,CR,1,0,1,1,1,0,0,Express,Mysore-Dadar Sharavati Express,11036
1771.0,1980.0,53.666666666666664,3,236,13.325804630152456,16,0,CR,1,0,1,1,1,0,0,Express,PUNE - GORAKHPUR Exp,11037
1771.0,2195.0,48.410022779043274,3,236,13.325804630152456,15,0,CR,1,0,1,1,1,0,0,Express,GORAKHPUR - PUNE Exp,11038
1346.0,1725.0,46.81739130434783,3,158,11.738484398216938,15,0,CR,1,0,1,1,1,0,0,Express,Maharashtra Express,11039
2107.0,3100.0,40.78064516129032,1,247,11.72282866635026,15,0,CR,0,0,0,0,1,0,0,Express,Kolhapur-Gorakhpur Express Slip,11039-Slip
1346.0,1705.0,47.36656891495601,3,158,11.738484398216938,8,0,CR,1,0,1,1,1,0,0,Express,Maharashtra Express,11040
1132.0,1470.0,46.204081632653065,1,129,11.395759717314487,8,0,CR,0,0,0,0,1,0,0,Express,Gondia-Solapur Maharashtra Express Slip,11040-Slip
1283.0,1605.0,47.96261682242991,3,203,15.822291504286827,14,0,CR,1,0,1,1,1,0,0,Express,Mumbai - Chennai Express,11041
1702.0,2175.0,46.95172413793104,3,263,15.452408930669801,0,1,CR,1,0,1,1,1,0,0,Express,MUMBAI LTT - MADURAI Exp,11043
1702.0,2145.0,47.60839160839161,3,263,15.452408930669801,18,0,CR,1,0,1,1,1,0,0,Express,MADURAI - MUMBAI LTT Exp,11044
2968.0,3615.0,49.261410788381745,2,380,12.80323450134771,23,1,CR,1,0,0,1,1,0,0,Express,KOLHAPUR CSMT - DHANBAD Deekshabhoomi Exp,11045
279.0,375.0,44.64,1,34,12.186379928315413,0,1,CR,1,0,0,0,1,0,0,Express,Hubli Express,11047
279.0,375.0,44.64,1,34,12.186379928315413,23,1,CR,1,0,0,0,1,0,0,Express,Hubli Miraj Express,11048
961.0,1195.0,48.2510460251046,3,153,15.920915712799168,19,0,CR,1,0,1,1,1,0,0,Express,Ahmedabad-Kolhapur Express,11049
961.0,1135.0,50.80176211453744,3,153,15.920915712799168,12,0,CR,1,0,1,1,1,0,0,Express,Kolhapur-Ahmedabad Express,11050
315.0,365.0,51.78082191780822,2,37,11.746031746031747,8,0,CR,1,0,0,1,1,0,0,Express,Solapur-Kolhapur Express,11051
315.0,375.0,50.4,2,37,11.746031746031747,8,0,CR,1,0,0,1,1,0,0,Express,Kolhapur Solapur Express,11052
1733.0,2020.0,51.475247524752476,3,236,13.618003462204271,6,0,CR,1,0,1,1,1,0,0,Express,GORAKHPUR - MUMBAI LTT Exp,11056
2037.0,2445.0,49.987730061349694,3,271,13.30387825233186,23,1,CR,1,0,1,1,1,0,0,Express,Dadar Amritsar Express,11057
375.0,460.0,48.91304347826087,3,60,16.0,23,1,CR,0,0,1,1,1,0,0,Express,Dadar Amritsar Express Slip,11057-Slip
2037.0,2610.0,46.827586206896555,3,271,13.30387825233186,8,0,CR,1,0,1,1,1,0,0,Express,Amritsar Dadar Express,11058
1772.0,2040.0,52.11764705882353,3,248,13.995485327313771,10,0,CR,1,0,1,1,1,0,0,Express,MUMBAI LTT - CHHAPRA Godan Exp,11059
1772.0,2075.0,51.23855421686746,3,248,13.995485327313771,5,0,CR,1,0,1,1,1,0,0,Express,CHHAPRA - MUMBAI LTT Godan Exp,11060
1791.0,2155.0,49.86542923433875,3,278,15.522054718034617,15,0,CR,1,0,1,1,1,0,0,Express,DARBHANGA - MUMBAI LTT Pawan Exp,11062
96.0,150.0,38.4,0,14,14.583333333333334,5,0,SR,0,0,0,0,0,0,0,Passenger,Kottayam Kollam Passenger,56305
67.0,90.0,44.666666666666664,0,10,14.925373134328357,5,0,SER,1,0,0,0,0,0,0,Passenger,Ranchi Lohardaga Passenger,58651
46.0,58.0,47.58620689655172,0,14,30.434782608695652,18,0,NWR,1,0,0,0,0,0,0,Passenger,Jodhpur Pipar Road Passenger Special,04858
138.0,205.0,40.390243902439025,0,24,17.39130434782609,11,0,NER,1,0,0,0,0,0,0,Passenger,Farrukhabad-KanpurAnwarganj Passenger,05305
138.0,205.0,40.390243902439025,0,24,17.39130434782609,14,0,NER,1,0,0,0,0,0,0,Express,KanpurAnwarganj-Farrukhabad Special,05306
2613.0,3295.0,47.58118361153263,2,334,12.782242632988902,15,0,NFR,1,0,0,1,1,0,0,Express,Kamakhya - Mumbai LTT (Weekly) Special,05650
104.0,225.0,27.733333333333334,1,12,11.538461538461538,9,0,NFR,1,0,0,0,0,1,0,Premium,Hill Queen Express,05697
104.0,225.0,27.733333333333334,1,12,11.538461538461538,13,0,NFR,1,0,0,0,0,1,0,Premium,Hill Queen Express,05698
858.0,970.0,53.072164948453604,3,149,17.365967365967364,11,0,SR,1,0,1,1,1,0,0,Superfast,Kollam-Chennai Central SF Special,06002
857.0,885.0,58.101694915254235,3,149,17.386231038506416,20,0,SR,1,0,1,1,1,0,0,Express,Chennai Central-Kollam Special,06003
857.0,1015.0,50.66009852216749,3,149,17.386231038506416,17,0,SR,1,0,1,1,1,0,0,Express,Kollam-Chennai Central Special,06004
857.0,885.0,58.101694915254235,3,149,17.386231038506416,20,0,SR,1,0,1,1,1,0,0,Superfast,Chennai Central-Kollam SF Special,06005
857.0,1015.0,50.66009852216749,3,149,17.386231038506416,17,0,SR,1,0,1,1,1,0,0,Superfast,Kollam-Chennai Central SF Special,06006
858.0,930.0,55.354838709677416,3,149,17.365967365967364,15,0,SR,1,0,1,1,1,0,0,Superfast,Chennai Central-Kollam SF Special,06007
858.0,970.0,53.072164948453604,3,149,17.365967365967364,11,0,SR,1,0,1,1,1,0,0,Superfast,KollamChennai Central SF Special,06008
858.0,960.0,53.625,3,149,17.365967365967364,23,1,SR,1,0,1,1,1,0,0,Superfast,Chennai CentralKollam SF Special,06009
858.0,870.0,59.172413793103445,3,149,17.365967365967364,15,0,SR,1,0,1,1,1,0,0,Superfast,Chennai Central Kollam (Weekly) SF Special,06011
1304.0,1800.0,43.46666666666667,3,158,12.116564417177916,5,0,SWR,1,0,1,1,1,0,0,Express,Mysore-Sainagar Shirdi Special,06201
1304.0,1875.0,41.728,3,158,12.116564417177916,23,1,SWR,1,0,1,1,1,0,0,Express,Sainagar Shirdi - Mysore Special,06202
25.0,55.0,27.272727272727273,0,7,28.0,16,0,SWR,1,0,0,0,0,0,0,Passenger,Mysore Nanjangud Town passenger,06215
25.0,50.0,30.0,0,7,28.0,17,0,SWR,1,0,0,0,0,0,0,Passenger,Nanjangud Town Mysore Passenger,06216
276.0,530.0,31.245283018867923,1,21,7.608695652173914,22,1,SWR,0,0,0,0,1,0,0,Express,Shimoga Mysore Express,06228
711.0,1060.0,40.24528301886792,3,133,18.706047819971868,16,0,SR,1,0,1,1,1,0,0,Express,Nagercoil-Mangalore Special,06301
711.0,935.0,45.62566844919786,3,133,18.706047819971868,16,0,SR,1,0,1,1,1,0,0,Express,Mangalore-Nagercoil Special,06302
1719.0,2090.0,49.34928229665071,1,252,14.659685863874344,5,0,SWR,1,0,0,1,0,0,0,Express,Yesvantpur - Ahmedabad Garib Rath Special,06501
1719.0,2350.0,43.889361702127665,1,252,14.659685863874344,20,0,SWR,1,0,0,1,0,0,0,Express,Ahmedabad -Yesvantpur Garib Rath Special,06502
712.0,915.0,46.68852459016394,4,93,13.061797752808989,19,0,SWR,1,1,1,1,1,0,0,Express,Bijapur Express,06535
712.0,935.0,45.68983957219251,4,93,13.061797752808989,17,0,SWR,1,1,1,1,1,0,0,Express,Bijapur-Yesvantpur Special,06536
67.0,95.0,42.31578947368421,0,10,14.925373134328357,6,0,SWR,1,0,0,0,0,0,0,Passenger,Yesvantpur-Hosur Passenger Special,06591
67.0,100.0,40.199999999999996,0,10,14.925373134328357,8,0,SWR,1,0,0,0,0,0,0,Passenger,Hosur-Yesvantpur Passenger,06592
67.0,95.0,42.31578947368421,0,10,14.925373134328357,17,0,SWR,1,0,0,0,0,0,0,Passenger,Hosur-Yesvantpur Passenger Special,06594
36.0,65.0,33.23076923076923,0,7,19.444444444444446,10,0,SWR,1,0,0,0,0,0,0,Passenger,Yesvantpur-Devanhalli Special,06595
36.0,70.0,30.857142857142854,0,7,19.444444444444446,13,0,SWR,1,0,0,0,0,0,0,Passenger,Devanahalli-Yesvantpur Special,06596
497.0,620.0,48.096774193548384,3,89,17.90744466800805,20,0,SR,1,0,1,1,1,0,0,Express,Coimbatore-Nagercoil Special,06617
497.0,705.0,42.297872340425535,3,89,17.90744466800805,20,0,SR,1,0,1,1,1,0,0,Express,Nagercoil-Coimbatore Special,06618
440.0,440.0,60.0,1,58,13.18181818181818,6,0,SR,1,0,0,0,0,1,0,Superfast,Coimbatore-Yesvantpur SF Special,06621
440.0,445.0,59.32584269662921,1,58,13.18181818181818,14,0,SR,1,0,0,0,0,1,0,Superfast,Yesvantpur-Coimbatore SF Special,06622
61.0,80.0,45.75,0,9,14.754098360655737,18,0,SR,1,0,0,0,0,0,0,Passenger,Karaikkudi Manamadurai Passenger,06837
61.0,80.0,45.75,0,9,14.754098360655737,7,0,SR,1,0,0,0,0,0,0,Passenger,Manamadurai Karaikkudi Passenger,06838
90.0,140.0,38.57142857142857,0,13,14.444444444444445,15,0,SR,1,0,0,0,0,0,0,Passenger,Tiruchirappalli Karaikkudi Passenger Special,06839
90.0,145.0,37.24137931034483,0,13,14.444444444444445,9,0,SR,1,0,0,0,0,0,0,Passenger,Karaikkudi-Tiruchirappalli Passenger Special,06840
236.0,450.0,31.466666666666665,2,32,13.559322033898306,23,1,Unknown,0,0,0,1,1,0,0,Express,Hubli Jn - Vasco Da Gama Link Express,06948
996.0,1140.0,52.421052631578945,3,119,11.947791164658634,10,0,SCR,1,0,1,1,1,0,0,Express,Hyderabad-Korba Special,07003
999.0,1245.0,48.144578313253014,3,119,11.911911911911911,8,0,SCR,1,0,1,1,1,0,0,Express,Korba-Hyderabad Special,07004
2033.0,2355.0,51.796178343949045,3,246,12.100344318740778,22,1,SCR,1,0,1,1,1,0,0,Express,Ajmer - Hyderabad Special,07105
29.0,55.0,31.636363636363637,0,19,65.51724137931035,6,0,SR,0,0,0,0,0,0,0,Passenger,Chennai Beach Tambaram EMU,40005
168.0,270.0,37.333333333333336,0,20,11.904761904761905,6,0,NER,1,0,0,0,0,0,0,Passenger,Shahganj Ballia Passenger,55138
96.0,150.0,38.4,0,14,14.583333333333334,17,0,SR,1,0,0,0,0,0,0,Passenger,Kottayam Kollam Passenger,56393
998.0,1395.0,42.924731182795696,3,127,12.725450901803606,7,0,SCR,1,0,1,1,1,0,0,Express,Shahu Maharaj T. Kolhapur - Hyderabad Special,07144
276.0,475.0,34.863157894736844,1,21,7.608695652173914,22,1,SWR,0,0,0,0,1,0,0,Express,Mysore Shimoga Express,07301
185.0,285.0,38.94736842105263,0,20,10.81081081081081,7,0,SCR,1,0,0,0,0,0,0,Passenger,Adilabad-Nanded Special,07403
185.0,270.0,41.111111111111114,0,20,10.81081081081081,15,0,SCR,1,0,0,0,0,0,0,Passenger,Nanded-Adilabad Special,07404
114.0,200.0,34.199999999999996,0,32,28.070175438596493,9,0,SCR,1,0,0,0,0,0,0,Passenger,Kacheguda Kamareddi Special,07603
52.0,55.0,56.72727272727273,0,6,11.538461538461538,12,0,SCR,1,0,0,0,0,0,0,Passenger,Kamareddi-Nizamabad Passenger Special,07605
52.0,55.0,56.72727272727273,0,6,11.538461538461538,14,0,SCR,1,0,0,0,0,0,0,Passenger,Nizamabad-Kamareddi Special,07606
239.0,245.0,58.530612244897966,0,29,12.13389121338912,5,0,SCR,1,0,0,0,0,0,0,Express,Secunderabad - Mancherial Special,07607
239.0,240.0,59.75,0,29,12.13389121338912,10,0,SCR,1,0,0,0,0,0,0,Express,Mancherial - Secunderabad Special,07608
39.0,35.0,66.85714285714285,1,7,17.94871794871795,10,0,SER,1,0,0,0,0,1,0,Express,Kharagpur-Jhargram Express Special,08001
39.0,55.0,42.54545454545455,1,7,17.94871794871795,18,0,SER,1,0,0,0,0,1,0,Express,Jhargram-Kharagpur Special,08002
2111.0,2300.0,55.0695652173913,3,312,14.7797252486973,0,1,SER,1,0,1,1,1,0,0,Express,Mysore - Howrah Special,08004
38.0,50.0,45.6,0,7,18.42105263157895,5,0,Unknown,1,0,0,0,0,0,0,Passenger,Kharagpur- Jhargram MEMU Special,08017
38.0,55.0,41.45454545454545,0,7,18.42105263157895,22,1,SER,1,0,0,0,0,0,0,Passenger,Jhargram - Kharagpur MEMU Special,08018
1595.0,1785.0,53.61344537815126,3,237,14.858934169278998,17,0,SER,1,0,1,1,1,0,0,Express,Kolkata Shalimar-Haridwar Puja Special,08043
38.0,38.0,60.0,0,7,18.42105263157895,6,0,Unknown,1,0,0,0,0,0,0,Passenger,Kharagpur- Jhargram MEMU Special,08051
38.0,40.0,57.0,0,7,18.42105263157895,18,0,SER,1,0,0,0,0,0,0,Passenger,Jhargram - Kharagpur MEMU Special,08052
1616.0,1570.0,61.75796178343949,3,265,16.39851485148515,15,0,SER,1,0,1,1,1,0,0,Superfast,Shalimar-Tirupati Special,08055
470.0,855.0,32.98245614035088,0,60,12.76595744680851,16,0,SER,1,0,0,0,0,0,0,Passenger,Tatanagar Bilaspur Passenger,08113
470.0,1060.0,26.60377358490566,0,60,12.76595744680851,18,0,SER,1,0,0,0,0,0,0,Passenger,Bilaspur Tatanagar Passenger,08114
1529.0,1935.0,47.41085271317829,1,208,13.603662524525834,14,0,ECoR,1,0,0,1,0,0,0,Express,Puri-Bangalore weekly Garib Rath special,08469
1529.0,1795.0,51.108635097493035,1,208,13.603662524525834,23,1,ECoR,1,0,0,1,0,0,0,Express,Bangalore-Puri Garib Rath Special,08470
1205.0,1320.0,54.77272727272727,3,180,14.937759336099584,11,0,ECoR,1,0,1,1,1,0,0,Express,Bhubaneswar - Tirupati Weekly Special,08471
1205.0,1440.0,50.208333333333336,3,180,14.937759336099584,14,0,ECoR,1,0,1,1,1,0,0,Express,Tirupati - Bhubaneswar Weekly Special,08472
701.0,800.0,52.574999999999996,3,102,14.550641940085592,19,0,ECoR,1,0,1,1,1,0,0,Express,Visakhapatnam-Secunderabad Special,08565
701.0,765.0,54.98039215686274,3,102,14.550641940085592,21,0,ECoR,1,0,1,1,1,0,0,Express,Secunderabad Vishakaptnam Special,08566
1403.0,1770.0,47.559322033898304,3,190,13.5424091233072,5,0,ECoR,1,0,1,1,1,0,0,Express,Visakhapatnam Sainagar Shirdi special,08567
1405.0,1705.0,49.44281524926686,3,190,13.523131672597865,18,0,ECoR,1,0,1,1,1,0,0,Express,Shirdi-Visakhapatnam Weekly Special,08568
1568.0,1830.0,51.40983606557377,3,239,15.24234693877551,9,0,ECoR,0,0,1,1,1,0,0,Express,Visakhapatnam-Kollam Sabarimalai Special,08569
88.0,125.0,42.239999999999995,0,18,20.454545454545453,18,0,SECR,1,0,0,0,0,0,0,Passenger,Dalli Rajhara Durg Pass,08786
37.0,60.0,37.0,0,9,24.324324324324326,9,0,SECR,1,0,0,0,0,0,0,Passenger,Raipur-Durg Special,08787
37.0,60.0,37.0,0,18,48.64864864864865,8,0,SECR,1,0,0,0,0,0,0,Passenger,Durg-Raipur Special,08788
491.0,485.0,60.74226804123711,3,99,20.162932790224033,21,0,WR,1,0,1,1,1,0,0,Superfast,Ahmedabad Mumbai Central Superfast Special,09002
1955.0,1965.0,59.69465648854962,4,317,16.214833759590793,16,0,WR,1,1,1,1,1,0,0,Superfast,BANDRA TERMINUS - JAMMU TAWI AC Suvidha Special (Starts 4 April),09021
1467.0,1770.0,49.728813559322035,3,179,12.201772324471712,19,0,WR,1,0,1,1,1,0,0,Express,Valsad-Varanasi Weekly Special,09051
1694.0,2080.0,48.86538461538462,3,248,14.639905548996458,23,1,WR,1,0,1,1,1,0,0,Express,Porbandar Secunderabad Weekly Special,09221
980.0,1220.0,48.196721311475414,2,151,15.408163265306122,23,1,WR,1,0,1,0,1,0,0,Express,Bandra Terminus Okha Weekly Special,09561
852.0,905.0,56.48618784530387,4,85,9.976525821596244,18,0,NWR,1,0,1,1,1,0,1,Express,Hanumangarh Kota Special,09733
852.0,965.0,52.97409326424871,4,85,9.976525821596244,16,0,NWR,1,0,1,1,1,0,1,Express,Kota Hanumangarh Special,09734
1680.0,1960.0,51.42857142857143,3,217,12.916666666666666,22,1,CR,1,0,1,1,1,0,0,Express,Kushinagar Express,11015
362.0,400.0,54.3,1,66,18.23204419889503,7,0,SR,1,0,0,0,0,1,0,Premium,Coimbatore-Mayiladuturai Jan Shatabdi,12084
231.0,410.0,33.80487804878049,1,45,19.48051948051948,5,0,ER,1,0,0,0,0,1,0,Express,InterCity Express,13401
178.0,260.0,41.07692307692308,0,23,12.92134831460674,16,0,ER,1,0,0,0,0,0,0,Express,InterCity Express,13410
33.0,55.0,36.0,0,19,57.57575757575757,7,0,SR,0,0,0,0,0,0,0,Passenger,Chennai Beach Tambaram EMU(12 Car),40007
532.0,795.0,40.15094339622642,0,60,11.278195488721805,7,0,SR,1,0,0,0,0,0,0,Passenger,Coimbatore Nagercoil Passenger,56320
88.0,125.0,42.239999999999995,0,18,20.454545454545453,15,0,SECR,1,0,0,0,0,0,0,Passenger,Durg Dalli Rajhara Pass,08785
249.0,365.0,40.93150684931507,1,33,13.25301204819277,0,1,CR,1,0,0,0,1,0,0,Express,Bijapur Hubli Special,01494
1683.0,2080.0,48.54807692307693,3,248,14.735591206179443,14,0,WR,1,0,1,1,1,0,0,Express,Secunderabad-Porbandar Weekly Special,09222
1556.0,1950.0,47.87692307692308,2,217,13.946015424164523,19,0,WR,1,0,0,1,1,0,0,Express,Ahmedabad Yesvantpur (Weekly) Special,09405
1581.0,2000.0,47.43,3,217,13.72549019607843,5,0,WR,1,0,1,1,1,0,0,Express,Yeshwantpur-Ahmedabad Special,09406
980.0,1090.0,53.944954128440365,2,151,15.408163265306122,11,0,WR,1,0,1,0,1,0,0,Express,Okha - Bandra Terminus Weekly Special,09562
135.0,115.0,70.43478260869566,1,19,14.074074074074073,11,0,NWR,1,0,0,0,0,1,0,Superfast,Ajmer Jaipur SF Special,09621
135.0,115.0,70.43478260869566,1,19,14.074074074074073,14,0,NWR,1,0,0,0,0,1,0,Superfast,Jaipur Ajmer SF Special,09622
1744.0,2260.0,46.30088495575222,3,197,11.295871559633026,12,0,NWR,1,0,1,1,1,0,0,Express,Jaipur Solapur (Weekly) Special,09715
1744.0,2145.0,48.78321678321678,3,197,11.295871559633026,6,0,NWR,1,0,1,1,1,0,0,Express,Solapur - Jaipur Special,09716
303.0,270.0,67.33333333333333,3,51,16.831683168316832,6,0,NWR,1,0,1,1,0,1,0,Superfast,Jaipur Delhi Sarai Rohilla SF Special,09721
620.0,650.0,57.230769230769226,3,95,15.32258064516129,21,0,NWR,1,0,1,1,1,0,0,Superfast,Jaipur - Sabarmati SF Holiday Spl,09724
599.0,570.0,63.05263157894737,3,67,11.185308848080133,22,1,NWR,1,0,1,1,1,0,0,Express,Indore-Jaipur Special,09727
599.0,595.0,60.40336134453782,3,67,11.185308848080133,20,0,NWR,1,0,1,1,1,0,0,Express,Jaipur-Indore Special,09728
1666.0,1830.0,54.622950819672134,4,186,11.164465786314526,23,1,NWR,1,1,1,1,1,0,0,Express,Secunderabad-Jaipur Special,09735
1669.0,1845.0,54.27642276422764,4,186,11.144397843019771,21,0,NWR,1,1,1,1,1,0,0,Express,Jaipur - Secunderabad (Weekly) Special,09736
78.0,90.0,52.0,3,19,24.358974358974358,14,0,NWR,1,0,1,1,0,1,0,Express,Rewari - Delhi Sarai Rohilla (Daily) Special,09741
78.0,90.0,52.0,3,19,24.358974358974358,11,0,NWR,1,0,1,1,0,1,0,Express,Delhi Sarai Rohilla - Rewari (Daily) Special,09742
78.0,95.0,49.26315789473684,0,8,10.256410256410255,7,0,NWR,1,0,0,0,0,0,0,Passenger,Surathgarh Anupgarh Passenger,09761
76.0,95.0,48.0,0,6,7.894736842105263,18,0,NWR,1,0,0,0,0,0,0,Passenger,Suratgarh - Anupgarh Passenger Special,09762
78.0,95.0,49.26315789473684,0,8,10.256410256410255,20,0,NWR,1,0,0,0,0,0,0,Passenger,Surathgarh Anupgarh Passenger,09763
78.0,100.0,46.8,0,8,10.256410256410255,5,0,NWR,1,0,0,0,0,0,0,Passenger,Suratgarh - Anupgarh Passenger Special,09764
216.0,305.0,42.49180327868853,0,56,25.925925925925924,11,0,NWR,1,0,0,0,0,0,0,Passenger,Phulera Rewari Passenger Special,09765
216.0,305.0,42.49180327868853,0,56,25.925925925925924,9,0,NWR,1,0,0,0,0,0,0,Passenger,Rewari-Phulera Passenger Special,09766
187.0,410.0,27.365853658536587,1,18,9.62566844919786,12,0,SECR,1,0,0,0,0,0,1,Express,Satpura Express,10001
187.0,400.0,28.049999999999997,1,18,9.62566844919786,5,0,SECR,1,0,0,0,0,0,1,Express,Satpura Express,10002
765.0,710.0,64.64788732394366,4,75,9.80392156862745,6,0,KR,1,1,1,1,1,0,0,Express,MUMBAI CST - MADGAON Mandovi Exp,10103
765.0,720.0,63.75,4,75,9.80392156862745,9,0,KR,1,1,1,1,1,0,0,Express,MADGAON - MUMBAI CST Mandovi Exp,10104
765.0,700.0,65.57142857142857,4,75,9.80392156862745,23,1,KR,1,1,1,1,1,0,0,Express,MUMBAI CST - MADGAON Konkan Knaya Exp,10111
765.0,710.0,64.64788732394366,4,75,9.80392156862745,18,0,KR,1,1,1,1,1,0,0,Express,MADGAON - MUMBAI CST Konkan Knaya Exp,10112
850.0,805.0,63.35403726708075,4,105,12.352941176470589,21,0,KR,1,1,1,1,1,0,0,Express,Madgaon Ernakulam Weekly Super Fast Express,10215
850.0,805.0,63.35403726708075,4,105,12.352941176470589,14,0,KR,1,1,1,1,1,0,0,Express,Ernakulam Madgaon Weekly SF Express,10216
646.0,660.0,58.72727272727273,3,60,9.287925696594428,23,1,CR,1,0,1,1,1,0,0,Express,DADAR - SAWANTWADI RD Rajya Rani Exp,11003
646.0,740.0,52.37837837837838,3,60,9.287925696594428,18,0,CR,1,0,1,1,1,0,0,Express,SAWANTWADI RD - DADAR Rajya Rani Exp,11004
192.0,240.0,48.0,1,55,28.645833333333336,7,0,CR,1,0,0,0,0,1,0,Express,Deccan Express,11007
192.0,250.0,46.08,1,55,28.645833333333336,14,0,CR,1,0,0,0,0,1,0,Express,Sinhagad Express,11009
192.0,230.0,50.086956521739125,1,55,28.645833333333336,6,0,CR,1,0,0,0,0,1,0,Express,Sinhagad Express,11010
518.0,657.0,47.305936073059364,4,95,18.33976833976834,20,0,CR,1,1,1,1,1,0,0,Express,Mahalaxmi Express,11011
518.0,655.0,47.45038167938932,4,95,18.33976833976834,20,0,CR,1,1,1,1,1,0,0,Express,Mahalaxmi Express,11012
1518.0,1830.0,49.77049180327869,4,197,12.97760210803689,8,0,CR,1,1,1,1,1,0,0,Express,Coimbatore Mumbai LTT Express,11014
1680.0,1995.0,50.526315789473685,3,217,12.916666666666666,19,0,CR,1,0,1,1,1,0,0,Express,Kushinagar Express,11016
1205.0,1400.0,51.642857142857146,3,175,14.522821576763485,6,0,CR,1,0,1,1,1,0,0,Express,Chalukya Express,11018
1499.0,1985.0,45.30982367758186,0,246,16.410940627084724,19,0,ECR,1,0,0,0,0,0,0,Express,AMRITSAR - DARBHANGA Jan Nayak Exp,15212
33.0,55.0,36.0,0,19,57.57575757575757,7,0,SR,0,0,0,0,0,0,0,Passenger,Chennai Beach Tambaram EMU(12 Car),40013
231.0,450.0,30.8,0,44,19.047619047619047,12,0,SR,0,0,0,0,0,0,0,Passenger,Nagercoil Kottayam Passenger,56304
60.0,100.0,36.0,0,12,20.0,5,0,SR,1,0,0,0,0,0,0,Passenger,Kottayam Ernakulam Passenger,56386
60.0,100.0,36.0,0,12,20.0,17,0,SR,1,0,0,0,0,0,0,Passenger,Kottayam Ernakulam Passenger,56390
229.0,415.0,33.10843373493976,0,28,12.22707423580786,2,1,NWR,1,0,0,0,0,0,0,Passenger,Loharu - Jaipur Passenger Spl (MG),02082
229.0,400.0,34.35,0,28,12.22707423580786,23,1,NWR,1,0,0,0,0,0,0,Passenger,Jaipur-Loharu MG Passenger Special,02083
230.0,395.0,34.936708860759495,0,24,10.434782608695652,23,1,NWR,1,0,0,0,0,0,0,Passenger,Loharu - Jaipur Passenger Spl (MG),02084
198.0,320.0,37.125,0,23,11.616161616161616,16,0,NWR,1,0,0,0,0,0,0,Passenger,Jaipur - Churu Passenger Spl (MG),02085
198.0,350.0,33.94285714285714,0,23,11.616161616161616,5,0,NWR,1,0,0,0,0,0,0,Passenger,Churu - Jaipur Passenger Spl (MG),02086
198.0,435.0,27.310344827586206,0,23,11.616161616161616,20,0,NWR,1,0,0,0,0,0,0,Passenger,Jaipur - Churu Passenger Spl (MG),02087
198.0,310.0,38.32258064516129,0,23,11.616161616161616,3,1,NWR,1,0,0,0,0,0,0,Passenger,Churu - Jaipur Passenger Spl (MG),02088
90.0,150.0,36.0,0,9,10.0,11,0,NWR,1,0,0,0,0,0,0,Passenger,Sikar - Churu Passenger Spl (MG),02089
90.0,125.0,43.199999999999996,0,9,10.0,14,0,NWR,1,0,0,0,0,0,0,Passenger,Sikar - Churu Passenger Spl (MG),02090
229.0,415.0,33.10843373493976,0,28,12.22707423580786,7,0,NWR,1,0,0,0,0,0,0,Passenger,Jaipur Loharu Passenger,02093
46.0,100.0,27.599999999999998,0,3,6.521739130434782,11,0,NR,1,0,0,0,0,0,0,Passenger,Ratangarh-Sardarshahar Passenger,02411
46.0,100.0,27.599999999999998,0,3,6.521739130434782,13,0,NR,1,0,0,0,0,0,0,Passenger,Sardarshahr-Ratangarh Passenger Special,02412
246.0,345.0,42.78260869565217,0,20,8.130081300813009,2,1,NWR,1,0,0,0,0,0,0,Passenger,Sadulpur-Shri Ganganagar Passenger Special,02413
564.0,600.0,56.4,1,80,14.184397163120568,20,0,NR,1,0,0,1,0,0,0,Premium,Dibrugarh Guwahati Rajdhani Express,02423
564.0,655.0,51.66412213740458,1,80,14.184397163120568,18,0,NR,1,0,0,1,0,0,0,Premium,Guwahati Dibrugarh Rajdhani Express,02424
564.0,605.0,55.933884297520656,1,80,14.184397163120568,19,0,NR,1,0,0,1,0,0,0,Premium,Dibrugarh Guwahati Rajdhani Express,02435
564.0,640.0,52.875,1,80,14.184397163120568,19,0,NR,1,0,0,1,0,0,0,Premium,Guwahati Dibrugarh Rajdhani Express,02436
95.0,310.0,18.387096774193548,0,19,20.0,7,0,Unknown,1,0,0,0,0,0,0,Passenger,Kalka Shimla Holiday Special,02451
96.0,320.0,18.0,0,19,19.791666666666668,15,0,Unknown,1,0,0,0,0,0,0,Passenger,Shimla Kalka Holiday Special,02452
95.0,325.0,17.538461538461537,0,19,20.0,12,0,Unknown,1,0,0,0,0,0,0,Passenger,Kalka Shimla Holiday Special,02453
96.0,355.0,16.225352112676056,0,19,19.791666666666668,9,0,Unknown,1,0,0,0,0,0,0,Passenger,Shimla Kalka Holiday Special,02454
705.0,985.0,42.94416243654822,2,97,13.75886524822695,15,0,SWR,0,0,0,1,1,0,0,Superfast,Vasco da Gama Bangalore Link Express,02779
496.0,650.0,45.784615384615385,3,81,16.330645161290324,23,1,ECR,1,0,1,1,1,0,0,Express,Rajendra Nagar-Tatanagar Special,03283
496.0,660.0,45.09090909090909,3,81,16.330645161290324,11,0,ECR,1,0,1,1,1,0,0,Express,Tatanagar-Rajendra Nagar Special,03284
972.0,875.0,66.65142857142857,3,136,13.991769547325102,19,0,ECR,1,0,1,1,1,0,0,Superfast,Delhi Gaya S,03686
1361.0,1615.0,50.56346749226006,3,158,11.609110947832477,10,0,NR,1,0,1,1,1,0,0,Express,Sainagar Shirdi - H. Nizamuddin (Weekly) Special,04011
89.0,170.0,31.41176470588235,3,19,21.34831460674157,5,0,NR,1,0,1,1,1,0,0,Express,Delhi-Panipat Special,04031
89.0,150.0,35.6,3,19,21.34831460674157,18,0,NR,1,0,1,1,1,0,0,Express,Panipat Delhi Special,04032
633.0,755.0,50.3046357615894,1,89,14.06003159557662,23,1,NR,1,0,0,0,1,0,0,Express,Anand Vihar T.-Jammu Tawi Special,04053
633.0,730.0,52.02739726027397,1,89,14.06003159557662,17,0,NR,1,0,0,0,1,0,0,Express,Jammu Tawi-Anand Vihar Special,04054
1533.0,1695.0,54.26548672566372,2,194,12.654924983692107,10,0,NCR,1,0,0,1,1,0,0,Express,Allahabad - Mumbai LTT (Weekly) Special,04115
229.0,395.0,34.78481012658228,0,28,12.22707423580786,18,0,NWR,1,0,0,0,0,0,0,Express,Jaipur Luharu Special,02081
1533.0,1800.0,51.1,2,194,12.654924983692107,15,0,NCR,1,0,0,1,1,0,0,Express,Mumbai LTT-Allahabad Special,04116
493.0,575.0,51.44347826086956,3,79,16.024340770791078,22,1,NR,1,0,1,1,1,0,0,Express,Lucknow -New Delhi Special,04201
493.0,590.0,50.13559322033898,3,79,16.024340770791078,23,1,NR,1,0,1,1,1,0,0,Express,New Delhi-Lucknow tri-weekly Special,04202
770.0,850.0,54.35294117647059,3,111,14.415584415584416,20,0,NR,1,0,1,1,1,0,0,Express,Varanasi-Old Delhi Special,04203
1502.0,1620.0,55.629629629629626,3,187,12.45006657789614,5,0,CR,0,0,1,1,1,0,0,Express,Saket Express Slip,11067-Slip
624.0,890.0,42.067415730337075,4,67,10.737179487179487,18,0,NCR,1,1,1,1,1,0,0,Express,Varanasi-Gwalior Bundelkhand Express,11108
292.0,350.0,50.05714285714286,1,39,13.356164383561644,6,0,CR,1,0,0,0,0,1,0,Express,Jhansi-Lucknow Intercity Express,11109
292.0,365.0,48.0,1,39,13.356164383561644,16,0,CR,1,0,0,0,0,1,0,Express,Lucknow-Jhansi InterCity,11110
1055.0,1575.0,40.19047619047619,3,146,13.838862559241706,18,0,NCR,1,0,1,1,1,0,0,Express,Barauni-Gwalior Mail,11123
1055.0,1520.0,41.64473684210527,3,146,13.838862559241706,11,0,NCR,1,0,1,1,1,0,0,Express,Gwalior Barauni Mail,11124
562.0,730.0,46.19178082191781,3,39,6.93950177935943,20,0,CR,1,0,1,1,1,0,0,Express,Indore Gwalior Express,11125
562.0,740.0,45.567567567567565,3,39,6.93950177935943,19,0,CR,1,0,1,1,1,0,0,Express,Gwalior Indore Express,11126
959.0,1085.0,53.032258064516135,2,134,13.97288842544317,9,0,CR,1,0,0,1,1,0,0,Express,Prerna Express,11454
82.0,175.0,28.114285714285717,0,7,8.536585365853659,12,0,NWR,1,0,0,0,0,0,0,Passenger,BARI SADRI - MAVLI PASSENGER,52071
393.0,545.0,43.26605504587155,4,62,15.776081424936386,23,1,CR,0,1,1,1,1,0,0,Express,Chennai Salem Express Slip,11063-Slip
1880.0,2225.0,50.69662921348314,3,273,14.52127659574468,12,0,CR,1,0,1,1,1,0,0,Express,MUMBAI LTT - DARBHANGA Pawan Exp,11065
1880.0,2315.0,48.72570194384449,3,273,14.52127659574468,13,0,CR,1,0,1,1,1,0,0,Express,DARBHANGA - MUMBAI LTT Pawan Exp,11066
1505.0,1685.0,53.590504451038576,3,205,13.62126245847176,5,0,CR,1,0,1,1,1,0,0,Express,MUMBAI LTT - FAIZABAD Saket Exp,11067
1505.0,1805.0,50.02770083102493,3,200,13.289036544850498,15,0,CR,1,0,1,1,1,0,0,Express,FAIZABAD - MUMBAI LTT Saket Exp,11068
1511.0,1650.0,54.945454545454545,3,182,12.045003309066844,5,0,CR,1,0,1,1,1,0,0,Express,Tulsi Express,11069
1511.0,1765.0,51.36543909348442,3,182,12.045003309066844,16,0,CR,1,0,1,1,1,0,0,Express,Tulsi Express,11070
1640.0,1845.0,53.333333333333336,3,200,12.195121951219512,12,0,CR,1,0,1,1,1,0,0,Express,Kamayani Express,11071
1640.0,1875.0,52.48,3,200,12.195121951219512,15,0,CR,1,0,1,1,1,0,0,Express,Kamayani Express,11072
2177.0,2400.0,54.425,3,276,12.677997243913643,17,0,CR,1,0,1,1,1,0,0,Express,Jhelum Express,11077
2173.0,2450.0,53.21632653061224,3,274,12.609295904279797,21,0,CR,1,0,1,1,1,0,0,Express,Jhelum Express,11078
1066.0,1340.0,47.73134328358209,3,168,15.75984990619137,6,0,CR,1,0,1,1,1,0,0,Express,Veraval Pune Express,11087
1066.0,1250.0,51.168000000000006,3,168,15.75984990619137,19,0,CR,1,0,1,1,1,0,0,Express,Pune Veraval Express,11088
1094.0,1395.0,47.053763440860216,3,201,18.37294332723949,5,0,CR,1,0,1,1,1,0,0,Express,BHAGAT KI KOTHI - PUNE Exp,11089
1094.0,1305.0,50.298850574712645,3,201,18.37294332723949,19,0,CR,1,0,1,1,1,0,0,Express,PUNE - BHAGAT KI KOTHI Exp,11090
993.0,1245.0,47.855421686746986,3,173,17.421953675730112,8,0,CR,1,0,1,1,1,0,0,Express,BHUJ - PUNE Ahimsa Exp,11091
993.0,1170.0,50.92307692307692,3,173,17.421953675730112,19,0,CR,1,0,1,1,1,0,0,Express,PUNE - BHUJ Ahimsa Exp,11092
1533.0,1710.0,53.78947368421053,3,211,13.76386170906719,0,1,CR,1,0,1,1,1,0,0,Express,MUMBAI CST - VARANASI Mahanagari Exp,11093
1533.0,1610.0,57.130434782608695,3,202,13.176777560339204,11,0,CR,1,0,1,1,1,0,0,Express,VARANASI - MUMBAI CST Mahanagari Exp,11094
635.0,765.0,49.80392156862745,3,113,17.79527559055118,16,0,CR,1,0,1,1,1,0,0,Express,Ahimsa Express,11095
635.0,715.0,53.28671328671329,3,113,17.79527559055118,19,0,CR,1,0,1,1,1,0,0,Express,Ahimsa Express,11096
1326.0,1525.0,52.170491803278686,2,204,15.384615384615385,7,0,CR,1,0,0,1,1,0,0,Express,Pratham Swatantrata Sangram Express,11105
1326.0,1505.0,52.863787375415285,2,204,15.384615384615385,20,0,CR,1,0,0,1,1,0,0,Express,Pratham Swatantrata Sangram Express,11106
433.0,530.0,49.0188679245283,1,49,11.316397228637413,6,0,WCR,1,0,0,0,1,0,0,Express,AMBIKAPUR - JABALPUR Exp,11266
1139.0,1420.0,48.12676056338028,3,125,10.974539069359086,16,0,CR,1,0,1,1,1,0,0,Express,Nandigram Express,11401
1139.0,1420.0,48.12676056338028,3,125,10.974539069359086,6,0,CR,1,0,1,1,1,0,0,Express,Nandigram Express,11402
1038.0,1465.0,42.51194539249146,3,127,12.235067437379575,15,0,CR,1,0,1,1,1,0,0,Express,NAGPUR - KOLHAPUR EXP,11403
1038.0,1425.0,43.705263157894734,3,127,12.235067437379575,12,0,CR,1,0,1,1,1,0,0,Express,KOLHAPUR - NAGPUR EXP,11404
358.0,485.0,44.28865979381443,0,47,13.128491620111731,6,0,CR,1,0,0,0,0,0,0,Express,Solapur - Hubli Express,11423
357.0,495.0,43.27272727272727,0,47,13.165266106442578,15,0,CR,1,0,0,0,0,0,0,Express,Hubli Jn - Solapur Express,11424
1152.0,1665.0,41.513513513513516,3,206,17.881944444444446,0,1,WCR,1,0,1,1,1,0,0,Express,JABALPUR - KOL HOWRAH Shaktipunj Exp,11447
1152.0,1515.0,45.62376237623762,3,206,17.881944444444446,14,0,WCR,1,0,1,1,1,0,0,Express,HOWRAH - JABALPUR Shaktipunj Exp,11448
1509.0,1870.0,48.41711229946524,3,231,15.308151093439363,6,0,CR,1,0,1,1,1,0,0,Express,JABALPUR - SHRI MATA VAISHNO DEVI KATRA Express,11449
1509.0,1975.0,45.84303797468355,3,231,15.308151093439363,23,1,CR,1,0,1,1,1,0,0,Express,SHRI MATA VAISHNO DEVI KATRA - JABALPUR Express,11450
238.0,275.0,51.92727272727273,1,27,11.344537815126051,17,0,CR,1,0,0,0,0,1,0,Express,JABALPUR - REWA Intercity Exp,11451
238.0,265.0,53.886792452830186,1,27,11.344537815126051,6,0,CR,1,0,0,0,0,1,0,Express,REWA - JABALPUR Intercity Exp,11452
959.0,1190.0,48.352941176470594,2,134,13.97288842544317,16,0,CR,1,0,0,1,1,0,0,Express,Prerna Express,11453
1415.0,1770.0,47.96610169491525,3,180,12.720848056537102,9,0,CR,1,0,1,1,1,0,0,Express,Somnath-Jabalpur Express,11463
1415.0,1795.0,47.298050139275766,3,180,12.720848056537102,12,0,CR,1,0,1,1,1,0,0,Express,Jabalpur-Somnath Express,11464
555.0,715.0,46.57342657342657,4,62,11.17117117117117,17,0,CR,1,1,1,1,1,0,0,Express,Indore-Jabalpur Overnight Express,11471
555.0,690.0,48.26086956521739,4,62,11.17117117117117,23,1,CR,1,1,1,1,1,0,0,Express,Jabalpur-Indore Express,11472
511.0,390.0,78.61538461538461,1,74,14.481409001956946,15,0,NR,1,0,0,0,0,1,0,Premium,Lucknow-NewDelhi Swarn Shatabdi Express,12003
423.0,445.0,57.03370786516854,2,81,19.148936170212764,13,0,ER,1,1,0,0,0,1,0,Premium,Ranchi-Howrah Shatabdi Express,12020
398.0,415.0,57.54216867469879,1,69,17.33668341708543,6,0,ER,1,0,0,0,0,1,0,Premium,Barbil Janshatabdi,12021
398.0,425.0,56.188235294117646,1,69,17.33668341708543,13,0,ER,1,0,0,0,0,1,0,Premium,Barbil Howrah Janshatabdi,12022
961.0,1045.0,55.177033492822964,3,114,11.86264308012487,18,0,CR,1,0,1,1,1,0,0,Superfast,JABALPUR - DELHI H NIZAMUDDIN Mahakoshal SF Exp,12189
226.0,515.0,26.33009708737864,0,43,19.026548672566374,4,1,ER,1,0,0,0,0,0,0,Passenger,Bhagalpur Azimganj Passenger,53030
60.0,115.0,31.304347826086957,0,12,20.0,7,0,SR,1,0,0,0,0,0,0,Passenger,Ernakulam Kottayam Passenger,56385
1570.0,1970.0,47.817258883248726,3,231,14.713375796178344,9,0,WCR,1,0,1,1,1,0,0,Express,SOMNATH - JABALPUR Exp (via Bina),11465
1570.0,1915.0,49.19060052219321,3,228,14.522292993630574,10,0,CR,1,0,1,1,1,0,0,Express,JABALPUR - SOMNATH Exp (via Bina),11466
761.0,970.0,47.072164948453604,1,90,11.826544021024967,4,1,WCR,1,0,0,0,0,1,0,Express,INDORE - JABALPUR Intercity Exp,11702
701.0,470.0,89.48936170212767,2,87,12.410841654778888,6,0,NR,1,1,0,0,0,1,0,Premium,New Delhi-Bhopal Shatabdi Express,12002
511.0,375.0,81.76,1,74,14.481409001956946,6,0,NR,1,0,0,0,0,1,0,Superfast,NewDelh-Lucknowi Swarn Shatabdi Express,12004
303.0,245.0,74.20408163265307,2,43,14.191419141914192,17,0,NR,1,1,0,0,0,1,0,Premium,New Delhi-Kalka Shatabdi,12005
303.0,250.0,72.72,1,43,14.191419141914192,6,0,NR,1,0,0,0,0,1,0,Premium,Kalka-New Delhi Shatabdi,12006
500.0,430.0,69.76744186046511,2,101,20.2,14,0,SR,1,1,0,0,0,1,0,Premium,MYSORE - CHENNAI CENT Shatabdi Express,12008
491.0,405.0,72.74074074074075,2,99,20.162932790224033,6,0,WR,1,1,0,0,0,1,0,Premium,Mumbai-Ahmedabad Shatabdi Express,12009
491.0,425.0,69.31764705882354,2,99,20.162932790224033,14,0,WR,1,1,0,0,0,1,0,Premium,Ahmedabad-Mumbai Central Shatabdi,12010
303.0,245.0,74.20408163265307,1,43,14.191419141914192,7,0,NR,1,0,0,0,0,1,0,Premium,Kalka Shatabdi Express,12011
303.0,250.0,72.72,1,43,14.191419141914192,17,0,NR,1,0,0,0,0,1,0,Premium,Kalka-New Delhi Shatabdi,12012
448.0,365.0,73.64383561643837,2,69,15.401785714285714,16,0,NR,1,1,0,0,0,1,0,Premium,New Delhi-Amritsar Shatabdi Express,12013
448.0,375.0,71.68,2,69,15.401785714285714,5,0,NR,1,1,0,0,0,1,0,Premium,Amritsar-NewDelhi Shatabdi,12014
443.0,395.0,67.29113924050633,2,72,16.252821670428894,6,0,NR,1,1,0,0,0,1,0,Premium,New Delhi-Ajmer Shatabdi,12015
443.0,410.0,64.82926829268293,2,72,16.252821670428894,15,0,NR,1,1,0,0,0,1,0,Premium,Ajmer-New Delhi Shatabdi,12016
315.0,350.0,54.0,2,49,15.555555555555555,6,0,NR,1,1,0,0,0,1,0,Premium,New Delhi-Dehradun Shatabdi,12017
315.0,345.0,54.78260869565217,2,49,15.555555555555555,17,0,NR,1,1,0,0,0,1,0,Premium,Dehradun-New Delhi Shatabdi,12018
532.0,490.0,65.14285714285715,1,96,18.045112781954888,14,0,ECR,1,0,0,0,0,1,0,Premium,Howrah-Patna Jan Shatabdi,12023
532.0,460.0,69.39130434782608,1,96,18.045112781954888,5,0,ECR,1,0,0,0,0,1,0,Premium,Patna-Howrah Jan Shatabdi,12024
597.0,500.0,71.64,1,83,13.90284757118928,5,0,CR,1,0,0,0,0,1,0,Premium,Pune-Secunderabad Shatabdi Express,12025
597.0,500.0,71.64,2,83,13.90284757118928,14,0,CR,1,1,0,0,0,1,0,Premium,Secunderabad-Pune Shatabdi,12026
362.0,300.0,72.4,1,75,20.718232044198896,6,0,SWR,1,0,0,0,0,1,0,Premium,BANGALORE CITY - CHENNAI CENT Shatabdi Exp,12028
448.0,365.0,73.64383561643837,2,69,15.401785714285714,7,0,NR,1,1,0,0,0,1,0,Premium,New Delhi-Amritsar Swarna Shatabdi Express,12029
448.0,365.0,73.64383561643837,2,69,15.401785714285714,7,0,NR,1,1,0,0,0,1,0,Premium,Amritsar Shatabdi Express,12031
448.0,370.0,72.64864864864865,2,69,15.401785714285714,16,0,NR,1,1,0,0,0,1,0,Premium,Amritsar Shatabdi Express,12032
437.0,310.0,84.58064516129032,2,61,13.958810068649885,6,0,NCR,1,1,0,0,0,1,0,Premium,Kanpur Shatabdi,12033
437.0,295.0,88.88135593220339,2,61,13.958810068649885,15,0,NCR,1,1,0,0,0,1,0,Premium,New Delhi-Kanpur Shatabdi Express,12034
329.0,320.0,61.6875,1,53,16.109422492401215,7,0,NR,1,0,0,0,0,1,0,Premium,New Delhi-Ludhiana Shatabdi Express,12037
329.0,325.0,60.738461538461536,1,53,16.109422492401215,16,0,NR,1,0,0,0,0,1,0,Premium,Ludhiana-New Delhi Shatabdi Express,12038
765.0,540.0,85.0,1,68,8.88888888888889,5,0,KR,1,0,0,0,0,1,0,Premium,DADAR - MADGAON Jan Shatabdi Exp,12051
765.0,530.0,86.60377358490565,1,68,8.88888888888889,14,0,KR,1,0,0,0,0,1,0,Premium,MADGAON - DADAR Jan Shatabdi Exp,12052
407.0,440.0,55.5,1,60,14.74201474201474,14,0,NR,1,0,0,0,0,1,0,Premium,Haridwar Amritsar Jan Shatabdi Express,12053
407.0,415.0,58.8433734939759,1,60,14.74201474201474,7,0,NR,1,0,0,0,0,1,0,Premium,Amritsar Haridwar Jan Shatabdi,12054
303.0,355.0,51.2112676056338,1,48,15.841584158415843,15,0,NR,1,0,0,0,0,1,0,Premium,Dehradun Jan Shatabdi Express,12055
458.0,395.0,69.56962025316456,1,56,12.22707423580786,5,0,WCR,1,0,0,0,0,1,0,Premium,Kota-Hazrat Nizamuddin Jan Shatabdi,12059
458.0,380.0,72.31578947368422,1,56,12.22707423580786,13,0,WCR,1,0,0,0,0,1,0,Premium,Hazarat Nizamuddin-Kota Jan Shatabdi,12060
368.0,455.0,48.52747252747253,0,46,12.5,14,0,NR,1,0,0,0,0,0,0,Premium,Haridwar Chandigarh Una Link Jan Shatabdi Express,12063
368.0,535.0,41.27102803738318,0,46,12.5,5,0,NR,1,0,0,0,0,0,0,Premium,Una Chandigarh Haridwar Link Jan Shatabdi,12064
376.0,400.0,56.4,1,51,13.563829787234043,6,0,NFR,1,0,0,0,0,1,0,Premium,Guwahati Jorhat Jan Shatabdi,12067
362.0,395.0,54.9873417721519,1,66,18.23204419889503,14,0,SR,1,0,0,0,0,1,0,Premium,Mayiladuturai-Coimbatore Jan Shatabdi,12083
1410.0,1365.0,61.97802197802198,3,177,12.553191489361703,16,0,CR,1,0,1,1,1,0,0,Superfast,Mumbai LTT Lucknow Superfast Express,12107
1409.0,1440.0,58.708333333333336,3,177,12.562100780695529,22,1,CR,1,0,1,1,1,0,0,Superfast,Lucknow Mumbai LTT Superfast Express,12108
261.0,275.0,56.94545454545455,1,50,19.157088122605366,6,0,CR,1,0,0,0,0,1,0,Superfast,Panchavati Express,12110
245.0,265.0,55.471698113207545,1,39,15.918367346938775,8,0,CR,1,0,0,0,0,1,0,Superfast,Manmad-Mumbai LTT Express,12118
60.0,115.0,31.304347826086957,0,12,20.0,20,0,SR,1,0,0,0,0,0,0,Passenger,Ernakulam Kottayam Passenger,56389
305.0,365.0,50.136986301369866,1,48,15.737704918032788,5,0,NR,1,0,0,0,0,1,0,Premium,Dehradun Jan Shatabdi Express,12056
410.0,455.0,54.065934065934066,1,55,13.414634146341465,14,0,NR,1,0,0,0,0,1,0,Premium,New Delhi-Una Janshatabdi,12057
410.0,420.0,58.57142857142857,1,55,13.414634146341465,5,0,NR,1,0,0,0,0,1,0,Premium,Una-New Delhi Janshatabdi,12058
331.0,315.0,63.04761904761905,1,35,10.574018126888218,17,0,WCR,1,0,0,0,0,1,0,Premium,HabibGanj Bhopal-Jabalpur Jan Shatabdi,12061
331.0,335.0,59.28358208955224,1,35,10.574018126888218,6,0,WCR,1,0,0,0,0,1,0,Premium,Jabalpur-HabibGanj Bhopal Jan Shatabdi,12062
376.0,410.0,55.02439024390244,1,51,13.563829787234043,13,0,NFR,1,0,0,0,0,1,0,Premium,Jorhat Guwahati Jan Shatabdi,12068
414.0,420.0,59.142857142857146,1,56,13.52657004830918,6,0,SECR,1,0,0,0,0,1,0,Premium,Raigarh-Gondia Jan Shatabdi,12069
414.0,420.0,59.142857142857146,1,56,13.52657004830918,15,0,SECR,1,0,0,0,0,1,0,Premium,Gondia-Raigarh Jan Shatabdi,12070
374.0,405.0,55.407407407407405,1,59,15.775401069518715,6,0,SCR,1,0,0,0,0,1,0,Premium,Aurangabad Mumbai Jan Shatabdi,12072
439.0,390.0,67.53846153846153,1,89,20.273348519362187,6,0,ECoR,1,0,0,0,0,1,0,Premium,Bhubaneswar-Howrah Jan Shatabdi Express,12074
399.0,435.0,55.03448275862069,1,80,20.050125313283207,13,0,SR,1,0,0,0,0,1,0,Premium,Kozhikode-Trivandrum Jan Shatabdi Express,12075
399.0,420.0,57.0,1,80,20.050125313283207,6,0,SR,1,0,0,0,0,1,0,Premium,Trivandrum-Kozhikode Jan Shatabdi Express,12076
431.0,395.0,65.46835443037975,1,72,16.705336426914155,14,0,SR,1,0,0,0,0,1,0,Premium,Vijayawada Chennai Jan Shatabdi,12078
469.0,445.0,63.235955056179776,1,63,13.432835820895521,6,0,SWR,1,0,0,0,0,1,0,Premium,Bangalore City-Hubli Jan Shatabdi,12079
469.0,445.0,63.235955056179776,1,63,13.432835820895521,14,0,SWR,1,0,0,0,0,1,0,Premium,Hubli Bangalore Janshatabdi,12080
413.0,450.0,55.06666666666667,1,78,18.886198547215496,6,0,SR,1,0,0,0,0,1,0,Premium,Kozhikode - Trivandrum Jan Shatabdi,12081
413.0,465.0,53.29032258064516,1,78,18.886198547215496,14,0,SR,1,0,0,0,0,1,0,Premium,Trivandrum-Kozhikode Jan Shatabdi,12082
1952.0,1860.0,62.96774193548387,4,298,15.26639344262295,20,0,CR,1,1,1,1,1,0,0,Superfast,MUMBAI LTT - HOWRAH Janeswari Super Deluxe Exp,12101
1952.0,1850.0,63.30810810810811,4,298,15.26639344262295,22,1,CR,1,1,1,1,1,0,0,Superfast,HOWRAH - MUMBAI LTT Janeswari Super Deluxe Exp,12102
1478.0,1495.0,59.31772575250836,3,173,11.705006765899865,16,0,CR,1,0,1,1,1,0,0,Superfast,Pune Lucknow Jn SuperFast Express,12103
1477.0,1535.0,57.732899022801305,3,173,11.71293161814489,6,0,CR,1,0,1,1,1,0,0,Superfast,Lucknow Jn - Pune Express,12104
968.0,960.0,60.5,4,133,13.739669421487603,19,0,CR,1,1,1,1,1,0,0,Superfast,Vidarbha Express,12105
968.0,955.0,60.81675392670157,4,133,13.739669421487603,14,0,CR,1,1,1,1,1,0,0,Superfast,Vidarbha Express,12106
261.0,275.0,56.94545454545455,1,50,19.157088122605366,18,0,CR,1,0,0,0,0,1,0,Superfast,Panchavati Express,12109
673.0,730.0,55.31506849315069,4,96,14.26448736998514,20,0,CR,1,1,1,1,1,0,0,Superfast,Mumbai CST-Amaravati SF Express,12111
673.0,690.0,58.52173913043478,4,96,14.26448736998514,19,0,CR,1,1,1,1,1,0,0,Superfast,Amaravati-Mumbai CST Express,12112
890.0,945.0,56.507936507936506,1,100,11.235955056179774,17,0,CR,1,0,0,1,0,0,0,Express,Pune-Nagpur Garib Rath Express,12113
890.0,910.0,58.681318681318686,1,101,11.348314606741573,18,0,CR,1,0,0,1,0,0,0,Express,Nagpur-Pune Garib Rath,12114
455.0,495.0,55.15151515151515,4,88,19.340659340659343,22,1,CR,1,1,1,1,1,0,0,Superfast,Siddheshwar Express,12115
455.0,495.0,55.15151515151515,4,87,19.12087912087912,22,1,CR,1,1,1,1,1,0,0,Superfast,Siddheshwar Express,12116
245.0,265.0,55.471698113207545,1,39,15.918367346938775,15,0,CR,1,0,0,0,0,1,0,Superfast,Mumbai LTT- Manmad Express,12117
184.0,200.0,55.199999999999996,1,23,12.5,5,0,CR,1,0,0,0,0,1,0,Superfast,Amaravati Nagpur Express,12119
184.0,200.0,55.199999999999996,1,23,12.5,18,0,CR,1,0,0,0,0,1,0,Superfast,Nagpur Amravati Express,12120
909.0,875.0,62.33142857142857,4,115,12.651265126512651,17,0,WCR,1,1,1,1,1,0,0,Premium,DELHI H NIZAMUDDIN - JABALPUR S Kranti Exp,12122
890.0,945.0,56.507936507936506,3,101,11.348314606741573,17,0,CR,1,0,1,1,1,0,0,Superfast,Pune -Nagpur SuperFast Express,12135
890.0,910.0,58.681318681318686,3,101,11.348314606741573,18,0,CR,1,0,1,1,1,0,0,Superfast,Nagpur Pune Express,12136
1930.0,2040.0,56.76470588235294,4,264,13.678756476683937,19,0,CR,1,1,1,1,1,0,0,Superfast,Punjab Mail,12137
1930.0,2035.0,56.90417690417691,4,264,13.678756476683937,21,0,CR,1,1,1,1,1,0,0,Superfast,Punjab Mail,12138
838.0,910.0,55.252747252747255,3,116,13.842482100238662,15,0,CR,1,0,1,1,1,0,0,Superfast,Sevagram Express,12139
838.0,910.0,55.252747252747255,3,116,13.842482100238662,15,0,CR,1,0,1,1,1,0,0,Superfast,Sewagram Express Slip,12139-Slip
838.0,900.0,55.86666666666667,3,116,13.842482100238662,21,0,CR,1,0,1,1,1,0,0,Superfast,Sevagram Express,12140
1550.0,1625.0,57.23076923076923,3,193,12.451612903225806,16,0,CR,1,0,1,1,1,0,0,Superfast,LTT Sultanpur Superfast Weekly Express,12143
1550.0,1695.0,54.86725663716814,3,193,12.451612903225806,23,1,CR,1,0,1,1,1,0,0,Superfast,Sultanpur-LTT Weekly SF Express,12144
1915.0,2060.0,55.77669902912621,3,225,11.74934725848564,6,0,CR,1,0,1,1,1,0,0,Superfast,Nizamuddin-Kolhapur Express,12148
1334.0,1230.0,65.07317073170732,3,165,12.368815592203898,16,0,CR,1,0,1,1,1,0,0,Superfast,Lashkar Superfast Express,12161
1334.0,1375.0,58.21090909090909,3,165,12.368815592203898,23,1,CR,1,0,1,1,1,0,0,Superfast,Lashkar Express,12162
150.0,210.0,42.857142857142854,0,23,15.333333333333334,17,0,NCR,1,0,0,0,0,0,0,Passenger,Agra Fort Bandikui Pass,51817
192.0,195.0,59.07692307692308,1,55,28.645833333333336,17,0,CR,1,0,0,0,0,1,0,Superfast,Deccan Queen SF Express,12123
192.0,190.0,60.631578947368425,1,55,28.645833333333336,7,0,CR,1,0,0,0,0,1,0,Superfast,Deccan Queen SF Express,12124
192.0,208.0,55.38461538461538,1,55,28.645833333333336,16,0,CR,1,0,0,0,0,1,0,Superfast,Pragati Superfast Express,12125
192.0,200.0,57.599999999999994,1,55,28.645833333333336,7,0,CR,1,0,0,0,0,1,0,Superfast,Pragati Superfast Express,12126
192.0,187.0,61.60427807486631,1,55,28.645833333333336,6,0,CR,1,0,0,0,0,1,0,Superfast,MumbaiCST-Pune SF InterCity,12127
192.0,185.0,62.27027027027027,1,55,28.645833333333336,17,0,CR,1,0,0,0,0,1,0,Superfast,Pune-MumbaiCST Intercity Express,12128
2020.0,2005.0,60.44887780548629,3,295,14.603960396039604,18,0,CR,1,0,1,1,1,0,0,Superfast,PUNE - HOWRAH Azad Hind SF Exp,12129
2020.0,1975.0,61.367088607594944,3,296,14.653465346534654,21,0,CR,1,0,1,1,1,0,0,Superfast,HOWRAH - PUNE Azad Hind SF Exp,12130
336.0,366.0,55.08196721311476,3,50,14.880952380952381,21,0,CR,1,0,1,1,1,0,0,Superfast,Mumbai Dadar-Sainagar Shirdi Express,12131
336.0,365.0,55.23287671232877,3,50,14.880952380952381,10,0,CR,1,0,1,1,1,0,0,Superfast,Sainagar Shirdi-Mumbai Dadar Express,12132
1195.0,850.0,84.3529411764706,3,103,8.619246861924687,22,1,CR,1,0,1,1,1,0,0,Superfast,MUMBAI CST - MANGALORE Exp,12133
1195.0,865.0,82.89017341040463,3,103,8.619246861924687,14,0,CR,1,0,1,1,1,0,0,Superfast,MANGALORE - MUMBAI CST Exp,12134
1714.0,1755.0,58.598290598290596,3,247,14.41073512252042,23,1,CR,1,0,1,1,1,0,0,Superfast,MUMBAI LTT - PATLIPUTRA SF Exp,12141
1818.0,1975.0,55.230379746835446,3,257,14.136413641364136,20,0,CR,1,0,1,1,1,0,0,Superfast,MUMBAI LTT - PURI SF Exp,12145
1915.0,1920.0,59.84375,3,225,11.74934725848564,9,0,CR,1,0,1,1,1,0,0,Superfast,Kolhapur-Nizamuddin Express,12147
1781.0,1865.0,57.297587131367294,3,247,13.868613138686133,20,0,CR,1,0,1,1,1,0,0,Superfast,PUNE - PATLIPUTRA SF Exp,12149
1780.0,1835.0,58.2016348773842,3,246,13.820224719101123,22,1,CR,1,0,1,1,1,0,0,Superfast,PATLIPUTRA - PUNE SF Exp,12150
2082.0,2150.0,58.10232558139535,4,308,14.793467819404418,20,0,CR,1,1,1,1,1,0,0,Superfast,MUMBAI LTT - HOWRAH Samarsata SF Exp,12151
2082.0,2055.0,60.78832116788321,4,308,14.793467819404418,21,0,CR,1,1,1,1,1,0,0,Superfast,HOWRAH - MUMBAI LTT Samarsata SF Exp,12152
822.0,785.0,62.828025477707,3,106,12.89537712895377,16,0,CR,1,0,1,1,1,0,0,Superfast,Lokmanya Tilak (T) Habibganj Express,12153
822.0,790.0,62.43037974683545,3,106,12.89537712895377,18,0,CR,1,0,1,1,1,0,0,Superfast,Habibganj LTT Superfast Express,12154
700.0,660.0,63.63636363636363,4,84,12.0,21,0,WCR,1,1,1,1,1,0,0,Superfast,Shaan-e-Bhopal Express,12155
700.0,605.0,69.42148760330578,4,84,12.0,21,0,WCR,1,1,1,1,1,0,0,Superfast,Shaan E Bhopal SF Express,12156
264.0,240.0,66.0,1,34,12.878787878787879,18,0,CR,1,0,0,0,0,1,0,Superfast,Hutatma Express,12157
264.0,240.0,66.0,1,34,12.878787878787879,6,0,CR,1,0,0,0,0,1,0,Superfast,Hutatma Express,12158
726.0,780.0,55.84615384615385,3,80,11.019283746556475,17,0,CR,1,0,1,1,1,0,0,Superfast,Amravati -Jabalpur Express,12159
726.0,780.0,55.84615384615385,3,80,11.019283746556475,20,0,CR,1,0,1,1,1,0,0,Superfast,Jabalpur - Amravati Express,12160
1483.0,1515.0,58.73267326732673,3,197,13.283884018880647,20,0,CR,1,0,1,1,1,0,0,Superfast,VARANASI - MUMBAI LTT Ratnagiri SF Exp,12166
1480.0,1635.0,54.31192660550459,2,198,13.378378378378377,0,1,CR,1,0,0,1,1,0,0,Superfast,MUMBAI LTT - VARANASI SF Exp,12167
1480.0,1565.0,56.74121405750799,2,198,13.378378378378377,10,0,CR,1,0,0,1,1,0,0,Superfast,VARANASI - MUMBAI LTT SF Exp,12168
264.0,240.0,66.0,1,34,12.878787878787879,9,0,CR,1,0,0,0,0,1,0,Superfast,Pune Solapur InterCity Express,12169
264.0,245.0,64.6530612244898,1,34,12.878787878787879,14,0,CR,1,0,0,0,0,1,0,Superfast,Solapur Pune Intercity Express,12170
1772.0,1760.0,60.409090909090914,3,229,12.923250564334086,7,0,CR,1,1,1,1,0,0,0,Superfast,Mumbai LTT -Haridwar AC Express,12171
1772.0,1745.0,60.92836676217765,3,229,12.923250564334086,18,0,CR,1,1,1,1,0,0,0,Superfast,Haridwar-Mumbai LTT AC Express,12172
1583.0,1590.0,59.735849056603776,3,202,12.760581174984207,16,0,CR,1,0,1,1,1,0,0,Superfast,Udyog Nagri Express,12173
1583.0,1705.0,55.70674486803519,3,202,12.760581174984207,1,1,CR,1,0,1,1,1,0,0,Superfast,Udyog Nagri Express,12174
1475.0,1605.0,55.14018691588785,3,199,13.491525423728813,17,0,NCR,1,0,1,1,1,0,0,Superfast,Chambal Express,12177
1475.0,1585.0,55.83596214511041,3,200,13.559322033898304,4,1,NCR,1,0,1,1,1,0,0,Superfast,Chambal Express,12178
758.0,820.0,55.463414634146346,3,96,12.664907651715039,19,0,CR,1,0,1,1,1,0,0,Superfast,Bhopal Partapgarh Express,12183
756.0,820.0,55.31707317073171,3,96,12.6984126984127,19,0,CR,1,0,1,1,1,0,0,Superfast,Pratapgarh-Bhopal Express,12184
554.0,600.0,55.4,4,69,12.454873646209386,22,1,CR,1,1,1,1,1,0,0,Superfast,BHOPAL HABIBGANJ - REWA Rewanchal Exp,12185
554.0,600.0,55.4,4,69,12.454873646209386,20,0,CR,1,1,1,1,1,0,0,Superfast,REWA - BHOPAL HABIBGANJ Rewanchal Exp,12186
997.0,1005.0,59.52238805970149,1,135,13.540621865596789,19,0,WCR,1,0,0,1,0,0,0,Express,Jabalpur-CST Garib Rath Express,12187
997.0,990.0,60.42424242424242,1,135,13.540621865596789,13,0,WCR,1,0,0,1,0,0,0,Express,Mumbai-Jabalpur Garib Rath Express,12188
756.0,820.0,55.31707317073171,3,96,12.6984126984127,19,0,CR,1,0,1,1,1,0,0,Superfast,Partapgarh Bhopal SuperFast Express,12194
376.0,395.0,57.11392405063292,1,55,14.627659574468085,5,0,CR,1,0,0,0,0,1,0,Superfast,Agra Fort - Ajmer Express,12195
376.0,380.0,59.36842105263158,1,55,14.627659574468085,15,0,NCR,1,0,0,0,0,1,0,Superfast,Ajmer-Agra Fort Express,12196
50.0,125.0,24.0,0,12,24.0,9,0,ER,1,0,0,0,0,0,0,Passenger,Bhagalpur Mandar Hill Passenger,53444
1303.0,1420.0,55.05633802816901,3,179,13.737528779739064,7,0,CR,1,0,1,1,1,0,0,Superfast,Chambal Express,12176
330.0,350.0,56.57142857142858,1,48,14.545454545454547,15,0,NCR,1,0,0,0,0,1,0,Superfast,Lucknow Agra Intercity SF Express,12179
330.0,335.0,59.104477611940304,1,48,14.545454545454547,6,0,NCR,1,0,0,0,0,1,0,Superfast,Agra Lucknow Intercity SF Express,12180
961.0,1045.0,55.177033492822964,3,116,12.070759625390219,16,0,CR,1,0,1,1,1,0,0,Superfast,DELHI H NIZAMUDDIN - JABALPUR Mahakoshal SF Exp,12190
1038.0,1030.0,60.46601941747572,4,122,11.753371868978805,14,0,WCR,1,1,1,1,1,0,0,Superfast,Shridham Express,12191
1038.0,1075.0,57.93488372093023,4,122,11.753371868978805,17,0,WCR,1,1,1,1,1,0,0,Superfast,Jabalpur-New Delhi Superfast Express,12192
485.0,505.0,57.62376237623763,0,36,7.422680412371134,15,0,CR,1,0,0,0,0,0,0,Superfast,Bhopal Gwalior InterCity Express,12197
485.0,525.0,55.42857142857143,0,36,7.422680412371134,6,0,CR,1,0,0,0,0,0,0,Superfast,Gwalior Bhopal InterCity Express,12198
1812.0,1655.0,65.69184290030212,2,211,11.644591611479028,16,0,SR,1,0,0,1,0,1,0,Express,MUMBAI LTT - KOCHUVELI Garib Rath Exp,12201
1812.0,1615.0,67.3188854489164,2,211,11.644591611479028,8,0,SR,1,0,0,1,0,1,0,Express,KOCHUVELI - MUMBAI LTT Garib Rath Exp,12202
1723.0,1785.0,57.91596638655462,2,259,15.031921067904817,15,0,NR,1,0,0,1,0,1,0,Express,Saharsa Amritsar Garib Rath,12203
1723.0,1770.0,58.40677966101695,2,258,14.973882762623331,4,1,NR,1,0,0,1,0,1,0,Express,Amritsar Saharsa Garib Rath,12204
303.0,345.0,52.69565217391305,3,48,15.841584158415843,23,1,NR,1,1,1,1,0,0,0,Superfast,New Delhi-Dehradun AC Express,12205
303.0,340.0,53.470588235294116,3,48,15.841584158415843,23,1,NR,1,1,1,1,0,0,0,Superfast,Dehradun-NewDelhi AC Express,12206
769.0,910.0,50.70329670329671,1,105,13.65409622886866,18,0,NR,1,0,0,1,0,0,0,Express,Kathgodam-Jammu Garib Rath Express,12207
769.0,890.0,51.84269662921348,1,105,13.65409622886866,23,1,NR,1,0,0,1,0,0,0,Express,Jammu-Kathgodam Garib Rath Express,12208
459.0,530.0,51.96226415094339,1,65,14.161220043572985,6,0,NCR,1,0,0,1,0,0,0,Express,Kanpur-Kathgodam Garib Rath,12209
459.0,600.0,45.9,1,65,14.161220043572985,18,0,NCR,1,0,0,1,0,0,0,Express,Kathgodam-Kanpur Garib Rath,12210
1060.0,1270.0,50.07874015748031,1,154,14.528301886792454,15,0,ECR,1,0,0,1,0,0,0,Express,Muzaffarpur-Anand Vihar(T) Garib Rath Exp.,12211
1060.0,1245.0,51.08433734939759,1,154,14.528301886792454,21,0,NR,1,0,0,1,0,0,0,Express,Anand Vihar T.- Muzaffarpur Garib Rath,12212
2314.0,1870.0,74.24598930481284,3,282,12.186689714779602,23,1,NR,1,1,1,1,0,0,0,Premium,Yeswantpur-Delhi Sarai Rohilla AC Duronto Express,12213
2314.0,1950.0,71.2,3,282,12.186689714779602,23,1,NR,1,1,1,1,0,0,0,Premium,Delhi Sarai Rohilla-Yesvantpur AC Duronto Express,12214
1431.0,1370.0,62.67153284671533,1,240,16.771488469601678,9,0,NR,1,0,0,1,0,0,0,Express,Delhi Sarai Rohilla-Mumbai BandraT Garib Rath,12215
1431.0,1405.0,61.11032028469751,1,240,16.771488469601678,12,0,NR,1,0,0,1,0,0,0,Express,Mumbai Bandra T. - Delhi Sarai Rohilla Garib Rath,12216
3415.0,3275.0,62.5648854961832,4,456,13.35285505124451,9,0,NR,1,1,1,1,1,0,0,Premium,KOCHUVELI - CHANDIGARH Kerala Sampark Kranti Exp,12217
3415.0,3230.0,63.43653250773993,4,456,13.35285505124451,9,0,NR,1,1,1,1,1,0,0,Premium,CHANDIGARH - KOCHUVELI Kerala Sampark Kranti Exp,12218
773.0,720.0,64.41666666666667,3,126,16.30012936610608,23,1,SCR,1,1,1,1,0,0,0,Premium,Lokmanya Tilak (T)-Secunderabad AC Duronto Express,12219
773.0,720.0,64.41666666666667,3,126,16.30012936610608,23,1,SCR,1,1,1,1,0,0,0,Premium,Secunderabad-Mumbai LTT AC Duronto Express,12220
2020.0,1635.0,74.12844036697248,3,296,14.653465346534654,8,0,SER,1,1,1,1,0,0,0,Premium,HOWRAH - PUNE AC Duronto Exp,12222
1599.0,1255.0,76.44621513944223,3,174,10.881801125703564,20,0,CR,1,1,1,1,0,0,0,Premium,MUM LTT - ERNAKULAM AC Duronto,12223
1598.0,1245.0,77.01204819277109,3,175,10.951188986232792,21,0,SR,1,1,1,1,0,0,0,Premium,ERNAKULAM - MUM LTT AC Duronto,12224
803.0,870.0,55.37931034482759,4,109,13.574097135740972,16,0,NER,1,1,1,1,1,0,0,Superfast,Kaifiat Express,12225
803.0,850.0,56.682352941176475,4,110,13.698630136986303,19,0,NER,1,1,1,1,1,0,0,Superfast,Kaifiat Express,12226
829.0,770.0,64.59740259740259,3,134,16.164053075995177,23,1,WR,1,1,1,1,0,0,0,Premium,Indore- Mumbai Central Duronto Express,12228
493.0,520.0,56.88461538461539,4,79,16.024340770791078,22,1,NR,1,1,1,1,1,0,0,Superfast,Lucknow Mail,12229
493.0,515.0,57.43689320388349,4,79,16.024340770791078,22,1,NR,1,1,1,1,1,0,0,Superfast,Lucknow Mail,12230
667.0,685.0,58.42335766423358,3,95,14.24287856071964,22,1,NR,1,0,1,1,1,0,0,Superfast,Lucknow-Chandigarh Express,12231
667.0,705.0,56.765957446808514,3,95,14.24287856071964,20,0,NR,1,0,1,1,1,0,0,Superfast,Chandigarh - Lucknow Sadhbhavna SF Express,12232
493.0,480.0,61.625,3,79,16.024340770791078,23,1,NR,1,1,1,1,0,0,0,Superfast,Lucknow New Delhi AC Express,12233
1159.0,880.0,79.02272727272728,3,168,14.49525452976704,23,1,WR,1,1,1,1,0,0,0,Premium,Mumbai Central Jaipur AC Duronto Express,12239
1453.0,980.0,88.9591836734694,3,222,15.278733654507915,20,0,ER,1,1,1,1,0,0,0,Premium,New Delhi-Sealdah AC Duronto Express,12260
493.0,480.0,61.625,3,79,16.024340770791078,23,1,NR,1,1,1,1,0,0,0,Premium,Lucknow-New Delhi AC Duronto Express,12271
1446.0,1025.0,84.6439024390244,4,218,15.076071922544951,13,0,ER,1,1,1,1,1,0,0,Premium,Howrah-New Delhi Duronto Express,12273
1441.0,1020.0,84.76470588235294,4,218,15.128383067314365,13,0,ER,1,1,1,1,1,0,0,Premium,New Delhi-Howrah Duronto Express,12274
33.0,55.0,36.0,0,19,57.57575757575757,9,0,Unknown,0,0,0,0,0,0,0,Passenger,Chennai Beach TambaramEMU (12 car),40029
96.0,175.0,32.91428571428572,0,14,14.583333333333334,7,0,SR,1,0,0,0,0,0,0,Passenger,Kollam Kottayam Passenger,56394
493.0,460.0,64.30434782608695,3,79,16.024340770791078,23,1,NR,1,1,1,1,0,0,0,Superfast,NewDelhi-Lucknow AC Express,12234
2453.0,2550.0,57.71764705882353,3,338,13.77904606604158,19,0,NR,1,1,1,1,0,0,0,Premium,DIBRUGARH - NEW DELHI Rajdhani Exp,12235
2474.0,2655.0,55.909604519774014,3,337,13.621665319320938,9,0,NR,1,1,1,1,0,0,0,Premium,NEW DELHI - DIBRUGARH Rajdhani Exp,12236
1261.0,1355.0,55.837638376383765,2,177,14.036478984932593,12,0,NR,1,0,0,1,1,0,0,Superfast,Varanasi-Jammu Tawi SF Express,12237
1261.0,1380.0,54.82608695652174,2,177,14.036478984932593,14,0,NR,1,0,0,1,1,0,0,Superfast,Jammu-Varanasi SF Express,12238
267.0,255.0,62.8235294117647,1,35,13.108614232209739,19,0,NR,1,0,0,0,0,1,0,Premium,Chandigarh-Amritsar Duronto Express,12241
267.0,245.0,65.38775510204083,1,35,13.108614232209739,5,0,NR,1,0,0,0,0,1,0,Premium,Amritsar-Chandigarh Duronto Express,12242
497.0,400.0,74.55,1,89,17.90744466800805,6,0,SR,1,0,0,0,0,1,0,Premium,Chennai Central-Coimbatore AC Duronto Express,12243
497.0,405.0,73.62962962962963,1,88,17.706237424547286,15,0,SR,1,0,0,0,0,1,0,Premium,Coimbatore-Chennai Central AC Duronto Express,12244
1946.0,1740.0,67.10344827586206,4,338,17.36896197327852,11,0,SER,1,1,1,1,1,0,0,Premium,HOWRAH - YESVANTPUR AC Duronto Exp,12245
1614.0,1730.0,55.97687861271677,3,192,11.895910780669144,23,1,SWR,1,0,1,1,1,0,0,Superfast,Wainganga express,12251
1605.0,1770.0,54.40677966101695,3,192,11.962616822429906,8,0,SWR,1,0,1,1,1,0,0,Superfast,Wainganga express,12252
2473.0,2580.0,57.51162790697674,3,460,18.60088960776385,13,0,SWR,1,0,1,1,1,0,0,Superfast,YESVANTPUR - BHAGALPUR Anga SF Exp,12253
2474.0,2615.0,56.764818355640536,3,460,18.593371059013744,13,0,SWR,1,0,1,1,1,0,0,Superfast,BHAGALPUR - YESVANTPUR Anga SF Exp,12254
1968.0,1585.0,74.49842271293375,3,314,15.955284552845528,17,0,SER,1,1,1,1,0,0,0,Premium,MUMBAI CST - HOWRAH AC Duronto Exp,12261
1968.0,1570.0,75.21019108280254,3,310,15.752032520325203,8,0,SER,1,1,1,1,0,0,0,Premium,HOWRAH - MUMBAI CST AC Duronto Exp,12262
1508.0,1200.0,75.4,3,212,14.058355437665782,11,0,NR,1,1,1,1,0,0,0,Premium,Hazrat Nizamuddin-Pune AC Duronto Express,12264
578.0,535.0,64.82242990654206,4,86,14.878892733564014,22,1,NR,1,1,1,1,1,0,0,Premium,Delhi Sarai Rohilla Jammu Tawi Duronto Express,12265
578.0,515.0,67.33980582524272,4,86,14.878892733564014,19,0,NR,1,1,1,1,1,0,0,Premium,Jammu Tawi-Delhi Sarai Rohilla Duronto Express,12266
491.0,395.0,74.58227848101266,3,99,20.162932790224033,23,1,WR,1,1,1,1,0,0,0,Premium,Mumbai Central-Ahmedabad AC Duronto Express,12267
491.0,390.0,75.53846153846153,3,99,20.162932790224033,23,1,WR,1,1,1,1,0,0,0,Premium,Ahmedabad-Mumbai Central AC Duronto Express,12268
2176.0,1675.0,77.94626865671641,4,270,12.408088235294116,6,0,SR,1,1,1,1,1,0,0,Premium,Chennai-Hazrat Nizamuddin Duronto Express,12269
2176.0,1700.0,76.8,4,270,12.408088235294116,15,0,SR,1,1,1,1,1,0,0,Premium,Hazrat Nizamuddin-Chennai Duronto,12270
493.0,460.0,64.30434782608695,3,79,16.024340770791078,23,1,NR,1,1,1,1,0,0,0,Premium,New Delhi-Lucknow AC Duronto Express,12272
634.0,445.0,85.48314606741573,4,90,14.195583596214512,22,1,NCR,1,1,1,1,1,0,0,Premium,Allahabad-New Delhi Duronto Express,12275
634.0,440.0,86.45454545454545,4,90,14.195583596214512,23,1,NCR,1,1,1,1,1,0,0,Premium,New Delhi-Allahabad Duronto Express,12276
502.0,435.0,69.24137931034483,1,102,20.318725099601597,14,0,ECoR,1,0,0,0,0,1,0,Premium,Howrah Puri Duronto Express,12277
1447.0,1020.0,85.11764705882354,3,218,15.065653075328266,16,0,ER,1,1,1,1,0,0,0,Premium,Howrah-New Delhi Rajdhani Express,12301
1530.0,1390.0,66.0431654676259,4,236,15.424836601307188,8,0,ER,1,1,1,1,1,0,0,Superfast,Poorva Express,12303
1814.0,1830.0,59.47540983606557,3,264,14.553472987872105,23,1,ER,1,0,1,1,1,0,0,Superfast,Howrah-Jodhpur SF Express,12307
1814.0,1830.0,59.47540983606557,3,264,14.553472987872105,23,1,ER,1,0,1,1,1,0,0,Superfast,Howrah-Bikaner Express,12307-Slip
1743.0,1970.0,53.08629441624365,4,256,14.687320711417097,19,0,ER,1,1,1,1,1,0,0,Superfast,Kalka Mail,12311
1454.0,1050.0,83.08571428571429,3,264,18.15680880330124,16,0,ER,1,1,1,1,0,0,0,Premium,KOL SEALDAH - NEW DELHI Rajdhani Exp,12313
1454.0,1065.0,81.91549295774648,3,264,18.15680880330124,16,0,ER,1,1,1,1,0,0,0,Premium,NEW DELHI - KOL SEALDAH Rajdhani Exp,12314
2141.0,2320.0,55.37068965517242,3,307,14.339093881363848,0,1,ER,1,0,1,1,1,0,0,Superfast,Ananya Express,12316
1898.0,1985.0,57.370277078085635,3,394,20.758693361433085,6,0,ER,1,0,1,1,1,0,0,Superfast,AKAL TAKHT Express,12318
1405.0,1460.0,57.73972602739726,3,256,18.220640569395016,17,0,ER,1,0,1,1,1,0,0,Superfast,AGRA CANTT - KOLKATA CHITPUR SF Exp,12320
1803.0,1920.0,56.34375,3,350,19.412090959511925,7,0,ER,1,0,1,1,1,0,0,Superfast,KOLKATA CHITPUR - NANGAL DAM Gurumukhi Exp,12325
1803.0,1935.0,55.906976744186046,3,357,19.800332778702163,7,0,ER,1,0,1,1,1,0,0,Superfast,NANGAL DAM - KOLKATA CHITPUR Gurumukhi Exp,12326
1587.0,1730.0,55.040462427745666,3,244,15.374921235034657,13,0,ER,1,0,1,1,1,0,0,Superfast,Upasana Express,12327
1448.0,1365.0,63.64835164835165,3,219,15.124309392265193,13,0,ER,1,0,1,1,1,0,0,Premium,West Bengal Sampark Kranti,12329
1448.0,1335.0,65.07865168539325,3,219,15.124309392265193,19,0,ER,1,0,1,1,1,0,0,Premium,West Bengal Sampark Kranti Express,12330
2021.0,2185.0,55.496567505720826,3,306,15.141019297377536,23,1,ER,1,0,1,1,1,0,0,Superfast,Himgiri Express,12331
1710.0,2185.0,46.95652173913044,3,217,12.690058479532162,22,1,NFR,1,0,1,1,1,0,0,Express,JHAJHA - DIBRUGARH Exp,15941
33.0,55.0,36.0,0,19,57.57575757575757,9,0,Unknown,0,0,0,0,0,0,0,Passenger,Chennai Beach TambaramEMU (12 car),40031
162.0,295.0,32.94915254237288,0,18,11.11111111111111,15,0,NER,1,0,0,0,0,0,0,Passenger,Mathura-KasGanj Passenger,55334
44.0,60.0,44.0,0,5,11.363636363636363,11,0,ER,0,0,0,0,0,0,0,Passenger,Jhajha Jasidih Passenger,63566
502.0,435.0,69.24137931034483,1,102,20.318725099601597,6,0,ECoR,1,0,0,0,0,1,0,Premium,Puri-Howrah AC Duronto Express,12278
403.0,400.0,60.449999999999996,1,48,11.910669975186103,15,0,NR,1,0,0,0,0,1,0,Superfast,Jhansi-H.Nizamuddin Taj Express,12279
403.0,390.0,62.0,1,48,11.910669975186103,7,0,NR,1,0,0,0,0,1,0,Superfast,H.Nizamuddin-Jhansi Taj Express,12280
1724.0,1315.0,78.6615969581749,4,245,14.211136890951277,8,0,ECoR,1,1,1,1,1,0,0,Premium,Bhubaneswar-New Delhi Duronto,12281
1724.0,1325.0,78.06792452830189,4,245,14.211136890951277,13,0,ECoR,1,1,1,1,1,0,0,Premium,New Delhi-Bhubaneswar Duronto Express,12282
2943.0,2515.0,70.21073558648112,4,371,12.606184165817194,21,0,NR,1,1,1,1,1,0,0,Premium,DELHI H NIZAMUDDIN - ERNAKULAM Duronto Exp,12284
3459.0,3430.0,60.50728862973761,2,421,12.171147730557964,8,0,SR,1,0,0,1,1,0,0,Superfast,Kochuveli-Dehradun Weekly Express,12287
838.0,660.0,76.18181818181819,4,116,13.842482100238662,20,0,CR,1,1,1,1,1,0,0,Premium,Mumbai CSTM-Nagpur Duronto Express,12289
838.0,660.0,76.18181818181819,4,116,13.842482100238662,20,0,CR,1,1,1,1,1,0,0,Premium,Nagpur-Mumbai CST Duronto Express,12290
370.0,390.0,56.92307692307692,3,77,20.81081081081081,22,1,SWR,1,0,1,1,1,0,0,Superfast,YESVANTPUR - CHENNAI SF Exp,12291
370.0,400.0,55.5,3,77,20.81081081081081,23,1,SWR,1,0,1,1,1,0,0,Superfast,CHENNAI - YESVANTPUR SF Exp,12292
2729.0,2900.0,56.46206896551724,3,415,15.207035544155369,9,0,SWR,1,0,1,1,1,0,0,Superfast,BANGALORE - PATLIPUTRA Sanghamitra SF Exp,12295
2729.0,2925.0,55.97948717948718,3,415,15.207035544155369,19,0,SWR,1,0,1,1,1,0,0,Superfast,PATLIPUTRA - BANGALORE Sanghamitra SF Exp,12296
1447.0,1015.0,85.53694581280787,3,218,15.065653075328266,17,0,ER,1,1,1,1,0,0,0,Premium,New Delhi-Howrah Rajdhani Express,12302
1530.0,1465.0,62.66211604095563,4,236,15.424836601307188,16,0,ER,1,1,1,1,1,0,0,Superfast,Poorva Express,12304
1530.0,1190.0,77.14285714285715,3,236,15.424836601307188,14,0,ER,1,1,1,1,0,0,0,Premium,Howrah-New Delhi Rajdhani Express,12305
1542.0,1180.0,78.40677966101694,3,236,15.304798962386512,17,0,ER,1,1,1,1,0,0,0,Premium,New Delhi-Howrah Rajdhani Express,12306
1814.0,1890.0,57.58730158730159,3,264,14.553472987872105,20,0,ER,1,0,1,1,1,0,0,Superfast,Jodhpur-Howrah SF Express,12308
1001.0,755.0,79.54966887417218,3,142,14.185814185814186,19,0,ECR,1,1,1,1,0,0,0,Premium,Rajendra Nagar-New Delhi Rajdhani Express,12309
1001.0,770.0,78.0,3,142,14.185814185814186,17,0,ECR,1,1,1,1,0,0,0,Premium,New Delhi Rajendra Nagar Rajdhani Express,12310
1743.0,1895.0,55.187335092348285,4,256,14.687320711417097,23,1,ER,1,1,1,1,1,0,0,Superfast,Kalka Mail,12312
2177.0,2245.0,58.182628062360806,4,352,16.16903996325218,22,1,ER,1,1,1,1,1,0,0,Superfast,HOWRAH - MUMBAI CST Mail (via Allahabad),12321
2177.0,2300.0,56.791304347826085,4,352,16.16903996325218,21,0,ER,1,1,1,1,1,0,0,Superfast,MUMBAI CST - HOWRAH Mail (via Allahabad),12322
1447.0,1335.0,65.03370786516854,3,218,15.065653075328266,18,0,ER,1,0,1,1,1,0,0,Superfast,Howrah-NewDelhi SF Express,12323
1447.0,1370.0,63.37226277372263,3,218,15.065653075328266,7,0,ER,1,0,1,1,1,0,0,Superfast,New Delhi-Howrah SF Express,12324
1587.0,1730.0,55.040462427745666,3,244,15.374921235034657,22,1,ER,1,0,1,1,1,0,0,Superfast,Upasana Express,12328
2021.0,2190.0,55.36986301369863,3,306,15.141019297377536,22,1,ER,1,0,1,1,1,0,0,Superfast,Himgiri Express,12332
882.0,975.0,54.276923076923076,3,150,17.006802721088434,20,0,ER,1,0,1,1,1,0,0,Superfast,Vibhuti Express,12333
259.0,260.0,59.769230769230774,1,55,21.235521235521237,17,0,ER,1,0,0,0,0,1,0,Superfast,Coalfield Express,12339
259.0,270.0,57.55555555555556,1,55,21.235521235521237,5,0,ER,1,0,0,0,0,1,0,Superfast,Coalfield Express,12340
624.0,1040.0,36.0,1,112,17.94871794871795,22,1,ER,1,0,0,0,1,0,0,Express,Darjeeling Mail Slip,12343-Slip
624.0,795.0,47.094339622641506,4,112,17.94871794871795,16,0,ER,1,1,1,1,1,0,0,Superfast,Darjeeling Mail,12344
1510.0,1640.0,55.243902439024396,3,217,14.370860927152318,7,0,ER,1,0,1,1,1,0,0,Superfast,Archana Express,12355
534.0,570.0,56.21052631578947,1,136,25.468164794007492,20,0,ER,1,0,0,1,0,0,0,Express,KOLKATA CHITPUR - PATNA Garib Rath Exp,12359
620.0,680.0,54.705882352941174,1,132,21.29032258064516,9,0,ER,1,0,0,0,0,1,0,Superfast,KOLKATA CHITPUR - HALDIBARI SF Intercity Exp,12363
1206.0,1225.0,59.069387755102035,4,175,14.51077943615257,11,0,ER,1,1,1,1,1,0,0,Superfast,Vikramshila Express,12367
567.0,610.0,55.770491803278695,4,106,18.69488536155203,22,1,ER,1,1,1,1,1,0,0,Superfast,Padatik Express,12377
567.0,585.0,58.15384615384615,4,106,18.69488536155203,21,0,ER,1,1,1,1,1,0,0,Superfast,Padatik Express,12378
1894.0,1830.0,62.09836065573771,3,287,15.15311510031679,13,0,ER,1,0,1,1,1,0,0,Superfast,Sealdah - Amritsar Superfast Express,12379
259.0,260.0,59.769230769230774,1,55,21.235521235521237,15,0,ER,1,0,0,0,0,1,0,Superfast,Howrah-Dhanbad AC DD Express,12383
259.0,255.0,60.94117647058823,1,55,21.235521235521237,5,0,ER,1,0,0,0,0,1,0,Superfast,Dhanbad-Howrah AC DD Express,12384
472.0,470.0,60.255319148936174,1,65,13.771186440677967,14,0,SR,1,0,0,0,0,1,0,Superfast,Tirupati-Coimbatore Intercity Express,12757
472.0,450.0,62.93333333333333,1,65,13.771186440677967,6,0,SCR,1,0,0,0,0,1,0,Superfast,Coimbatore-Tirupati (Triweekly) SF Intercity Expre,12758
736.0,900.0,49.06666666666667,3,117,15.896739130434781,14,0,SCR,1,0,1,1,1,0,0,Express,Tirumala Express,17488
935.0,1055.0,53.17535545023697,3,173,18.502673796791445,23,1,WR,1,0,1,1,1,0,0,Express,MUMBAI BANDRA - BHAGAT KI KOTHI Exp,19065
200.0,305.0,39.34426229508197,0,26,13.0,7,0,NR,1,0,0,0,0,0,0,Passenger,Bhatinda Ambala Passenger,54552
284.0,530.0,32.15094339622641,0,42,14.788732394366198,4,1,SR,1,0,0,0,0,0,0,Passenger,Tirupati-Pondicherry Passenger,56041
149.0,300.0,29.8,0,30,20.13422818791946,17,0,SCR,1,0,0,0,0,0,0,Passenger,Rajahmundry Vijayawada Passenger,57200
1946.0,1725.0,67.68695652173913,4,341,17.52312435765673,11,0,SER,1,1,1,1,1,0,0,Premium,YESVANTPUR - HOWRAH AC Duronto Exp,12246
882.0,975.0,54.276923076923076,3,150,17.006802721088434,15,0,ER,1,0,1,1,1,0,0,Superfast,Vibhuti Express,12334
146.0,135.0,64.88888888888889,1,39,26.71232876712329,10,0,ER,1,0,0,0,0,1,0,Superfast,Shantiniketan Express,12337
146.0,150.0,58.4,1,39,26.71232876712329,13,0,ER,1,0,0,0,0,1,0,Superfast,Shantiniketan Express,12338
200.0,200.0,60.0,1,43,21.5,18,0,ER,1,0,0,0,0,1,0,Superfast,Agniveena Express,12341
200.0,195.0,61.53846153846154,1,43,21.5,5,0,ER,1,0,0,0,0,1,0,Superfast,Agniveena Express,12342
1020.0,1060.0,57.73584905660377,4,176,17.254901960784316,15,0,ER,1,1,1,1,1,0,0,Superfast,HOWRAH - GUWAHATI Saraighat SF Exp,12345
207.0,215.0,57.76744186046511,1,48,23.188405797101453,12,0,ER,1,0,0,0,0,1,0,Superfast,Howrah-Rampur Hat SF Express,12347
207.0,220.0,56.45454545454546,1,48,23.188405797101453,16,0,ER,1,0,0,0,0,1,0,Superfast,Rampur Hat-Howrah SF Express,12348
541.0,605.0,53.65289256198347,4,97,17.929759704251385,20,0,ER,1,1,1,1,1,0,0,Superfast,Howrah- Danapur Express,12351
541.0,600.0,54.1,4,97,17.929759704251385,20,0,ER,1,1,1,1,1,0,0,Superfast,Danapur- Howrah Express,12352
1510.0,1610.0,56.27329192546584,3,217,14.370860927152318,20,0,ER,1,0,1,1,1,0,0,Superfast,Archana Express,12356
1812.0,1700.0,63.95294117647059,3,330,18.211920529801322,12,0,ER,1,0,1,1,1,0,0,Superfast,KOLKATA CHITPUR - AMRITSAR Durgiana SF Exp,12357
1812.0,1740.0,62.48275862068966,3,330,18.211920529801322,6,0,ER,1,0,1,1,1,0,0,Superfast,AMRITSAR - KOLKATA CHITPUR Durgiana SF Exp,12358
534.0,545.0,58.78899082568807,1,136,25.468164794007492,20,0,ER,1,0,0,1,0,0,0,Express,KOLKATA CHITPUR - PATNA Garib Rath Exp,12360
2043.0,2080.0,58.932692307692314,3,332,16.2506118453255,19,0,ER,1,0,1,1,1,0,0,Superfast,ASANSOL - MUMBAI CST SF Exp,12361
2043.0,2170.0,56.48847926267281,3,332,16.2506118453255,11,0,ER,1,0,1,1,1,0,0,Superfast,MUMBAI CST - ASANSOL SF Exp,12362
620.0,665.0,55.939849624060145,1,127,20.483870967741936,8,0,ER,1,0,0,0,0,1,0,Superfast,HALDIBARI - KOLKATA CHITPUR SF Intercity Exp,12364
411.0,460.0,53.608695652173914,1,53,12.89537712895377,6,0,ER,1,0,0,0,0,1,0,Premium,Patna-Ranchi Jan Shatabdi Express,12365
411.0,470.0,52.46808510638298,1,53,12.89537712895377,14,0,ER,1,0,0,0,0,1,0,Premium,Ranchi Patna Jan Shatabdi Express,12366
1536.0,1625.0,56.713846153846156,3,238,15.494791666666668,13,0,ER,1,0,1,1,1,0,0,Superfast,Kumbh Express,12369
1536.0,1640.0,56.19512195121951,3,238,15.494791666666668,23,1,ER,1,0,1,1,1,0,0,Superfast,Kumbh Express,12370
1446.0,1380.0,62.869565217391305,4,222,15.352697095435683,8,0,ER,1,1,1,1,1,0,0,Superfast,Poorva Express,12381
1446.0,1465.0,59.221843003412964,4,222,15.352697095435683,16,0,ER,1,1,1,1,1,0,0,Superfast,Poorva Express,12382
2346.0,2340.0,60.15384615384615,3,329,14.02387041773231,5,0,ER,1,0,1,1,1,0,0,Superfast,GAYA - CHENNAI EGMORE SF Exp,12389
2346.0,2290.0,61.467248908296945,3,329,14.02387041773231,7,0,ER,1,0,1,1,1,0,0,Superfast,CHENNAI EGMORE - GAYA SF Exp,12390
1103.0,1260.0,52.523809523809526,4,170,15.412511332728922,8,0,ER,1,1,1,1,1,0,0,Superfast,Shramjeevi Express,12391
1103.0,1255.0,52.733067729083665,4,170,15.412511332728922,13,0,ECR,1,1,1,1,1,0,0,Superfast,Shramjeevi Express,12392
1305.0,1390.0,56.33093525179856,3,176,13.486590038314176,23,1,ER,1,0,1,1,1,0,0,Superfast,Ajmer-RajendraNagar Ziyarat Express,12396
507.0,520.0,58.50000000000001,4,73,14.398422090729783,20,0,NCR,1,1,1,1,1,0,0,Superfast,Mathura Allahabad SF Express,12404
1834.0,1985.0,55.43576826196473,0,303,16.521264994547437,9,0,NR,1,0,0,0,0,0,0,Superfast,AMRITSAR - NEW JALPAIGURI Karmabhoomi Exp,12408
1626.0,1660.0,58.77108433734939,3,195,11.99261992619926,15,0,NR,1,0,1,1,1,0,0,Superfast,Gondwana Express,12410
909.0,930.0,58.645161290322584,4,34,3.7403740374037406,15,0,NR,1,1,1,1,1,0,0,Superfast,CHANDIGARH - AMRITSAR Intercity SF Exp,12411
909.0,950.0,57.41052631578947,4,34,3.7403740374037406,15,0,NR,1,1,1,1,1,0,0,Superfast,AMRITSAR - CHANDIGARH Intercity SF Exp,12412
1017.0,1070.0,57.028037383177576,4,153,15.044247787610619,14,0,NR,1,1,1,1,1,0,0,Superfast,Pooja express,12413
1017.0,1080.0,56.5,4,153,15.044247787610619,18,0,NR,1,1,1,1,1,0,0,Superfast,Pooja Express,12414
511.0,515.0,59.533980582524265,3,74,14.481409001956946,5,0,NR,1,1,1,0,0,1,0,Superfast,Gomti Express,12419
511.0,525.0,58.4,3,74,14.481409001956946,12,0,NR,1,1,1,0,0,1,0,Superfast,Gomti Express,12420
2443.0,2275.0,64.43076923076923,3,408,16.700777732296356,20,0,NR,1,1,1,1,0,0,0,Premium,DIBRUGARH TOWN - NEW DELHI Rajdhani Exp,12423
860.0,885.0,58.30508474576271,3,124,14.418604651162791,16,0,NR,1,0,1,1,1,0,0,Superfast,REWA - DELHI ANAND VIHAR SF Exp,12427
860.0,860.0,60.0,3,124,14.418604651162791,23,1,NR,1,0,1,1,1,0,0,Superfast,DELHI ANAND VIHAR - REWA SF Exp,12428
3149.0,2485.0,76.03219315895373,3,414,13.147030803429661,19,0,NR,1,1,1,1,0,0,0,Premium,TRIVANDRUM - DELHI H NIZAMUDDIN Rajdhani Exp,12431
3149.0,2525.0,74.82772277227723,3,414,13.147030803429661,11,0,NR,1,1,1,1,0,0,0,Premium,DELHI H NIZAMUDDIN - TRIVANDRUM Rajdhani Exp,12432
1660.0,1295.0,76.91119691119691,3,187,11.265060240963855,12,0,NR,1,1,1,1,0,0,0,Premium,Secunderabad Rajdhani Express,12437
1660.0,1320.0,75.45454545454545,3,187,11.265060240963855,16,0,NR,1,1,1,1,0,0,0,Premium,Secunderabad Rajdhani Express,12438
1306.0,1015.0,77.20197044334975,3,206,15.773353751914241,17,0,NR,1,1,1,1,0,0,0,Premium,RANCHI - NEW DELHI Rajdhani Exp,12439
1306.0,1020.0,76.82352941176471,3,208,15.926493108728943,16,0,NR,1,1,1,1,0,0,0,Premium,NEW DELHI - RANCHI Rajdhani Exp,12440
33.0,54.0,36.666666666666664,0,19,57.57575757575757,4,1,SR,0,0,0,0,0,0,0,Passenger,Chennai Beach Tambaram EMU(12 Car),40001
990.0,870.0,68.27586206896552,3,139,14.04040404040404,14,0,ER,1,0,1,1,1,0,0,Superfast,Mahabodhi Express,12397
990.0,940.0,63.19148936170213,3,139,14.04040404040404,14,0,ER,1,0,1,1,1,0,0,Superfast,Mahabodhi Express,12398
1063.0,1175.0,54.28085106382979,4,151,14.205079962370649,16,0,NR,1,1,1,1,1,0,0,Superfast,Magadh Express,12401
1063.0,1065.0,59.88732394366197,4,151,14.205079962370649,20,0,NR,1,1,1,1,1,0,0,Superfast,Magadh Express,12402
1476.0,1545.0,57.320388349514566,3,167,11.314363143631436,5,0,NR,1,0,1,1,1,0,0,Superfast,Gondwana Express,12405
1476.0,1465.0,60.45051194539249,3,167,11.314363143631436,15,0,NR,1,0,1,1,1,0,0,Superfast,H.Nizamuddin-Bhusaval Gondwana Express,12406
817.0,800.0,61.275,4,97,11.872705018359854,16,0,NR,1,1,1,1,1,0,0,Superfast,Indore-Nizamuddin Express,12415
817.0,820.0,59.78048780487805,4,97,11.872705018359854,22,1,NR,1,1,1,1,1,0,0,Superfast,Nizamuddin-Indore Express,12416
634.0,565.0,67.32743362831859,4,90,14.195583596214512,21,0,NCR,1,1,1,1,1,0,0,Superfast,Prayagraj Express,12417
634.0,560.0,67.92857142857143,4,90,14.195583596214512,21,0,NCR,1,1,1,1,1,0,0,Superfast,Prayagraj Express,12418
2443.0,2340.0,62.64102564102564,3,408,16.700777732296356,14,0,NR,1,1,1,1,0,0,0,Premium,NEW DELHI - DIBRUGARH TOWN Rajdhani Exp,12424
577.0,540.0,64.11111111111111,3,88,15.251299826689776,20,0,NR,1,1,1,1,0,0,0,Premium,Jammu Rajdhani Express,12425
577.0,555.0,62.37837837837838,3,88,15.251299826689776,19,0,NR,1,1,1,1,0,0,0,Premium,Jammu Rajdhani Express,12426
2365.0,2010.0,70.59701492537313,3,275,11.627906976744187,20,0,NR,1,1,1,1,0,0,0,Premium,Bangalore - Hazrat Nizamuddin Rajdhani Express,12429
2382.0,2030.0,70.4039408866995,3,275,11.544920235096557,20,0,NR,1,1,1,1,0,0,0,Premium,Delhi H Nizamuddin-Bangalore Rajdhani Express,12430
2176.0,1690.0,77.25443786982248,3,270,12.408088235294116,6,0,NR,1,1,1,1,0,0,0,Premium,Chennai Central-Delhi H.Nizamuddin Rajdhani Expres,12433
2463.0,2565.0,57.6140350877193,3,399,16.199756394640684,19,0,NR,1,1,1,1,0,0,0,Premium,DIBRUGARH TOWN - NEW DELHI Rajdhani Exp,12435
2463.0,2695.0,54.834879406307984,3,399,16.199756394640684,9,0,NR,1,1,1,1,0,0,0,Premium,NEW DELHI - DIBRUGARH TOWN Rajdhani Exp,12436
1501.0,1245.0,72.33734939759036,3,182,12.125249833444371,14,0,NR,1,1,1,1,0,0,0,Premium,Bilaspur-New Delhi Rajdhani Express,12441
1501.0,1215.0,74.12345679012346,3,182,12.125249833444371,15,0,NR,1,1,1,1,0,0,0,Premium,Bilaspur Rajdhani Express,12442
630.0,675.0,56.0,4,93,14.761904761904763,20,0,NR,1,1,1,1,1,0,0,Premium,Uttar Sampark Kranti Express,12445
630.0,665.0,56.84210526315789,4,93,14.761904761904763,19,0,NR,1,1,1,1,1,0,0,Premium,Uttar Sampark Kranti Express,12446
695.0,745.0,55.97315436241611,4,76,10.93525179856115,17,0,NR,1,1,1,1,1,0,0,Premium,UP Sampark Kranti Express,12447
695.0,740.0,56.35135135135135,4,76,10.93525179856115,20,0,NR,1,1,1,1,1,0,0,Premium,UP Sampark Kranti Express,12448
448.0,455.0,59.07692307692308,1,69,15.401785714285714,6,0,NR,1,0,0,0,0,1,0,Superfast,Shan-e-Punjab Express,12497
486.0,530.0,55.0188679245283,3,71,14.609053497942385,22,1,NR,1,1,1,1,0,0,0,Superfast,DelhiSaraiRohilla-ShriGanganagar AC SF Express,12455
486.0,515.0,56.62135922330096,3,71,14.609053497942385,22,1,NR,1,1,1,1,0,0,0,Superfast,ShriGanganagar-DelhiSaraiRohilla AC SF Express,12456
458.0,490.0,56.08163265306123,3,49,10.698689956331878,23,1,NWR,1,0,1,1,1,0,0,Superfast,Delhi SaraiRohilla-Bikaner Express,12457
458.0,460.0,59.73913043478261,3,49,10.698689956331878,22,1,NR,1,0,1,1,1,0,0,Superfast,Bikaner-DelhiSaraiRohiilla Express,12458
382.0,400.0,57.3,0,41,10.732984293193718,15,0,NR,1,0,0,0,0,0,0,Superfast,Jaipur Bikaner InterCity Express,12468
1950.0,1850.0,63.24324324324325,3,281,14.41025641025641,11,0,NR,1,0,1,1,1,0,0,Superfast,Jammu Tawi - Mumbai Bandra (T.) SF Swaraj Express,12472
1992.0,2005.0,59.61097256857856,3,271,13.60441767068273,5,0,NR,1,0,1,1,1,0,0,Superfast,Hapa - Jammu Tawi Sarvodaya SF Express,12475
1992.0,2010.0,59.46268656716418,3,271,13.60441767068273,11,0,NR,1,0,1,1,1,0,0,Superfast,Jammu Tawi - Hapa Sarvodaya SF Express,12476
2000.0,2020.0,59.40594059405941,3,272,13.6,5,0,NR,1,0,1,1,1,0,0,Superfast,Jamnagar - Jammu Tawi SF Sindhu Express,12477
935.0,1020.0,55.0,3,168,17.967914438502675,18,0,NWR,1,0,1,1,1,0,0,Superfast,JODHPUR - MUMBAI BANDRA Suryanagari SF Exp,12479
935.0,1020.0,55.0,3,168,17.967914438502675,13,0,NWR,1,0,1,1,1,0,0,Superfast,MUMBAI BANDRA - JODHPUR Suryanagari SF Exp,12480
1965.0,2125.0,55.48235294117647,2,279,14.19847328244275,23,1,NR,1,0,0,1,1,0,0,Superfast,H S NANDED - SHRI GANGANAGAR Exp,12485
1965.0,1995.0,59.097744360902254,2,279,14.19847328244275,14,0,NR,1,0,0,1,1,0,0,Superfast,SHRI GANGANAGAR - H S NANDED Exp,12486
1383.0,1460.0,56.83561643835617,3,171,12.364425162689805,20,0,NR,1,0,1,1,1,0,0,Superfast,Seemanchal Express,12487
1245.0,1345.0,55.53903345724907,3,186,14.93975903614458,13,0,NWR,1,0,1,1,1,0,0,Superfast,Bikaner-Dadar Express,12489
1245.0,1355.0,55.12915129151292,3,186,14.93975903614458,14,0,NWR,1,0,1,1,1,0,0,Superfast,Dadar - Bikaner Express,12490
1510.0,1730.0,52.369942196531795,2,272,18.013245033112582,7,0,NR,1,0,0,1,1,0,0,Superfast,BARAUNI - JAMMU TAWI Maur Dhwaj Express,12491
1510.0,1695.0,53.45132743362832,2,271,17.94701986754967,20,0,NR,1,0,0,1,1,0,0,Superfast,JAMMU TAWI - BARAUNI Maur Dhwaj Express,12492
1885.0,1860.0,60.806451612903224,3,270,14.323607427055702,22,1,NR,1,0,1,1,1,0,0,Superfast,KOLKATA CHITPUR - BIKANER Pratap Exp,12496
2988.0,3545.0,50.57263751763046,3,439,14.692101740294511,22,1,SR,1,0,1,1,1,0,0,Express,ERNAKULAM - PATNA Exp,16359
625.0,680.0,55.147058823529406,3,94,15.04,17,0,SR,1,0,1,1,1,0,0,Superfast,ERNAKULAM - BANGALORE Weekly SF Exp,22607
2094.0,1770.0,70.98305084745763,4,308,14.708691499522445,11,0,NR,1,1,1,1,1,0,0,Premium,MADGAON - CHANDIGARH Goa Sampark Kranti Exp,12449
2094.0,1790.0,70.18994413407822,4,308,14.708691499522445,7,0,NR,1,1,1,1,1,0,0,Premium,CHANDIGARH - MADGAON Goa Sampark Kranti Exp,12450
440.0,395.0,66.83544303797468,4,61,13.863636363636363,23,1,NR,1,1,1,1,1,0,0,Superfast,Shram Shakti Express,12451
440.0,375.0,70.4,4,61,13.863636363636363,23,1,NR,1,1,1,1,1,0,0,Superfast,Shram Shakti Express,12452
1341.0,1060.0,75.90566037735849,3,179,13.348247576435496,17,0,NR,1,1,1,1,0,0,0,Premium,Ranchi-New Delhi Rajdhani Express,12453
1341.0,1110.0,72.48648648648648,3,179,13.348247576435496,16,0,NR,1,1,1,1,0,0,0,Premium,New Delhi-Ranchi Rajdhani Express,12454
448.0,480.0,56.0,1,69,15.401785714285714,13,0,NR,1,0,0,0,0,1,0,Superfast,NewDelhi-Amritsar SF InterCity,12459
448.0,475.0,56.589473684210525,1,69,15.401785714285714,6,0,NR,1,0,0,0,0,1,0,Superfast,Amritsar-New Delhi Intercity Express,12460
620.0,635.0,58.582677165354326,4,85,13.709677419354838,20,0,NR,1,1,1,1,1,0,0,Superfast,Mandore Express,12461
620.0,625.0,59.52,4,85,13.709677419354838,20,0,NR,1,1,1,1,1,0,0,Superfast,Mandore Express,12462
616.0,635.0,58.204724409448815,3,88,14.285714285714285,19,0,NR,1,1,1,0,1,0,0,Premium,Rajasthan Sampark Kranti Express,12464
911.0,940.0,58.14893617021277,3,104,11.416026344676181,6,0,NR,1,0,0,1,1,1,0,Superfast,Indore-Jodhpur Ranthambhore Express,12465
911.0,990.0,55.21212121212121,3,104,11.416026344676181,5,0,NR,1,0,0,1,1,1,0,Superfast,Jodhpur-Indore Ranthambhore Intercity Express,12466
1026.0,1125.0,54.72,2,147,14.32748538011696,17,0,NR,1,0,0,1,1,0,0,Superfast,Kanpur Jammu Express,12469
1026.0,1115.0,55.210762331838566,2,147,14.32748538011696,20,0,NR,1,0,0,1,1,0,0,Superfast,Jammu Kanpur Express,12470
1669.0,1630.0,61.435582822085884,3,229,13.720790892750149,11,0,NR,1,0,1,1,1,0,0,Superfast,Sarvodaya SF Express,12473
1669.0,1615.0,62.00619195046439,3,229,13.720790892750149,11,0,NR,1,0,1,1,1,0,0,Superfast,Sarvodaya SF Express,12474
2000.0,2025.0,59.25925925925926,3,272,13.6,11,0,NR,1,0,1,1,1,0,0,Superfast,Jammu Tawi - Jamnagar (Weekly) Sindhu SF Express,12478
424.0,450.0,56.53333333333333,1,66,15.566037735849056,13,0,NR,1,0,0,0,0,1,0,Superfast,Delhi Sriganganagar InterCity,12481
424.0,465.0,54.70967741935484,1,66,15.566037735849056,5,0,NR,1,0,0,0,0,1,0,Superfast,Sriganganagar Delhi InterCity Express,12482
3597.0,3445.0,62.64731494920174,3,487,13.539060328051153,6,0,NR,1,0,1,1,1,0,0,Superfast,AMRITSAR - KOCHUVELI SF Exp,12484
2294.0,2010.0,68.4776119402985,3,265,11.551874455100261,20,0,NR,1,1,1,1,0,0,0,Premium,Bangalore-Hazrat Nizammudin Rajdhani Express,12493
2383.0,2030.0,70.43349753694581,3,265,11.12043642467478,20,0,NR,1,1,1,1,0,0,0,Premium,Hazrat Nizamuddin-Bangalore Rajdhani Express,12494
1974.0,1860.0,63.67741935483871,4,321,16.261398176291795,6,0,NFR,1,1,1,1,1,0,0,Premium,GUWAHATI - NEW DELHI Poorvottar Sampark Kranti Exp,12501
1974.0,1950.0,60.738461538461536,4,383,19.402228976697064,23,1,NER,1,1,1,1,1,0,0,Premium,NEW DELHI - GUWAHATI Poorvottar Sampark Kranti Exp,12502
3331.0,3530.0,56.61756373937677,3,637,19.123386370459322,21,0,NER,1,0,1,1,1,0,0,Superfast,TRIVANDRUM - GUWAHATI SF Exp,12507
3332.0,3585.0,55.76569037656904,3,637,19.11764705882353,6,0,NFR,1,0,1,1,1,0,0,Superfast,GUWAHATI - TRIVANDRUM SF Exp,12508
3251.0,3545.0,55.02397743300423,3,469,14.426330359889265,6,0,NER,1,0,1,1,1,0,0,Superfast,Rapti Sagar Express,12511
3251.0,3460.0,56.3757225433526,3,469,14.426330359889265,5,0,NER,1,0,1,1,1,0,0,Superfast,Rapti Sagar Expres,12512
2551.0,2750.0,55.658181818181816,3,445,17.444139553116425,6,0,NFR,1,0,1,1,1,0,0,Superfast,GUWAHATI - SECUNDERABAD Exp,12514
1667.0,1475.0,67.81016949152543,3,401,24.055188962207556,5,0,SR,1,0,1,1,1,0,0,Superfast,MUMBAI LTT - KAMAKHYA AC Exp,12519
1667.0,1455.0,68.74226804123711,3,400,23.995200959808034,18,0,CR,1,0,1,1,1,0,0,Superfast,KAMAKHYA - MUMBAI LTT AC Exp,12520
3441.0,3640.0,56.71978021978022,3,484,14.065678581807616,10,0,ECR,1,0,1,1,1,0,0,Superfast,Raptisagar Express,12522
530.0,570.0,55.78947368421053,4,96,18.11320754716981,21,0,CR,1,1,1,1,1,0,0,Superfast,Mumbai CST-Latur Superfast Express.,12527
530.0,570.0,55.78947368421053,4,96,18.11320754716981,22,1,CR,1,1,1,1,1,0,0,Superfast,Latur-Mumbai CST Superfast Express,12528
917.0,995.0,55.29648241206031,1,108,11.777535441657578,14,0,NER,1,0,0,1,0,0,0,Express,Lucknow-Raipur Garib Rath Express,12535
917.0,1005.0,54.74626865671642,1,108,11.777535441657578,12,0,NER,1,0,0,1,0,0,0,Express,Raipur-Lucknow Garib Rath,12536
465.0,500.0,55.8,2,62,13.333333333333332,21,0,NER,1,0,0,1,1,0,0,Superfast,Bapudham Express,12537
465.0,505.0,55.24752475247525,2,62,13.333333333333332,7,0,NER,1,0,0,1,1,0,0,Superfast,Bapudham Express,12538
2554.0,2760.0,55.52173913043478,3,347,13.586530931871575,10,0,SWR,1,0,1,1,1,0,0,Superfast,YESVANTPUR - LUCKNOW SF Exp,12539
2532.0,2680.0,56.68656716417911,3,353,13.941548183254344,20,0,SWR,1,0,1,1,1,0,0,Superfast,LUCKNOW - YESVANTPUR SF Exp,12540
1680.0,1825.0,55.23287671232877,3,221,13.154761904761903,21,0,NER,1,0,1,1,1,0,0,Superfast,Gorakhpur-Mumbai LTT SF Express,12541
345.0,370.0,55.945945945945944,1,44,12.753623188405797,7,0,SR,1,0,0,0,0,1,0,Superfast,Yesvantpur-Tirupati Tri Weekly Intercity,12543
345.0,365.0,56.71232876712329,1,44,12.753623188405797,14,0,SR,1,0,0,0,0,1,0,Superfast,Tirupati-Yesvantpur Tri Weekly SF Intercity,12544
1873.0,1985.0,56.61460957178841,4,275,14.682327816337427,12,0,SECR,1,1,1,1,1,0,0,Superfast,DURG - JAMMU TAWI SF Exp,12549
1873.0,2000.0,56.19,4,275,14.682327816337427,5,0,SECR,1,1,1,1,1,0,0,Superfast,JAMMU TAWI - DURG SF Exp,12550
1185.0,1260.0,56.42857142857143,4,175,14.767932489451477,9,0,ECR,1,1,1,1,1,0,0,Superfast,Vaishali SF Express,12553
33.0,54.0,36.666666666666664,0,19,57.57575757575757,6,0,SR,0,0,0,0,0,0,0,Passenger,Chennai Beach Tambaram EMU(12 Car),40003
448.0,455.0,59.07692307692308,1,69,15.401785714285714,15,0,NR,1,0,0,0,0,1,0,Superfast,Shan-e-Punjab Express,12498
1866.0,2010.0,55.701492537313435,3,316,16.934619506966772,9,0,NFR,1,0,1,1,1,0,0,Superfast,GUWAHATI - DELHI ANAND VIHAR North East Exp,12505
1867.0,2030.0,55.18226600985221,3,316,16.925549009105517,6,0,NFR,1,0,1,1,1,0,0,Superfast,DELHI ANAND VIHAR - GUWAHATI North East Exp,12506
2992.0,3260.0,55.06748466257668,3,551,18.415775401069517,23,1,NER,1,0,1,1,1,0,0,Superfast,BENGALURU - GUWAHATI (Kaziranga) SF Express,12509
2992.0,3200.0,56.099999999999994,3,537,17.947860962566843,6,0,NFR,1,0,1,1,1,0,0,Superfast,GUWAHATI - BENGALURU (Kaziranga) SF Express,12510
3552.0,3900.0,54.646153846153844,3,632,17.792792792792792,12,0,NER,1,0,1,1,1,0,0,Superfast,RIVANDRUM - GUWAHATI Exp,12515
3552.0,3865.0,55.14100905562742,3,633,17.820945945945944,6,0,NFR,1,0,1,1,1,0,0,Superfast,GUWAHATI - TRIVANDRUM CENTRAL EXP,12516
1027.0,1080.0,57.05555555555556,1,189,18.403115871470302,21,0,NER,1,0,0,1,0,0,0,Express,KOLKATA - GUWAHATI Garib Rath Exp,12517
1027.0,1080.0,57.05555555555556,1,189,18.403115871470302,21,0,NER,1,0,0,1,0,0,0,Express,GUWAHATI - KOLKATA Garib Rath Exp,12518
3441.0,3740.0,55.20320855614973,4,484,14.065678581807616,23,1,ECR,1,1,1,1,1,0,0,Superfast,Raptisagar Express,12521
1500.0,1675.0,53.731343283582085,3,221,14.733333333333333,8,0,NFR,1,0,1,1,1,0,0,Superfast,New Jalpaiguri-New Delhi Superfast Express,12523
1497.0,1645.0,54.60182370820669,3,221,14.762859051436205,15,0,NFR,1,0,1,1,1,0,0,Superfast,New Delhi New Jalpaiguri SuperFast Express,12524
192.0,208.0,55.38461538461538,1,55,28.645833333333336,5,0,CR,1,0,0,0,0,1,0,Superfast,Indrayani SF Express,12525
192.0,200.0,57.599999999999994,1,55,28.645833333333336,18,0,CR,1,0,0,0,0,1,0,Superfast,Indrayani SF Express,12526
331.0,320.0,62.0625,1,35,10.574018126888218,5,0,WCR,1,0,0,0,0,1,0,Superfast,Bhopal-Jabalpur Intercity Express,12529
331.0,355.0,55.943661971830984,1,35,10.574018126888218,16,0,WCR,1,0,0,0,0,1,0,Superfast,Jabalpur-Bhopal Intercity,12530
279.0,295.0,56.7457627118644,1,45,16.129032258064516,6,0,NER,1,0,0,0,0,1,0,Superfast,Gorakhpur Lucknow InterCity Express,12531
279.0,295.0,56.7457627118644,1,45,16.129032258064516,16,0,NER,1,0,0,0,0,1,0,Superfast,Lucknow Gorakhpur Inter City Express,12532
1426.0,1460.0,58.6027397260274,4,188,13.183730715287517,19,0,NER,1,1,1,1,1,0,0,Superfast,Pushpak Express,12533
1426.0,1460.0,58.6027397260274,4,188,13.183730715287517,8,0,NER,1,1,1,1,1,0,0,Superfast,Pushpak Express,12534
1963.0,2020.0,58.30693069306931,0,327,16.658176260825268,20,0,ECR,1,0,0,0,0,0,0,Superfast,RAXAUL - MUMBAI LTT Karmabhoomi Exp,12545
867.0,910.0,57.16483516483517,3,132,15.22491349480969,22,1,NER,1,0,1,1,1,0,0,Superfast,Agra Fort Ahmedabad Tri Weekly Express,12547
867.0,915.0,56.85245901639344,3,132,15.22491349480969,16,0,NER,1,0,1,1,1,0,0,Superfast,Ahmedabad-Agra Fort Express,12548
1185.0,1285.0,55.33073929961089,4,175,14.767932489451477,19,0,ECR,1,1,1,1,1,0,0,Superfast,Vaishali SF Express,12554
1060.0,1135.0,56.0352422907489,4,154,14.528301886792454,9,0,ECR,1,1,1,1,1,0,0,Superfast,Sapt Kranti SF Express,12557
1060.0,1175.0,54.12765957446809,4,154,14.528301886792454,14,0,ECR,1,1,1,1,1,0,0,Superfast,Sapt Kranti SF Express,12558
1252.0,1215.0,61.82716049382716,1,183,14.616613418530353,12,0,ECR,1,0,0,1,0,0,0,Express,Jaynagar-Delhi AnandViharT Garib Rath,12569
1252.0,1230.0,61.073170731707314,1,183,14.616613418530353,17,0,ECR,1,0,0,1,0,0,0,Express,Anand Vihar Terminus-Jaynagar Garib Rath Express,12570
1763.0,1835.0,57.6457765667575,3,260,14.74758933635848,15,0,NFR,1,0,1,1,1,0,0,Superfast,Howrah Prasanti Nilayam SF Express,12571
1763.0,1860.0,56.87096774193548,3,260,14.74758933635848,7,0,NFR,1,0,1,1,1,0,0,Superfast,Prashanti Nilayam Howrah SF Express,12572
1792.0,1775.0,60.57464788732395,3,238,13.281249999999998,13,0,SER,1,0,1,1,1,0,0,Superfast,SainagarShirdi-Howrah Express,12573
2910.0,3160.0,55.25316455696203,3,495,17.010309278350515,16,0,ECR,1,0,1,1,1,0,0,Superfast,DARBHANGA - MYSORE BAGMATI SF Exp,12577
2910.0,3125.0,55.872,3,490,16.83848797250859,10,0,ECR,1,0,1,1,1,0,0,Superfast,MYSORE - DARBHANGA BAGMATI SF Exp,12578
549.0,605.0,54.446280991735534,3,91,16.57559198542805,17,0,NFR,1,0,1,1,1,0,0,Superfast,Digha- Puri SamudraKanya Express,12579
1689.0,1820.0,55.681318681318686,3,235,13.913558318531676,11,0,ECoR,1,0,1,1,1,0,0,Superfast,Pune Bhubaneshwar Express,12581
1689.0,1845.0,54.926829268292686,3,235,13.913558318531676,22,1,ECoR,1,0,1,1,1,0,0,Superfast,Bhubaneshwar-Pune Express,12582
2071.0,2315.0,53.676025917926566,3,82,3.9594398841139546,19,0,NFR,1,0,1,1,1,0,0,Superfast,LUCKNOW - DELHI ANAND VIHAR T DOUBLE DECKER,12583
2071.0,2305.0,53.90889370932755,3,82,3.9594398841139546,5,0,NFR,1,0,1,1,1,0,0,Superfast,DELHI ANAND VIHAR T - LUCKNOW DOUBLE DECKER,12584
2529.0,2780.0,54.582733812949634,3,352,13.918544879398972,16,0,NFR,1,0,1,1,1,0,0,Superfast,YESVANTPUR - GORAKHPUR SF Exp,12592
585.0,650.0,54.0,1,71,12.136752136752138,22,1,NER,1,0,0,1,0,0,0,Express,Lucknow-Bhopal Garib Rath,12593
585.0,660.0,53.18181818181818,1,71,12.136752136752138,22,1,NER,1,0,0,1,0,0,0,Express,Bhopal-Lucknow Garib Rath Express,12594
336.0,335.0,60.17910447761194,1,70,20.833333333333336,15,0,SR,1,0,0,0,0,1,0,Superfast,Pallavan Superfast Express,12605
336.0,335.0,60.17910447761194,1,70,20.833333333333336,6,0,SR,1,0,0,0,0,1,0,Superfast,Pallavan Superfast Express,12606
358.0,360.0,59.666666666666664,1,75,20.949720670391063,15,0,SWR,1,0,0,0,0,1,0,Superfast,CHENNAI CENTRAL - BANGALORE Lalbagh Exp,12607
362.0,345.0,62.95652173913044,1,75,20.718232044198896,6,0,SWR,1,0,0,0,0,1,0,Superfast,BANGALORE - CHENNAI CENTRAL Lalbagh Exp,12608
362.0,390.0,55.69230769230769,1,75,20.718232044198896,13,0,SWR,1,0,0,0,0,1,0,Superfast,CHENNAI CENT - BANGALORE SF Intercity Exp,12609
33.0,55.0,36.0,0,19,57.57575757575757,7,0,SR,0,0,0,0,0,0,0,Passenger,Chennai Beach Tambaram EMU(12 Car),40009
962.0,1045.0,55.23444976076555,4,141,14.656964656964659,16,0,NER,1,1,1,1,1,0,0,Superfast,Gorakhdham Express,12556
758.0,745.0,61.04697986577182,4,111,14.643799472295514,19,0,NER,1,1,1,1,1,0,0,Superfast,Shiv Ganga Express,12559
758.0,765.0,59.450980392156865,4,111,14.643799472295514,18,0,NER,1,1,1,1,1,0,0,Superfast,Shiv Ganga Express,12560
1166.0,1285.0,54.44357976653696,4,176,15.09433962264151,20,0,ECR,1,1,1,1,1,0,0,Superfast,Swatantrata Sainani Express,12562
1600.0,1630.0,58.89570552147239,4,199,12.4375,14,0,NER,1,1,1,1,1,0,0,Superfast,Mumbai LTT - Faizabad SF Express,12563
1600.0,1745.0,55.014326647564474,4,199,12.4375,23,1,CR,1,1,1,1,1,0,0,Superfast,Faizabad-Mumbai LTT SF Express,12564
1172.0,1255.0,56.03187250996016,4,170,14.505119453924914,8,0,ECR,1,1,1,1,1,0,0,Premium,Bihar Sampark Kranti Express,12565
1172.0,1255.0,56.03187250996016,4,170,14.505119453924914,14,0,ECR,1,1,1,1,1,0,0,Premium,Bihar Sampark Kranti Express,12566
208.0,240.0,52.0,1,29,13.942307692307692,7,0,NFR,1,0,0,0,0,1,0,Superfast,Kharagpur Purulia Express,12575
208.0,235.0,53.1063829787234,1,29,13.942307692307692,11,0,NFR,1,0,0,0,0,1,0,Superfast,Purulia Khargapur Intercity Express,12576
1248.0,1335.0,56.08988764044944,3,181,14.503205128205128,14,0,NFR,1,0,1,1,1,0,0,Superfast,Amarnath Express,12587
1248.0,1325.0,56.51320754716981,3,181,14.503205128205128,22,1,NFR,1,0,1,1,1,0,0,Superfast,Amarnath Express,12588
1827.0,1945.0,56.35989717223651,3,219,11.986863711001643,6,0,NFR,1,0,1,1,1,0,0,Superfast,Gorakhpur-Secunderabad Express,12589
1827.0,1910.0,57.39267015706807,3,219,11.986863711001643,7,0,NFR,1,0,1,1,1,0,0,Superfast,Secunderabad - Gorakhpur Express,12590
889.0,960.0,55.5625,4,158,17.77277840269966,20,0,SR,1,0,1,1,1,0,1,Superfast,Chennai Mangalore Mail,12601
889.0,970.0,54.98969072164948,4,158,17.77277840269966,13,0,SR,1,0,1,1,1,0,1,Superfast,Chennai Mail,12602
715.0,780.0,55.0,4,107,14.965034965034965,16,0,SR,1,1,1,1,1,0,0,Superfast,Chennai - Hyderabad Express,12603
715.0,780.0,55.0,4,107,14.965034965034965,16,0,SR,1,1,1,1,1,0,0,Superfast,Hyderabad - Chennai Express,12604
2177.0,1690.0,77.28994082840237,1,270,12.40238860817639,6,0,SR,1,0,0,1,0,0,0,Express,Chennai Central-H.Nizamuddin Garib Rath Express,12611
2176.0,1695.0,77.02654867256638,1,270,12.408088235294116,16,0,SR,1,0,0,1,0,0,0,Express,H Nizamuddin-Chennai Garib Rath Express,12612
139.0,150.0,55.6,1,23,16.546762589928058,11,0,SWR,1,0,0,0,0,1,0,Superfast,Tippu Express,12613
139.0,150.0,55.6,1,23,16.546762589928058,15,0,SWR,1,0,0,0,0,1,0,Superfast,Tippu Express,12614
2184.0,2135.0,61.377049180327866,4,274,12.545787545787546,18,0,SR,1,1,1,1,1,0,0,Superfast,GrandTrunk Express,12616
1186.0,955.0,74.5130890052356,3,94,7.925801011804385,14,0,SR,1,0,1,1,1,0,0,Superfast,MANGALORE CENT - MUMBAI LTT Matsyagandha Exp,12620
2184.0,1965.0,66.68702290076335,4,274,12.545787545787546,22,1,SR,1,1,1,1,1,0,0,Superfast,Tamil Nadu Express,12622
909.0,940.0,58.02127659574468,4,161,17.71177117711771,19,0,SR,1,1,1,1,1,0,0,Superfast,Chennai Tiruvananthapuram SF Mail,12623
3036.0,3025.0,60.21818181818182,3,398,13.10935441370224,11,0,SR,1,0,1,1,1,0,0,Superfast,Kerala Express,12625
3036.0,3065.0,59.43230016313213,3,399,13.142292490118578,11,0,SR,1,0,1,1,1,0,0,Superfast,Kerala Express,12626
2406.0,2425.0,59.5298969072165,4,276,11.471321695760599,21,0,SWR,1,1,1,1,1,0,0,Superfast,Karnataka Express,12628
2610.0,2665.0,58.76172607879925,4,312,11.954022988505747,12,0,SWR,1,1,1,1,1,0,0,Premium,Karnataka Sampark Kranti Express,12629
2610.0,2745.0,57.049180327868854,4,312,11.954022988505747,8,0,SWR,1,1,1,1,1,0,0,Premium,Karnataka Sampark Kranti Express,12630
497.0,485.0,61.48453608247422,1,94,18.913480885311873,12,0,SR,1,0,0,0,0,1,0,Superfast,CHENNAI EGMORE - MADURAI Vaigai SF Exp,12635
497.0,540.0,55.22222222222222,5,94,18.913480885311873,21,0,SR,1,1,1,1,1,0,1,Superfast,CHENNAI EGMORE - MADURAI Pandiyan SF Exp,12637
497.0,540.0,55.22222222222222,5,94,18.913480885311873,20,0,SR,1,1,1,1,1,0,1,Superfast,MADURAI - CHENNAI EGMORE Pandiyan SF Exp,12638
362.0,355.0,61.183098591549296,1,75,20.718232044198896,14,0,SR,1,0,0,0,0,1,0,Superfast,BANGALORE - CHENNAI CENT Brindavan Exp,12640
3014.0,3045.0,59.389162561576356,2,396,13.13868613138686,14,0,SR,1,0,0,1,1,0,0,Superfast,Swarna Jayanthi Express,12643
3014.0,3190.0,56.689655172413794,2,396,13.13868613138686,6,0,SR,1,0,0,1,1,0,0,Superfast,Swarna Jayanti Express,12644
2277.0,2105.0,64.90261282660332,4,261,11.462450592885375,22,1,SWR,1,1,1,1,1,0,0,Premium,Karnataka Sampark Kranti Express,12649
2276.0,2175.0,62.786206896551725,4,261,11.467486818980667,6,0,SWR,1,1,1,1,1,0,0,Premium,Karnataka Sampark Kranti Express,12650
2677.0,2525.0,63.61188118811881,4,407,15.203586103847591,23,1,SR,1,1,1,1,1,0,0,Premium,MADURAI - DELHI H NIZAMUDDIN Tamil Nadu S Kranti,12651
635.0,690.0,55.21739130434783,3,108,17.007874015748033,20,0,SR,1,0,1,1,1,0,0,Superfast,Mangalore Tiruchirappalli Weekly Superfast Express,12654
362.0,355.0,61.183098591549296,4,75,20.718232044198896,23,1,SWR,1,1,1,1,1,0,0,Superfast,CHENNAI - BANGALORE Mail,12657
362.0,355.0,61.183098591549296,4,75,20.718232044198896,22,1,SWR,1,1,1,1,1,0,0,Superfast,BANGALORE - CHENNAI Mail,12658
670.0,725.0,55.44827586206896,3,110,16.417910447761194,19,0,SR,1,0,1,1,1,0,0,Superfast,SENGOTTAI - CHENNAI EGMORE Pothigai SF Exp,12662
2025.0,2120.0,57.31132075471698,3,355,17.530864197530864,16,0,SR,1,0,1,1,1,0,0,Superfast,Tiruchirappalli-Howrah Express,12664
405.0,660.0,36.81818181818182,2,55,13.580246913580247,22,1,NFR,1,0,0,1,1,0,0,Express,Jorhat Town InterCity Express,15605
33.0,55.0,36.0,0,19,57.57575757575757,7,0,SR,0,0,0,0,0,0,0,Passenger,Chennai Beach Tambaram EMU(12 Car),40011
3067.0,2880.0,63.895833333333336,3,371,12.096511248777306,13,0,SR,1,0,1,1,1,0,0,Superfast,ERNAKULAM - NEW DELHI H NIZAMUDDIN Mangala Lakshadweep Exp,12617
3067.0,2920.0,63.020547945205486,3,369,12.031300945549397,9,0,SR,1,0,1,1,1,0,0,Superfast,NEW DELHI H NIZAMUDDIN - ERNAKULAM Mangala Lakshadweep Exp,12618
2184.0,1980.0,66.18181818181819,4,274,12.545787545787546,22,1,SR,1,1,1,1,1,0,0,Superfast,Tamil Nadu Express,12621
2406.0,2355.0,61.29936305732484,4,276,11.471321695760599,19,0,SWR,1,1,1,1,1,0,0,Superfast,Karnataka Express,12627
653.0,700.0,55.971428571428575,4,111,16.998468606431853,20,0,SR,1,0,1,1,1,0,1,Superfast,CHENNAI EGMORE - TIRUNELVELI Nellai SF Exp,12631
653.0,710.0,55.183098591549296,4,111,16.998468606431853,18,0,SR,1,0,1,1,1,0,1,Superfast,TIRUNELVELI - CHENNAI EGMORE Nellai SF Exp,12632
742.0,810.0,54.96296296296296,4,122,16.442048517520217,17,0,SR,1,1,1,1,1,0,0,Superfast,KANNIYAKUMARI - CHENNAI EGMORE SF Exp,12634
362.0,365.0,59.50684931506849,1,75,20.718232044198896,7,0,SR,1,0,0,0,0,1,0,Superfast,CHENNAI CENT - BANGALORE Brindavan Exp,12639
2919.0,3045.0,57.51724137931034,3,435,14.902363823227132,6,0,SR,1,0,1,1,1,0,0,Superfast,D H NIZAMUDDIN - KANYAKUMARI Thirukkural Exp,12642
2809.0,2770.0,60.844765342960294,3,353,12.566749733001068,18,0,SR,1,0,1,1,1,0,0,Superfast,Millennium Expres,12645
2809.0,2880.0,58.520833333333336,3,353,12.566749733001068,6,0,SR,1,0,1,1,1,0,0,Superfast,Millennium Express,12646
2671.0,2820.0,56.829787234042556,3,313,11.718457506551854,15,0,SR,1,0,1,1,1,0,0,Superfast,Kongu Express,12647
2671.0,2930.0,54.696245733788395,3,313,11.718457506551854,8,0,SR,1,0,1,1,1,0,0,Superfast,Kongu Express,12648
1893.0,2015.0,56.36724565756823,4,261,13.787638668779715,6,0,SR,1,1,1,1,1,0,0,Superfast,Navjeevan Express,12655
1893.0,2015.0,56.36724565756823,4,261,13.787638668779715,9,0,SR,1,1,1,1,1,0,0,Superfast,Navajivan Express,12656
2583.0,2835.0,54.666666666666664,3,416,16.10530391018196,14,0,SR,1,0,1,1,1,0,0,Superfast,Gurudev Express,12659
2583.0,2820.0,54.95744680851064,3,416,16.10530391018196,23,1,SR,1,0,1,1,1,0,0,Superfast,Shalimar-Nagercoil Gurudev Express,12660
727.0,800.0,54.525,3,120,16.506189821182943,18,0,SR,1,0,1,1,1,0,0,Superfast,CHENNAI EGMORE - NAGERCOIL SF Exp,12667
727.0,775.0,56.28387096774194,3,120,16.506189821182943,17,0,SR,1,0,1,1,1,0,0,Superfast,NAGERCOIL - CHENNAI EGMORE SF Exp,12668
497.0,480.0,62.125,4,91,18.30985915492958,22,1,SR,1,1,1,1,1,0,0,Superfast,Cheran Express,12673
497.0,495.0,60.24242424242424,4,91,18.30985915492958,22,1,SR,1,1,1,1,1,0,0,Superfast,Cheran Express,12674
497.0,460.0,64.82608695652173,1,91,18.30985915492958,6,0,SR,1,0,0,0,0,1,0,Superfast,Kovai Express,12675
497.0,440.0,67.77272727272728,1,91,18.30985915492958,14,0,SR,1,0,0,0,0,1,0,Superfast,Kovai Express,12676
587.0,640.0,55.03125,1,78,13.287904599659285,6,0,SR,1,0,0,0,0,1,0,Superfast,Bangalore City - Ernakulam Intercity SF Express,12677
587.0,640.0,55.03125,1,78,13.287904599659285,9,0,SR,1,0,0,0,0,1,0,Superfast,Ernakulam-BangaloreCity Intercity Express,12678
497.0,465.0,64.12903225806451,1,91,18.30985915492958,14,0,SR,1,0,0,0,0,1,0,Superfast,ChennaiCentral-Coimbatore InterCity,12679
497.0,455.0,65.53846153846155,1,91,18.30985915492958,6,0,SR,1,0,0,0,0,1,0,Superfast,Coimbatore-Chennai Central InterCity SF Express,12680
497.0,500.0,59.63999999999999,3,91,18.30985915492958,22,1,SR,1,0,1,1,1,0,0,Superfast,Chennai-Coimbatore Express,12681
497.0,480.0,62.125,3,91,18.30985915492958,23,1,SR,1,0,1,1,1,0,0,Superfast,Coimbatore-Chennai Express,12682
625.0,680.0,55.147058823529406,3,94,15.04,17,0,SR,1,0,1,1,1,0,0,Superfast,ERNAKULAM - BANGALORE SF Exp,12683
922.0,975.0,56.738461538461536,4,166,18.004338394793926,15,0,SR,1,0,1,1,1,0,1,Superfast,Chennai-Trivandrum SuperFast Express,12695
922.0,1000.0,55.31999999999999,4,165,17.89587852494577,17,0,SR,1,0,1,1,1,0,1,Superfast,Trivandrum-Chennai Superfast Express,12696
909.0,920.0,59.28260869565217,3,162,17.821782178217823,15,0,SR,1,0,1,1,1,0,0,Superfast,Chennai-Thiruvananthapuram Express,12697
909.0,975.0,55.93846153846154,3,161,17.71177117711771,20,0,SR,1,0,1,1,1,0,0,Superfast,Thiruvananthapuram Central Chennai Central weekly express,12698
790.0,860.0,55.11627906976744,4,138,17.468354430379748,21,0,SCR,1,1,1,1,1,0,0,Superfast,Hussain Sagar Express,12701
790.0,860.0,55.11627906976744,3,138,17.468354430379748,14,0,SCR,1,0,1,1,1,0,0,Superfast,Hussain Sagar Express,12702
1545.0,1570.0,59.044585987261144,4,245,15.857605177993529,7,0,SCR,1,1,1,1,1,0,0,Superfast,Howrah - Secunderabad Falaknuma SF Express,12703
1545.0,1545.0,60.0,4,245,15.857605177993529,16,0,SCR,1,1,1,1,1,0,0,Superfast,Falaknuma Express,12704
2302.0,2175.0,63.50344827586207,3,276,11.989574283231972,5,0,SCR,1,0,1,1,1,0,0,Premium,Andhra Pradesh Sampark Kranti Express,12707
2302.0,2290.0,60.31441048034935,3,276,11.989574283231972,7,0,SCR,1,0,1,1,1,0,0,Premium,Andhra Pradesh Sampark Kranti Express,12708
644.0,620.0,62.32258064516129,4,88,13.664596273291925,22,1,SCR,1,1,1,1,1,0,0,Superfast,Simhapuri SF Express,12710
431.0,420.0,61.57142857142857,1,72,16.705336426914155,6,0,SCR,1,0,0,0,0,1,0,Superfast,Pinakini Express,12711
431.0,425.0,60.847058823529416,1,72,16.705336426914155,14,0,SCR,1,0,0,0,0,1,0,Superfast,Pinakini Express,12712
351.0,335.0,62.865671641791046,1,43,12.250712250712251,16,0,SCR,1,0,0,0,0,1,0,Superfast,Satavahana Express,12714
2081.0,2085.0,59.884892086330936,3,257,12.349831811629025,9,0,SCR,1,0,1,1,1,0,0,Superfast,Sachkhand SF Express,12715
404.0,615.0,39.41463414634146,0,50,12.376237623762377,3,1,NFR,1,0,0,0,0,0,0,Express,Mariani-Guwahati Intercity Express,15718
33.0,55.0,36.0,0,19,57.57575757575757,7,0,SR,0,0,0,0,0,0,0,Passenger,Chennai Beach Tambaram EMU(12 Car),40015
170.0,585.0,17.435897435897434,0,34,20.0,10,0,NR,1,0,0,0,0,0,0,Passenger,PATHANKOT - JOGINDER NAGAR PASSENGER,52473
2431.0,2610.0,55.88505747126437,3,421,17.317976141505554,7,0,SR,1,0,1,1,1,0,0,Superfast,KANYAKUMARI - KOL HOWRAH Weekly Exp,12666
2343.0,2525.0,55.67524752475247,3,327,13.956466069142126,17,0,SR,1,0,1,1,1,0,0,Superfast,CHENNAI CENTRAL - CHHAPRA Ganga Kaveri Exp,12669
2343.0,2485.0,56.57142857142858,3,327,13.956466069142126,21,0,SR,1,0,1,1,1,0,0,Superfast,CHHAPRA - CHENNAI CENTRAL Ganga Kaveri Exp,12670
532.0,555.0,57.513513513513516,4,95,17.857142857142858,21,0,SR,1,1,1,1,1,0,0,Superfast,Nilgiri (Blue Mountain) Express,12671
532.0,560.0,56.99999999999999,4,95,17.857142857142858,19,0,SR,1,1,1,1,1,0,0,Superfast,Nilgiri (Blue Mountain) Express,12672
889.0,965.0,55.274611398963735,4,158,17.77277840269966,17,0,SR,1,1,1,1,1,0,0,Superfast,Chennai - Mangalore Express,12685
889.0,950.0,56.14736842105263,4,158,17.77277840269966,16,0,SR,1,1,1,1,1,0,0,Superfast,Mangalore - Chennai Express,12686
2488.0,2595.0,57.52601156069364,3,317,12.741157556270098,9,0,SR,1,0,1,1,1,0,0,Superfast,Chennai Dehradun Express,12687
2488.0,2575.0,57.97281553398059,3,317,12.741157556270098,7,0,SR,1,0,1,1,1,0,0,Superfast,Dehradun Chennai Express,12688
927.0,1005.0,55.343283582089555,2,153,16.50485436893204,19,0,SR,1,0,0,1,1,0,0,Superfast,NAGERCOIL - CHENNAI SF Exp,12690
529.0,590.0,53.79661016949152,3,96,18.147448015122873,23,1,SR,1,0,1,1,1,0,0,Superfast,CHENNAI - SSP NILAYAM SF Exp,12691
529.0,630.0,50.38095238095238,3,96,18.147448015122873,18,0,SR,1,0,1,1,1,0,0,Superfast,SSP NILAYAM - CHENNAI SF Exp,12692
656.0,715.0,55.048951048951054,5,113,17.225609756097562,19,0,SR,1,1,1,1,1,0,1,Superfast,CHENNAI EGMORE - TUTICORIN Pearl City SF Exp,12693
656.0,715.0,55.048951048951054,5,113,17.225609756097562,19,0,SR,1,1,1,1,1,0,1,Superfast,TUTICORIN - CHENNAI EGMORE Pearl City SF Exp,12694
383.0,410.0,56.04878048780488,1,47,12.27154046997389,15,0,SCR,1,0,0,0,0,1,0,Superfast,Guntur-Secunderabad SF Intercity,12705
383.0,405.0,56.74074074074074,1,47,12.27154046997389,7,0,SCR,1,0,0,0,0,1,0,Superfast,Secunderabad-Guntur SF Intercity,12706
2081.0,2050.0,60.90731707317074,3,257,12.349831811629025,5,0,SCR,1,0,1,1,1,0,0,Superfast,Sachkhand SF Express,12716
1711.0,1850.0,55.491891891891896,3,248,14.494447691408533,17,0,SCR,1,0,1,1,1,0,0,Superfast,AJMER - HYDERABAD DECCAN SF Exp,12719
1711.0,1835.0,55.94550408719346,3,250,14.611338398597312,20,0,SCR,1,0,1,1,1,0,0,Superfast,HYDERABAD DECCAN - AJMER SF Exp,12720
490.0,530.0,55.471698113207545,1,67,13.673469387755102,13,0,SWR,1,0,0,0,0,1,0,Superfast,Siddhaganga Intercity Express,12725
490.0,530.0,55.471698113207545,1,67,13.673469387755102,5,0,SWR,1,0,0,0,0,1,0,Superfast,Siddhaganga InterCity Express,12726
801.0,855.0,56.21052631578947,3,93,11.610486891385769,16,0,SCR,1,0,1,1,1,0,0,Superfast,Tirupati-Secunderabad Express,12731
801.0,870.0,55.241379310344826,3,93,11.610486891385769,19,0,SCR,1,0,1,1,1,0,0,Superfast,Secunderabad-Tirupati Express,12732
661.0,720.0,55.083333333333336,4,86,13.010590015128592,18,0,SCR,1,1,1,1,1,0,0,Superfast,Narayanadri Express,12733
661.0,720.0,55.083333333333336,4,86,13.010590015128592,18,0,SCR,1,1,1,1,1,0,0,Superfast,Narayanadri Express,12734
566.0,615.0,55.21951219512195,4,84,14.840989399293285,20,0,SCR,1,1,1,1,1,0,0,Superfast,Gowthami SF Express,12737
566.0,615.0,55.21951219512195,4,84,14.840989399293285,21,0,SCR,1,1,1,1,1,0,0,Superfast,Secunderabad - Kakinada Gowthami SF Express,12738
701.0,675.0,62.31111111111111,1,102,14.550641940085592,20,0,SCR,1,0,0,1,0,0,0,Express,Secunderabad-Visakhapatnam Garib Rath,12740
2419.0,2460.0,59.0,3,297,12.277800744109136,19,0,SWR,1,0,1,1,1,0,0,Superfast,VASCO DA GAMA - PATNA SF Exp,12741
2419.0,2575.0,56.365048543689326,3,293,12.112443158329889,14,0,SWR,1,0,1,1,1,0,0,Superfast,PATNA - VASCO DA GAMA SF Exp,12742
353.0,385.0,55.01298701298701,1,50,14.164305949008499,5,0,SCR,1,0,0,0,0,1,0,Superfast,Palnadu Express,12747
353.0,375.0,56.48,1,50,14.164305949008499,13,0,SCR,1,0,0,0,0,1,0,Superfast,Palnadu Express,12748
1502.0,1580.0,57.037974683544306,4,235,15.645805592543276,12,0,ECoR,1,1,1,1,1,0,0,Superfast,Mumbai LTT-Visakhapatnam SF Express,12750
331.0,360.0,55.166666666666664,3,36,10.876132930513595,21,0,SCR,1,0,1,1,1,0,0,Superfast,Manuguru-Secunderabad Tri Weekly SF Express,12751
331.0,360.0,55.166666666666664,3,36,10.876132930513595,23,1,SCR,1,0,1,1,1,0,0,Superfast,Secunderabad-Manuguru SF Express,12752
2257.0,2445.0,55.38650306748466,3,348,15.4186973859105,11,0,SR,1,0,1,1,1,0,0,Superfast,Chennai-NewJalpaiguri SF Express,12753
2257.0,2455.0,55.16089613034624,3,348,15.4186973859105,22,1,SR,1,0,1,1,1,0,0,Superfast,New Jalpaiguri-Chennai SF Express,12754
737.0,770.0,57.42857142857142,3,100,13.568521031207599,17,0,SCR,1,0,1,1,1,0,0,Superfast,Padmavati Express,12763
737.0,750.0,58.96,3,100,13.568521031207599,18,0,SCR,1,0,1,1,1,0,0,Superfast,Padmavati Express,12764
1307.0,1420.0,55.225352112676056,3,196,14.996174445294567,6,0,SWR,1,0,1,1,1,0,0,Superfast,HUBLI - TRIVANDRUM KOCHUVELI SF Exp,12777
29.0,55.0,31.636363636363637,0,19,65.51724137931035,9,0,Unknown,0,0,0,0,0,0,0,Passenger,Chennai Beach TambaramEMU,40045
141.0,400.0,21.15,0,25,17.73049645390071,15,0,NR,1,0,0,0,0,0,0,Passenger,PATHANKOT - BAIJNATHPAPROLA PASSENGER,52469
53.0,135.0,23.555555555555557,0,12,22.641509433962263,17,0,ER,1,0,0,0,0,0,0,Passenger,Bhagalpur Banka Passenger,53448
110.0,190.0,34.73684210526316,0,16,14.545454545454545,17,0,NER,1,0,0,0,0,0,0,Passenger,Chhapra Bhatni Passenger,55010
49.0,80.0,36.75,0,8,16.3265306122449,17,0,NER,1,0,0,0,0,0,0,Passenger,Bhatni Chhapra Passenger,55118
165.0,355.0,27.887323943661972,0,23,13.93939393939394,14,0,NER,1,0,0,0,0,0,0,Passenger,Bhatani Manduadih Passenger,55123
351.0,365.0,57.6986301369863,1,60,17.094017094017094,12,0,SCR,1,0,0,0,0,1,0,Superfast,Ratnachal SF Express,12717
351.0,360.0,58.5,1,60,17.094017094017094,6,0,SCR,1,0,0,0,0,1,0,Superfast,Ratnachal SF Express,12718
1670.0,1775.0,56.45070422535211,3,194,11.616766467065869,22,1,SCR,1,0,1,1,1,0,0,Superfast,Dakshin SF Express,12721
1670.0,1810.0,55.35911602209944,3,194,11.616766467065869,22,1,SCR,1,0,1,1,1,0,0,Superfast,Dakshin SF Express,12722
1677.0,1600.0,62.887499999999996,4,198,11.806797853309481,6,0,SCR,1,1,1,1,1,0,0,Superfast,Andhra Pradesh Express,12723
1677.0,1580.0,63.68354430379747,4,198,11.806797853309481,17,0,SCR,1,1,1,1,1,0,0,Superfast,Andhra Pradesh Express,12724
711.0,770.0,55.4025974025974,4,109,15.330520393811533,17,0,SCR,1,1,1,1,1,0,0,Superfast,Godavari SF Express,12727
711.0,755.0,56.503311258278146,4,109,15.330520393811533,17,0,SCR,1,1,1,1,1,0,0,Superfast,Godavari SF Express,12728
662.0,720.0,55.166666666666664,3,69,10.422960725075528,22,1,SCR,1,0,1,1,1,0,0,Superfast,Pune-Nanded Express,12729
662.0,720.0,55.166666666666664,3,69,10.422960725075528,21,0,SCR,1,0,1,1,1,0,0,Superfast,Nanded-Pune SuperFast Express,12730
1647.0,1655.0,59.70996978851964,2,268,16.272009714632667,14,0,SR,1,0,0,1,1,0,0,Superfast,Sangrami SF Expres,12755
1647.0,1770.0,55.83050847457627,2,268,16.272009714632667,11,0,SR,1,0,0,1,1,0,0,Superfast,Sangrami Expres,12756
790.0,830.0,57.10843373493976,4,121,15.316455696202532,18,0,SCR,1,1,1,1,1,0,0,Superfast,Charminar Express,12759
790.0,825.0,57.45454545454545,4,121,15.316455696202532,18,0,SCR,1,1,1,1,1,0,0,Superfast,Charminar Express,12760
625.0,680.0,55.147058823529406,4,72,11.52,19,0,SCR,1,1,1,1,1,0,0,Superfast,Kacheguda-Bangalore SF Express,12785
407.0,440.0,55.5,2,44,10.81081081081081,20,0,SR,1,0,0,1,1,0,0,Superfast,Rameswaram Kanyakumari SF Express,12789
407.0,440.0,55.5,2,44,10.81081081081081,22,1,SR,1,0,0,1,1,0,0,Superfast,Kanyakumari Rameswaram SF Express,12790
1840.0,1990.0,55.47738693467337,3,261,14.184782608695654,10,0,SCR,1,0,1,1,1,0,0,Superfast,SECUNDERABAD - DANAPUR SF EXP,12791
1840.0,2005.0,55.062344139650875,3,261,14.184782608695654,12,0,SCR,1,0,1,1,1,0,0,Superfast,DANAPUR - SECUNDERABAD SF EXP,12792
561.0,605.0,55.63636363636363,4,106,18.89483065953654,22,1,SR,1,1,1,1,1,0,0,Superfast,Chennai Egmore Madurai BI-Weekly Superfast Express,12793
561.0,610.0,55.180327868852466,4,106,18.89483065953654,21,0,SR,1,1,1,1,1,0,0,Superfast,Madurai Chennai Egmore BI-Weekly Superfast Express,12794
1863.0,1860.0,60.096774193548384,3,274,14.70746108427268,22,1,ECoR,1,0,1,1,1,0,0,Superfast,Purushottam SF Express,12802
689.0,745.0,55.48993288590604,1,102,14.804063860667634,6,0,ECoR,1,0,0,0,0,1,0,Superfast,Janmabhoomi Express,12805
689.0,750.0,55.12,1,102,14.804063860667634,7,0,ECoR,1,0,0,0,0,1,0,Superfast,Janmabhoomi Express,12806
1706.0,1650.0,62.03636363636364,3,236,13.833528722157094,0,1,SER,1,0,1,1,1,0,0,Superfast,MUMBAI - HATIA LTT SF Exp,12811
1706.0,1675.0,61.110447761194024,3,241,14.126611957796015,9,0,SER,1,0,1,1,1,0,0,Superfast,HATIA - MUMBAI LTT SF Exp,12812
250.0,235.0,63.829787234042556,3,51,20.4,17,0,SER,1,1,0,1,0,1,0,Superfast,Steel Express,12813
250.0,245.0,61.22448979591837,3,51,20.4,6,0,SER,1,1,0,1,0,1,0,Superfast,Steel Express,12814
1794.0,1795.0,59.966573816155986,3,263,14.659977703455963,6,0,SER,1,0,1,1,1,0,0,Superfast,New Delhi-Puri Superfast Express,12816
1300.0,1390.0,56.115107913669064,3,176,13.538461538461538,14,0,SER,1,0,1,1,1,0,0,Superfast,Jharkhand Swarna Jayanti SF Express,12817
1303.0,1250.0,62.544000000000004,3,176,13.507290867229472,19,0,SER,1,0,1,1,1,0,0,Superfast,Jharkhand Swarna Jayanti Express,12818
1799.0,1750.0,61.68,3,261,14.508060033351864,15,0,ECoR,1,0,1,1,1,0,0,Premium,Orissa Sampark Kranti Express,12819
1799.0,1740.0,62.03448275862069,3,261,14.508060033351864,7,0,ECoR,1,0,1,1,1,0,0,Premium,Orissa Sampark Kranti Express,12820
502.0,510.0,59.05882352941177,1,102,20.318725099601597,6,0,SER,1,0,0,0,0,1,0,Superfast,Dhauli Express,12821
502.0,505.0,59.64356435643565,1,102,20.318725099601597,11,0,SER,1,0,0,0,0,1,0,Superfast,Dhauli Express,12822
323.0,330.0,58.72727272727273,1,61,18.88544891640867,16,0,SER,1,0,0,0,0,1,0,Superfast,Howrah Purulia Express,12827
323.0,350.0,55.371428571428574,1,61,18.88544891640867,5,0,SER,1,0,0,0,0,1,0,Superfast,Howrah Express,12828
1223.0,1225.0,59.902040816326526,3,193,15.780866721177432,21,0,ECoR,1,0,1,1,1,0,0,Superfast,Chennai Bhubaneswar SF Express,12829
1223.0,1255.0,58.470119521912345,3,193,15.780866721177432,12,0,ECoR,1,0,1,1,1,0,0,Superfast,Bhubaneswar Chennai Superfast Express,12830
780.0,975.0,48.0,1,124,15.897435897435898,16,0,SER,1,0,0,1,0,0,0,Express,DHANBAD - BHUBANESWAR Garib Rath Exp,12831
780.0,875.0,53.48571428571428,1,124,15.897435897435898,20,0,SER,1,0,0,1,0,0,0,Express,BHUBANESWAR - DHANBAD Garib Rath Exp,12832
2087.0,2255.0,55.52993348115299,3,332,15.908001916626736,23,1,SER,1,0,1,1,1,0,0,Superfast,AHMEDABAD - HOWRAH SF EXP,12833
2087.0,2250.0,55.653333333333336,3,322,15.42884523239099,23,1,SER,1,0,1,1,1,0,0,Superfast,HOWRAH - AHMEDABAD SF EXP,12834
33.0,55.0,36.0,0,19,57.57575757575757,8,0,SR,0,0,0,0,0,0,0,Passenger,Chennai Beach Tambaram EMU(12 Car),40017
49.0,185.0,15.891891891891891,0,8,16.3265306122449,9,0,NER,1,0,0,0,0,0,0,Passenger,Siwan Bhatni Passenger,55117
161.0,305.0,31.672131147540984,0,22,13.664596273291925,5,0,NER,0,0,0,0,0,0,0,Passenger,Bhatni Varanasi Passenger,55121
165.0,320.0,30.9375,0,23,13.93939393939394,6,0,NER,1,0,0,0,0,0,0,Passenger,Manduadih Bhatni Passenger,55122
158.0,345.0,27.47826086956522,0,21,13.291139240506329,14,0,NER,0,0,0,0,0,0,0,Passenger,Varanasi City- Bhatni Passenger,55124
2202.0,2345.0,56.3411513859275,3,287,13.033605812897367,15,0,SWR,1,0,1,1,1,0,0,Superfast,VASCO DA GAMA - DELHI H NIZAMUDDIN Goa Exp,12779
2202.0,2365.0,55.8646934460888,2,252,11.444141689373296,15,0,SWR,1,0,1,0,1,0,0,Superfast,H.Nizamuddin Hubli Goa Express Slip,12780-Slip
2618.0,2695.0,58.28571428571429,3,294,11.229946524064172,20,0,SWR,1,0,1,1,1,0,0,Superfast,Mysore-Nizamuddin Swarna Jayanti Express,12781
2493.0,2695.0,55.50278293135436,3,347,13.918973124749298,8,0,SR,1,0,1,1,1,0,0,Superfast,Bilaspur Tirunelveli SF Express,12787
2494.0,2675.0,55.94018691588785,3,347,13.913392141138733,1,1,SR,1,0,1,1,1,0,0,Superfast,Tirunelveli Bilaspur SF Express,12788
1863.0,1860.0,60.096774193548384,3,274,14.70746108427268,21,0,ECoR,1,0,1,1,1,0,0,Superfast,Purushottam SF Express,12801
2096.0,2125.0,59.18117647058824,3,258,12.30916030534351,6,0,SER,1,0,1,1,1,0,0,Superfast,Swarna Jayanti Express,12804
1911.0,2060.0,55.66019417475728,3,218,11.40763997906855,6,0,ECoR,1,0,1,1,1,0,0,Superfast,Samata Express,12807
1911.0,2030.0,56.48275862068965,3,218,11.40763997906855,8,0,ECoR,1,0,1,1,1,0,0,Superfast,Samata Express,12808
1804.0,1805.0,59.96675900277008,3,261,14.467849223946786,10,0,SER,1,0,1,1,1,0,0,Superfast,Puri New Delhi Superfast Express,12815
1281.0,1265.0,60.758893280632414,4,150,11.709601873536299,12,0,SER,1,1,1,1,1,0,0,Premium,Chhattisgarh Sampark Kranti Express,12823
1284.0,1305.0,59.03448275862069,4,150,11.682242990654206,17,0,SER,1,1,1,1,1,0,0,Premium,Chhattisgarh Sampark Kranti Express,12824
1306.0,1270.0,61.7007874015748,3,178,13.629402756508423,23,1,SER,1,0,1,1,1,0,0,Premium,Jharkhand Sampark Kranti Express,12825
502.0,535.0,56.29906542056075,4,102,20.318725099601597,22,1,SER,1,1,1,1,1,0,0,Superfast,Howrah-Puri Express,12837
502.0,525.0,57.371428571428574,4,102,20.318725099601597,20,0,SER,1,1,1,1,1,0,0,Superfast,Puri Howrah Express,12838
1662.0,1685.0,59.18100890207715,4,281,16.90734055354994,23,1,SER,1,1,1,1,1,0,0,Superfast,Howrah Chennai Superfast Mail,12839
1662.0,1585.0,62.91482649842271,4,281,16.90734055354994,14,0,SER,1,1,1,1,1,0,0,Superfast,Coromandel Express,12841
1662.0,1625.0,61.36615384615385,4,281,16.90734055354994,8,0,SER,1,1,1,1,1,0,0,Superfast,Coromandel Express,12842
1524.0,1660.0,55.084337349397586,3,239,15.682414698162729,7,0,ECoR,1,0,1,1,1,0,0,Superfast,BHUBANESWAR - BENGALURU CANTT SF Exp,12845
33.0,55.0,36.0,0,19,57.57575757575757,8,0,SR,0,0,0,0,0,0,0,Passenger,Chennai Beach Tambaram EMU,40019
502.0,540.0,55.77777777777778,3,102,20.318725099601597,20,0,SER,1,0,1,1,1,0,0,Superfast,Howrah-Puri Express,12887
311.0,335.0,55.701492537313435,0,56,18.006430868167204,13,0,SER,1,0,0,0,0,0,0,Superfast,Aranyak Express,12886
311.0,320.0,58.3125,0,57,18.327974276527332,7,0,SER,1,0,0,0,0,0,0,Superfast,Aranyak Express,12885
333.0,350.0,57.08571428571429,1,63,18.91891891891892,6,0,SER,1,0,0,0,0,1,0,Superfast,Rupashi Bangla Express,12883
502.0,530.0,56.83018867924528,1,102,20.318725099601597,22,1,SER,1,0,0,1,0,0,0,Express,Puri Howrah Garib Rath,12882
502.0,540.0,55.77777777777778,1,102,20.318725099601597,20,0,SER,1,0,0,1,0,0,0,Express,Howrah Puri Garib Rath,12881
745.0,805.0,55.52795031055901,1,117,15.70469798657718,5,0,SER,1,0,0,0,0,1,0,Superfast,TITLAGARH - HOWRAH Ispat Exp,12872
1334.0,1450.0,55.199999999999996,3,161,12.068965517241379,13,0,SER,1,0,1,1,1,0,0,Superfast,Jharkhand Swarna Jayanti Express,12873
1334.0,1445.0,55.391003460207614,3,161,12.068965517241379,19,0,SER,1,0,1,1,1,0,0,Superfast,Jharkhand Swarna Jayanti Express,12874
1910.0,2085.0,54.96402877697842,3,322,16.858638743455497,10,0,ECoR,1,0,1,1,1,0,0,Superfast,PURI - NEW DELHI Neelanchal SF Exp,12875
1910.0,2080.0,55.09615384615385,3,322,16.858638743455497,6,0,ECoR,1,0,1,1,1,0,0,Superfast,NEW DELHI - PURI Neelanchal SF Exp,12876
1341.0,1060.0,75.90566037735849,1,179,13.348247576435496,17,0,SER,1,0,0,1,0,0,0,Express,Ranchi-New Delhi Garib Rath,12877
2202.0,2365.0,55.8646934460888,3,287,13.033605812897367,15,0,SWR,1,0,1,1,1,0,0,Superfast,DELHI H NIZAMUDDIN - VASCO DA GAMA Goa Exp,12780
2130.0,2275.0,56.17582417582418,3,280,13.145539906103286,17,0,ECoR,1,0,1,1,1,0,0,Superfast,Puri Ahmedabad Superfast Express,12843
2130.0,2330.0,54.84978540772532,3,280,13.145539906103286,18,0,SER,1,0,1,1,1,0,0,Superfast,Ahmedabad Puri Superfast Express,12844
1788.0,1880.0,57.06382978723404,3,248,13.870246085011187,0,1,SER,1,0,1,1,1,0,0,Superfast,MUMBAI LTT - BHUBANESWAR SF Exp,12879
333.0,340.0,58.764705882352935,1,63,18.91891891891892,15,0,SER,1,0,0,0,0,1,0,Superfast,Rupashi Bangla Express,12884
1789.0,1825.0,58.81643835616438,3,246,13.750698714365567,7,0,SER,1,0,1,1,1,0,0,Superfast,BHUBANESWAR - MUMBAI LTT SF Exp,12880
275.0,293.0,56.31399317406143,1,47,17.09090909090909,5,0,SER,1,0,0,0,0,1,0,Superfast,Baripada- Bhubaneswar Express,12891
502.0,530.0,56.83018867924528,3,102,20.318725099601597,22,1,SER,1,0,1,1,1,0,0,Superfast,Howrah Express,12888
397.0,415.0,57.39759036144578,1,47,11.838790931989925,6,0,SER,1,0,0,0,0,1,0,Superfast,BHUBANESWAR - BALANGIR SF Exp,12893
275.0,295.0,55.932203389830505,1,47,17.09090909090909,17,0,SER,1,0,0,0,0,1,0,Superfast,Bhubaneswar Baripada SF Express,12892
502.0,540.0,55.77777777777778,3,102,20.318725099601597,20,0,SER,1,0,1,1,1,0,0,Superfast,Kolkata-Puri Express,12895
397.0,430.0,55.3953488372093,1,47,11.838790931989925,14,0,SER,1,0,0,0,0,1,0,Superfast,BALANGIR - BHUBANESWAR SF Exp,12894
1424.0,1455.0,58.72164948453608,3,241,16.924157303370787,18,0,SER,1,0,1,1,1,0,0,Superfast,Puducherry-Bhubaneswar Express,12897
502.0,530.0,56.83018867924528,3,102,20.318725099601597,22,1,SER,1,0,1,1,1,0,0,Superfast,Puri-Howrah Express,12896
1891.0,1935.0,58.63565891472868,4,270,14.278159703860391,21,0,WR,1,1,1,1,1,0,0,Superfast,Golden Temple Mail,12903
1424.0,1535.0,55.66123778501629,3,241,16.924157303370787,12,0,SER,1,0,1,1,1,0,0,Superfast,Bhubaneswar-Puducherry Superfast Express,12898
1366.0,1215.0,67.45679012345678,3,190,13.90922401171303,21,0,WR,1,0,1,1,1,0,0,Premium,Maharashtra Sampark Kranti Express,12908
2586.0,2705.0,57.36044362292051,3,358,13.843774168600156,22,1,WR,0,0,1,1,1,0,0,Superfast,Howrah-Porbandar SF Express Slip,12906-Slip
1433.0,1475.0,58.291525423728814,3,195,13.60781577110956,15,0,WR,1,0,1,1,1,0,0,Superfast,Valsad-Haridwar Exp,12911
1366.0,990.0,82.78787878787878,2,190,13.90922401171303,15,0,WR,1,0,0,1,0,1,0,Express,H.Nizamuddin-Bandra Terminus Garib Rath Express,12910
652.0,710.0,55.09859154929577,3,74,11.349693251533743,20,0,WR,1,0,1,1,1,0,0,Superfast,Indore-Nagpur Weekly Express,12913
1433.0,1415.0,60.76325088339223,3,195,13.60781577110956,18,0,WR,1,0,1,1,1,0,0,Superfast,Haridwar Valsad Superfast Express,12912
1540.0,1650.0,56.0,3,207,13.441558441558442,12,0,WR,1,0,1,1,1,0,0,Superfast,Malwa Express,12919
652.0,695.0,56.28776978417266,3,74,11.349693251533743,19,0,WR,1,0,1,1,1,0,0,Superfast,Nagpur-Indore Weekly Express,12914
263.0,280.0,56.357142857142854,1,56,21.29277566539924,17,0,WR,1,0,0,0,0,1,0,Superfast,Flying Rani Express,12921
1540.0,1670.0,55.32934131736527,3,207,13.441558441558442,9,0,WR,1,0,1,1,1,0,0,Superfast,Malwa Express,12920
607.0,660.0,55.18181818181818,3,67,11.037891268533771,21,0,WR,1,0,1,1,1,0,0,Superfast,Indore Nagpur Express,12923
263.0,285.0,55.36842105263158,2,56,21.29277566539924,5,0,WR,1,0,0,0,0,1,1,Superfast,Flying Rani Express,12922
1821.0,1900.0,57.50526315789473,4,262,14.387699066447006,11,0,WR,1,1,1,1,1,0,0,Superfast,Paschim Express,12925
607.0,625.0,58.272000000000006,3,67,11.037891268533771,19,0,WR,1,0,1,1,1,0,0,Superfast,Indore Express,12924
1821.0,1900.0,57.50526315789473,2,262,14.387699066447006,11,0,WR,1,0,0,1,1,0,0,Superfast,Paschim Express Slip,12925-Slip
1821.0,1865.0,58.584450402144775,4,262,14.387699066447006,8,0,WR,1,1,1,1,1,0,0,Superfast,Paschim Express,12926
392.0,385.0,61.090909090909086,4,80,20.408163265306122,23,1,WR,1,1,1,1,1,0,0,Superfast,Mumbai Central -Vadodara Express,12927
392.0,375.0,62.72,4,80,20.408163265306122,22,1,WR,1,1,1,1,1,0,0,Superfast,Vadodara - Mumbai Central Express,12928
344.0,360.0,57.333333333333336,0,57,16.569767441860467,7,0,WR,1,0,0,0,0,0,0,Superfast,Valsad Dahod InterCity Express,12929
344.0,370.0,55.78378378378378,1,57,16.569767441860467,14,0,WR,1,0,0,0,0,0,1,Superfast,Dahod Valsad InterCity Express,12930
252.0,260.0,58.15384615384616,2,48,19.047619047619047,6,0,WR,1,0,0,0,0,1,1,Superfast,Bandra Surat InterCity Express,12935
252.0,260.0,58.15384615384616,2,48,19.047619047619047,16,0,WR,1,0,0,0,0,1,1,Superfast,Surat Bandra InterCity Express,12936
2509.0,2645.0,56.91493383742911,3,407,16.221602231964926,17,0,WR,1,0,1,1,1,0,0,Superfast,GANDHIDHAM - HOWRAH Garbha Exp,12937
2509.0,2535.0,59.38461538461539,3,407,16.221602231964926,23,1,WR,1,0,1,1,1,0,0,Superfast,HOWRAH - GANDHIDHAM Garbha Exp,12938
1302.0,1340.0,58.29850746268657,3,182,13.978494623655914,15,0,NWR,1,0,1,1,1,0,0,Superfast,Pune-Jaipur SF Express,12939
1302.0,1370.0,57.02189781021898,3,182,13.978494623655914,9,0,NWR,1,0,1,1,1,0,0,Superfast,Jaipur-Pune SF Express,12940
33.0,55.0,36.0,0,19,57.57575757575757,8,0,SR,0,0,0,0,0,0,0,Passenger,Chennai Beach TambaramEMU (12 car),40025
101.0,130.0,46.61538461538462,0,16,15.841584158415841,5,0,SER,1,0,0,0,0,0,0,Passenger,CKP ROU SARANDA PASSENGER,58115
491.0,520.0,56.65384615384616,4,99,20.162932790224033,21,0,WR,1,1,1,1,1,0,0,Superfast,Gujarat Mail,12901
491.0,525.0,56.114285714285714,4,99,20.162932790224033,22,1,WR,1,1,1,1,1,0,0,Superfast,Gujarat Mail,12902
1366.0,1255.0,65.30677290836653,3,190,13.90922401171303,16,0,WR,1,0,1,1,1,0,0,Premium,Maharashtra Sampark Kranti Express,12907
1366.0,1010.0,81.14851485148516,2,190,13.90922401171303,16,0,WR,1,0,0,1,0,1,0,Express,Bandra Terminus- Hazrat Nizamuddin Garib Rath,12909
933.0,940.0,59.5531914893617,4,142,15.219721329046088,18,0,WR,1,1,1,1,1,0,0,Superfast,Ashram SF Express,12915
933.0,980.0,57.122448979591844,4,143,15.32690246516613,15,0,WR,1,1,1,1,1,0,0,Superfast,Ashram SF Express,12916
1085.0,1040.0,62.596153846153854,3,138,12.71889400921659,17,0,WR,1,0,1,1,1,0,0,Premium,Gujarat Sampark Kranti Express,12917
491.0,465.0,63.354838709677416,1,99,20.162932790224033,13,0,WR,1,0,0,0,0,1,0,Superfast,Karnavati Express,12933
491.0,460.0,64.04347826086956,1,99,20.162932790224033,4,1,WR,1,0,0,0,0,1,0,Superfast,Karnavati Express,12934
1305.0,1430.0,54.75524475524476,3,161,12.337164750957854,19,0,WR,1,0,1,1,1,0,0,Superfast,Valsad-Kanpur Udyogkarmi Express,12943
1305.0,1415.0,55.3356890459364,3,161,12.337164750957854,8,0,WR,1,0,1,1,1,0,0,Superfast,Kanpur-Valsad Udyogkarmi Express,12944
1409.0,1505.0,56.17275747508306,2,106,7.5230660042583395,9,0,WR,1,0,0,1,1,0,0,Superfast,SURAT - MAHUVA SF Exp,12945
1772.0,1860.0,57.16129032258065,2,238,13.43115124153499,21,0,WR,1,0,0,1,1,0,0,Superfast,Azimabad Express,12947
1772.0,1820.0,58.41758241758242,2,238,13.43115124153499,23,1,WR,1,0,0,1,1,0,0,Superfast,Azimabad Express,12948
2657.0,2895.0,55.067357512953365,3,397,14.941663530297328,7,0,WR,1,0,1,1,1,0,0,Superfast,PORBANDAR - K SANTRAGANCHI Kavi Guru SF Exp,12949
1384.0,950.0,87.41052631578947,3,202,14.595375722543352,16,0,WR,1,1,1,1,0,0,0,Premium,Mumbai Central-New Delhi Rajdhani Express,12951
1159.0,1080.0,64.38888888888889,4,168,14.49525452976704,18,0,WR,1,1,1,1,1,0,0,Superfast,Mumbai-Jaipur SF Express,12955
1159.0,1060.0,65.60377358490565,4,168,14.49525452976704,14,0,WR,1,1,1,1,1,0,0,Superfast,Jaipur-Mumbai SF Express,12956
977.0,1065.0,55.04225352112676,3,178,18.219037871033777,23,1,WR,1,0,1,1,1,0,0,Superfast,MUMBAI DADAR - BHUJ SF Exp,12959
977.0,1065.0,55.04225352112676,3,178,18.219037871033777,18,0,WR,1,0,1,1,1,0,0,Superfast,BHUJ - MUMBAI DADAR SF Exp,12960
829.0,835.0,59.568862275449106,4,134,16.164053075995177,19,0,WR,1,1,1,1,1,0,0,Superfast,Avantika Express,12961
829.0,885.0,56.20338983050848,4,134,16.164053075995177,15,0,WR,1,1,1,1,1,0,0,Superfast,Avantika Express,12962
794.0,860.0,55.3953488372093,4,101,12.720403022670025,15,0,NWR,1,1,1,1,1,0,0,Superfast,Gwalior Udaipur Express,12965
794.0,865.0,55.075144508670526,4,101,12.720403022670025,22,1,NWR,1,1,1,1,1,0,0,Superfast,Udaipur Gwalior Express,12966
2185.0,2180.0,60.13761467889908,4,269,12.311212814645309,17,0,NWR,1,1,1,1,1,0,0,Superfast,Chennai-Jaipur SF Express,12967
2185.0,2285.0,57.37417943107221,4,269,12.311212814645309,19,0,NWR,1,1,1,1,1,0,0,Superfast,Jaipur-Chennai SF Express,12968
2682.0,2680.0,60.04477611940299,4,359,13.385533184190901,9,0,NWR,1,1,1,1,1,0,0,Superfast,Coimbatore-Jaipur Express,12969
2682.0,2780.0,57.88489208633093,4,359,13.385533184190901,19,0,NWR,1,1,1,1,1,0,0,Superfast,Jaipur-Coimbatore Express,12970
778.0,845.0,55.242603550295854,3,126,16.195372750642672,21,0,WR,1,0,1,1,1,0,0,Superfast,Bhavnagar Express,12971
599.0,570.0,63.05263157894737,3,67,11.185308848080133,22,1,WR,1,0,1,1,1,0,0,Superfast,Indore-Jaipur SF Express,12973
599.0,600.0,59.9,3,67,11.185308848080133,21,0,WR,1,0,1,1,1,0,0,Superfast,Jaipur Indore SF Express,12974
2479.0,2620.0,56.770992366412216,4,290,11.698265429608714,10,0,NWR,1,1,1,1,1,0,0,Superfast,Mysore-Jaipur SF Express,12975
2479.0,2680.0,55.5,4,290,11.698265429608714,19,0,NWR,1,1,1,1,1,0,0,Superfast,Jaipur-Mysore SF Express,12976
2859.0,2665.0,64.36772983114447,4,355,12.416928996152501,19,0,NWR,1,1,1,1,1,0,0,Superfast,ERNAKULAM - AJMER Marusagar Exp,12977
2859.0,2680.0,64.00746268656717,4,355,12.416928996152501,7,0,NWR,1,1,1,1,1,0,0,Superfast,AJMER - ERNAKULAM Marusagar Exp,12978
1148.0,1125.0,61.22666666666667,4,160,13.937282229965156,15,0,WR,1,1,1,1,1,0,0,Superfast,Mumbai Bandra (T.) - Jaipur (Tri-weekly) SF Exp,12979
673.0,730.0,55.31506849315069,3,88,13.075780089153046,19,0,NWR,1,0,1,1,1,0,0,Superfast,Chetak Express,12981
673.0,710.0,56.87323943661971,3,88,13.075780089153046,17,0,NWR,1,0,1,1,1,0,0,Superfast,Chetak Express,12982
740.0,765.0,58.03921568627451,1,91,12.297297297297296,17,0,NWR,1,0,0,1,0,0,0,Express,Ajmer-Chandigarh GaribRath Express,12983
740.0,770.0,57.66233766233766,1,91,12.297297297297296,21,0,NWR,1,0,0,1,0,0,0,Express,Chandigarh-Ajmer GaribRath,12984
1642.0,1630.0,60.44171779141104,3,249,15.164433617539585,12,0,NWR,1,0,1,1,1,0,0,Superfast,Ajmer Sealdah Express,12988
976.0,1050.0,55.77142857142857,3,172,17.62295081967213,14,0,NWR,1,0,1,1,1,0,0,Superfast,Dadar Ajmer Superfast Express,12989
976.0,1050.0,55.77142857142857,3,172,17.62295081967213,19,0,NWR,1,0,1,1,1,0,0,Superfast,Ajmer-Dadar SF Express,12990
301.0,325.0,55.569230769230764,1,34,11.295681063122924,6,0,WR,1,0,0,0,0,1,0,Superfast,Udaipur-Ajmer Express,12991
301.0,315.0,57.333333333333336,1,34,11.295681063122924,16,0,WR,1,0,0,0,0,1,0,Superfast,Ajmer Udaipur Express,12992
33.0,55.0,36.0,0,19,57.57575757575757,8,0,SR,0,0,0,0,0,0,0,Passenger,Chennai Beach TambaramEMU (12 car),40027
33.0,55.0,36.0,0,19,57.57575757575757,9,0,Unknown,0,0,0,0,0,0,0,Passenger,Chennai Beach TambaramEMU (12 car),40033
29.0,55.0,31.636363636363637,0,19,65.51724137931035,10,0,Unknown,0,0,0,0,0,0,0,Passenger,Chennai Beach TambaramEMU,40055
62.0,105.0,35.42857142857143,0,9,14.516129032258064,6,0,SER,1,0,0,0,0,0,0,Passenger,Chakradharpur Tatanagar Passenger,58610
2021.0,2095.0,57.88066825775657,2,273,13.50816427511133,23,1,WR,1,0,0,1,1,0,0,Superfast,Ahmedabad-Asansol (Weekly) SF Parasnath Express,12941
2021.0,2040.0,59.44117647058823,2,273,13.50816427511133,19,0,WR,1,0,0,1,1,0,0,Superfast,Asansol Ahmedabad (Weekly) SF Express,12942
1377.0,1060.0,77.94339622641509,3,198,14.379084967320262,16,0,WR,1,1,1,1,0,0,0,Premium,August Kranti Rajdhani Express,12954
934.0,820.0,68.34146341463415,3,149,15.952890792291221,17,0,WR,1,1,1,1,0,0,0,Premium,Ahmadabad-New Delhi Swarna Jayanti Rajdhani Expres,12957
934.0,820.0,68.34146341463415,3,149,15.952890792291221,19,0,WR,1,1,1,1,0,0,0,Premium,New Delhi-Ahmedabad Swarna Jayanti Rajdhani Expres,12958
743.0,735.0,60.6530612244898,4,78,10.497981157469718,19,0,WR,1,1,1,1,1,0,0,Superfast,Mewar Express,12963
743.0,735.0,60.6530612244898,4,78,10.497981157469718,18,0,WR,1,1,1,1,1,0,0,Superfast,Mewar Express,12964
945.0,1030.0,55.04854368932038,3,134,14.17989417989418,15,0,WR,1,0,1,1,1,0,0,Superfast,Bandra-Udaipur SF Express,12995
945.0,1015.0,55.86206896551724,3,134,14.17989417989418,21,0,NWR,1,0,1,1,1,0,0,Superfast,Udaipur Bandra SF Express Slip,12996
2730.0,2645.0,61.928166351606805,2,344,12.6007326007326,5,0,WR,1,0,0,1,1,0,0,Superfast,Tirunelveli - Hapa (Biweekly) SF Express,12997
2730.0,2650.0,61.81132075471699,2,344,12.6007326007326,21,0,WR,1,0,0,1,1,0,0,Superfast,Hapa-Tirunelveli Express,12998
1910.0,2265.0,50.59602649006622,4,292,15.287958115183246,19,0,ER,1,1,1,1,1,0,0,Express,Howrah-Amritsar Mail,13005
1978.0,2735.0,43.39305301645338,2,308,15.57128412537917,9,0,ER,1,0,0,1,1,0,0,Express,Udyan Abha Toofan Express,13007
433.0,540.0,48.111111111111114,1,50,11.547344110854503,20,0,NR,0,0,0,0,1,0,0,Express,Udyan Abha Toofan Express Slip,13008-Slip
1557.0,2075.0,45.021686746987946,3,239,15.350032113037893,20,0,ER,1,0,1,1,1,0,0,Express,Doon Express,13009
1461.0,2000.0,43.83,3,225,15.400410677618071,20,0,ER,0,0,1,1,1,0,0,Express,Doon Express Slip,13009-Slip
1557.0,2070.0,45.130434782608695,3,239,15.350032113037893,20,0,ER,1,0,1,1,1,0,0,Express,Doon Express,13010
340.0,445.0,45.84269662921348,1,69,20.294117647058822,15,0,ER,1,0,0,0,0,1,0,Express,InterCity Express,13011
340.0,415.0,49.1566265060241,1,69,20.294117647058822,4,1,ER,1,0,0,0,0,1,0,Express,InterCity Express,13012
158.0,180.0,52.666666666666664,1,43,27.21518987341772,10,0,ER,1,0,0,0,0,1,0,Express,Howrah Bolpur KaviGuru Express,13015
278.0,420.0,39.714285714285715,1,60,21.58273381294964,6,0,ER,1,0,0,0,0,1,0,Express,Ganadevta Express,13017
278.0,375.0,44.48,1,59,21.223021582733814,15,0,ER,1,0,0,0,0,1,0,Express,Ganadevta Express,13018
1521.0,2145.0,42.54545454545455,3,235,15.450361604207757,21,0,ER,1,0,1,1,1,0,0,Express,Bagh Express,13019
1521.0,2325.0,39.251612903225805,3,235,15.450361604207757,21,0,ER,1,0,1,1,1,0,0,Express,Bagh Express,13020
693.0,1005.0,41.37313432835821,3,112,16.161616161616163,15,0,ER,1,0,1,1,1,0,0,Express,Mithila Express,13021
693.0,1080.0,38.5,3,112,16.161616161616163,10,0,ER,1,0,1,1,1,0,0,Express,Mithila Express,13022
654.0,905.0,43.35911602209944,1,99,15.137614678899082,19,0,ER,1,0,0,0,1,0,0,Express,Howrah-Gaya Express,13023
1459.0,1745.0,50.166189111747855,3,189,12.95407813570939,13,0,ER,1,0,1,1,1,0,0,Express,Howrah-Bhopal Express,13025
1459.0,1885.0,46.44031830238727,3,180,12.337217272104182,7,0,ER,1,0,1,1,1,0,0,Express,Bhopal-Howrah Express,13026
278.0,350.0,47.65714285714286,1,60,21.58273381294964,22,1,ER,1,0,0,0,1,0,0,Express,Kaviguru Express,13027
278.0,375.0,44.48,1,60,21.58273381294964,7,0,ER,1,0,0,0,1,0,0,Express,Kaviguru Express,13028
552.0,950.0,34.863157894736844,1,98,17.753623188405797,20,0,ER,0,0,0,0,1,0,0,Express,Howrah-Rajgir Express Slip,13039
1540.0,2305.0,40.08676789587853,0,239,15.519480519480519,15,0,ER,0,0,0,0,0,0,0,Express,Janata Express,13040
1922.0,2650.0,43.51698113207547,2,289,15.036420395421437,14,0,ER,1,0,0,1,1,0,0,Express,Howrah-Amritsar Express,13049
1922.0,2735.0,42.16453382084095,2,289,15.036420395421437,18,0,ER,1,0,0,1,1,0,0,Express,Amritsar Howrah Express,13050
241.0,295.0,49.01694915254237,1,52,21.576763485477176,6,0,ER,1,0,0,0,0,1,0,Express,Hool Express,13051
241.0,295.0,49.01694915254237,1,52,21.576763485477176,13,0,ER,1,0,0,0,0,1,0,Express,Hool Express,13052
211.0,290.0,43.6551724137931,1,45,21.32701421800948,17,0,ER,1,0,0,0,0,1,0,Express,Siuri-Howrah Intercity Express,13054
467.0,600.0,46.7,4,78,16.70235546038544,19,0,ER,1,1,1,1,1,0,0,Express,Howrah Express,13072
227.0,275.0,49.52727272727273,1,54,23.788546255506606,5,0,ER,1,0,0,0,0,1,0,Express,Bhagirathi Express,13104
679.0,1005.0,40.53731343283582,2,116,17.083946980854197,13,0,ER,1,0,0,1,1,0,0,Express,Sealdah-Ballia Express,13105
679.0,1115.0,36.53811659192825,2,117,17.23122238586156,9,0,ER,1,0,0,1,1,0,0,Express,Ballia-Sealdah Express,13106
375.0,705.0,31.914893617021278,0,37,9.866666666666667,7,0,ER,1,0,0,0,0,0,0,Express,Maitree Express BR,13107
375.0,650.0,34.61538461538461,2,37,9.866666666666667,7,0,ER,1,1,0,0,0,1,0,Express,Maitree Express BR,13108
375.0,650.0,34.61538461538461,2,37,9.866666666666667,7,0,ER,1,1,0,0,0,1,0,Express,Maitree Express IR,13109
375.0,705.0,31.914893617021278,0,37,9.866666666666667,7,0,ER,1,0,0,0,0,0,0,Express,Maitree Express,13110
1527.0,1855.0,49.39083557951482,2,235,15.389652914210872,20,0,ER,1,0,0,1,1,0,0,Express,Lal Quila Express,13111
322.0,495.0,39.03030303030303,2,60,18.633540372670808,20,0,ER,0,0,0,1,1,0,0,Express,Lal Quila Express Slip,13111-Slip
33.0,55.0,36.0,0,19,57.57575757575757,9,0,Unknown,0,0,0,0,0,0,0,Passenger,Chennai Beach TambaramEMU (12 car),40035
29.0,55.0,31.636363636363637,0,19,65.51724137931035,10,0,Unknown,0,0,0,0,0,0,0,Passenger,Chennai Beach TambaramEMU,40059
755.0,1075.0,42.13953488372093,2,130,17.218543046357617,1,1,ER,1,0,0,1,1,0,0,Express,Udyan Abha Toofan Express,13008
112.0,140.0,48.0,0,19,16.96428571428571,7,0,ER,1,0,0,0,0,0,0,Express,Barddhaman Rampurhat Tri-Weekly Express,13013
112.0,160.0,42.0,1,19,16.96428571428571,18,0,ER,1,0,0,0,0,1,0,Express,Rampurhat-Barddhaman Tri-Weekly Express,13014
158.0,185.0,51.24324324324324,1,43,27.21518987341772,14,0,ER,1,0,0,0,0,1,0,Express,Bolpur-Howrah Kavi Guru Express,13016
654.0,930.0,42.193548387096776,1,99,15.137614678899082,12,0,ER,1,0,0,0,1,0,0,Express,Gaya-Howrah Express,13024
1552.0,2080.0,44.769230769230774,2,237,15.27061855670103,20,0,ER,1,0,0,1,1,0,0,Express,Lal Quila Express,13112
223.0,320.0,41.8125,1,53,23.766816143497756,6,0,ER,1,0,0,0,0,1,0,Express,Hazarduari Express,13113
223.0,335.0,39.940298507462686,1,53,23.766816143497756,15,0,ER,1,0,0,0,0,1,0,Express,Hazarduari Express,13114
182.0,230.0,47.47826086956522,1,45,24.725274725274723,20,0,ER,1,0,0,0,0,1,0,Express,Kolkata Berhampore Court Express,13117
182.0,255.0,42.8235294117647,1,45,24.725274725274723,7,0,ER,1,0,0,0,0,1,0,Express,Berhampore Court Kolkata Express,13118
871.0,1465.0,35.672354948805456,1,153,17.566016073478757,21,0,ER,1,0,0,0,1,0,0,Express,Sealdah-Varanasi Express,13133
871.0,1575.0,33.180952380952384,1,151,17.336394948335244,8,0,ER,1,0,0,0,1,0,0,Express,Varanasi- Sealdah Express,13134
716.0,1055.0,40.720379146919434,3,141,19.692737430167597,13,0,ER,1,0,1,1,1,0,0,Express,Testa Torsa Express,13141
628.0,925.0,40.73513513513514,3,129,20.54140127388535,13,0,ER,0,0,1,1,1,0,0,Express,Testa Torsa Express Slip,13141-Slip
716.0,1010.0,42.53465346534654,3,141,19.692737430167597,11,0,ER,1,0,1,1,1,0,0,Express,Teesta Torsa Express,13142
476.0,680.0,42.0,3,95,19.95798319327731,19,0,ER,1,0,1,1,1,0,0,Express,Radhikapur Express,13145
476.0,705.0,40.51063829787234,3,95,19.95798319327731,17,0,ER,1,0,1,1,1,0,0,Express,Radhikapur Express,13146
693.0,830.0,50.096385542168676,3,122,17.604617604617605,19,0,ER,1,0,1,1,1,0,0,Express,Uttar Banga Express,13147
693.0,835.0,49.796407185628745,3,122,17.604617604617605,15,0,ER,1,0,1,1,1,0,0,Express,Uttar Banga Express,13148
735.0,940.0,46.91489361702128,3,128,17.41496598639456,20,0,ER,1,0,1,1,1,0,0,Express,Kanchan Kanya Express,13149
735.0,930.0,47.41935483870968,3,128,17.41496598639456,16,0,ER,1,0,1,1,1,0,0,Express,Kanchan Kanya Express,13150
1982.0,2690.0,44.208178438661704,3,302,15.237134207870838,19,0,ER,1,0,1,1,1,0,0,Express,JammuTawi-Kolkata Chitpur Express,13152
454.0,685.0,39.76642335766424,2,84,18.502202643171806,22,1,ER,0,0,0,1,1,0,0,Express,Gour Express Slip,13153-Slip
347.0,465.0,44.774193548387096,4,71,20.46109510086455,21,0,ER,1,1,1,1,1,0,0,Express,Malda Town-Sealdah Gour Express,13154
553.0,780.0,42.53846153846154,2,136,24.593128390596743,14,0,ER,1,0,0,1,1,0,0,Express,SITAMARHI - KOLKATA CHITPUR Mithilanchal Exp,13156
542.0,860.0,37.81395348837209,3,114,21.033210332103323,20,0,ER,1,0,1,1,1,0,0,Express,KOLKATA CHITPUR - JOGBANI Exp,13159
542.0,790.0,41.164556962025316,3,114,21.033210332103323,14,0,ER,1,0,1,1,1,0,0,Express,JOGBANI - KOLKATA CHITPUR Exp,13160
438.0,550.0,47.78181818181819,0,90,20.547945205479454,12,0,ER,1,0,0,0,0,0,0,Express,KOLKATA CHITPUR - BALURGHAT Tebhaga Exp,13161
437.0,530.0,49.471698113207545,0,90,20.594965675057207,5,0,ER,1,0,0,0,0,0,0,Express,BALURGHAT - KOLKATA CHITPUR Tebhaga Exp,13162
589.0,965.0,36.62176165803109,3,120,20.37351443123939,20,0,ER,1,0,1,1,1,0,0,Express,Hatey Bazare Express,13163
589.0,1015.0,34.81773399014778,3,120,20.37351443123939,14,0,ER,1,0,1,1,1,0,0,Express,Hatey Bazare Express,13164
624.0,975.0,38.4,3,106,16.987179487179485,15,0,ER,1,0,1,1,1,0,0,Express,Ganga Sagar Express,13185
624.0,890.0,42.067415730337075,3,106,16.987179487179485,16,0,ER,1,0,1,1,1,0,0,Express,Ganga Sagar Express,13186
226.0,280.0,48.42857142857142,1,54,23.893805309734514,14,0,ER,1,0,0,0,0,1,0,Express,Rampurhat- Sealdah Express,13188
1715.0,2140.0,48.084112149532714,3,244,14.227405247813412,22,1,ECR,1,0,1,1,1,0,0,Express,MUMBAI LTT - RAJENDRA NAGAR PATNA Janta Exp,13202
277.0,595.0,27.932773109243698,1,49,17.689530685920577,10,0,ECR,1,0,0,0,0,1,0,Express,Jaynagar-Danapur Intercity,13225
277.0,495.0,33.57575757575758,1,49,17.689530685920577,6,0,ECR,1,0,0,0,0,1,0,Express,Danapur-Jaynagar Intercity,13226
109.0,205.0,31.902439024390244,1,25,22.935779816513758,14,0,ECR,1,0,0,0,0,1,0,Express,Rajgriha Express,13233
109.0,225.0,29.066666666666666,1,25,22.935779816513758,8,0,ECR,1,0,0,0,0,1,0,Express,Rajgriha Express,13234
938.0,1170.0,48.1025641025641,3,135,14.39232409381663,11,0,ECR,1,0,1,1,1,0,0,Express,Patna Mathura Express,13237
936.0,1160.0,48.41379310344828,3,135,14.423076923076923,22,1,ECR,1,0,1,1,1,0,0,Express,Mathura Patna Express,13238
895.0,1170.0,45.8974358974359,3,126,14.078212290502794,11,0,ECR,1,0,1,1,1,0,0,Express,Patna Mathura Express,13239
895.0,1160.0,46.293103448275865,3,126,14.078212290502794,22,1,ECR,1,0,1,1,1,0,0,Express,Mathura Patna Express,13240
272.0,465.0,35.096774193548384,2,45,16.544117647058822,7,0,ECR,1,0,0,1,1,0,0,Express,Banka Patna Express,13241
272.0,445.0,36.674157303370784,2,45,16.544117647058822,23,1,ECR,1,0,0,1,1,0,0,Express,Patna Banka Express,13242
177.0,295.0,36.0,1,26,14.689265536723164,17,0,ECR,1,0,0,0,0,1,0,Express,Patna Dehri On Sone InterCity Express,13243
980.0,1370.0,42.91970802919708,3,169,17.24489795918367,22,1,ECR,1,0,1,1,1,0,0,Express,RAJENDRA NAGAR - GUWAHATI Capital Exp,13248
1400.0,1615.0,52.01238390092879,3,184,13.142857142857142,14,0,WR,1,0,1,1,1,0,0,Express,Indore-Rajendranagar Express,19321
33.0,55.0,36.0,0,19,57.57575757575757,9,0,Unknown,0,0,0,0,0,0,0,Passenger,Chennai Beach TambaramEMU (12 car),40037
306.0,552.0,33.26086956521739,1,51,16.666666666666668,14,0,ECR,1,0,0,0,0,1,0,Express,Sahibganj-Danapur InterCity,13235
306.0,480.0,38.25,1,52,16.99346405228758,5,0,ECR,1,0,0,0,0,1,0,Express,Danapur-Sahibganj InterCity,13236
177.0,280.0,37.92857142857142,1,26,14.689265536723164,5,0,ECR,1,0,0,0,0,1,0,Express,Dehri On Sone Patna InterCity Express,13244
501.0,845.0,35.573964497041416,3,78,15.568862275449103,22,1,ECR,1,0,1,1,1,0,0,Express,Capital Express,13246
980.0,1430.0,41.11888111888112,3,164,16.73469387755102,5,0,ECR,1,0,1,1,1,0,0,Express,GUWAHATI - RAJENDRA NAGAR Capital Exp,13247
63.0,135.0,28.0,3,10,15.873015873015873,10,0,ECR,1,0,1,1,1,0,0,Express,Islampur Rajendra Nagar Express,13251
63.0,120.0,31.5,3,10,15.873015873015873,8,0,ECR,1,0,1,1,1,0,0,Express,Rajendra Nagar Islampur Express,13252
1130.0,1490.0,45.50335570469799,3,196,17.345132743362832,7,0,ECR,1,0,1,1,1,0,0,Express,DURG - RAJENDRA NAGAR South Bihar Exp,13287
1130.0,1490.0,45.50335570469799,3,196,17.345132743362832,19,0,ECR,1,0,1,1,1,0,0,Express,RAJENDRA NAGAR BIHAR - DURG South Bihar Exp,13288
193.0,340.0,34.05882352941176,1,32,16.580310880829018,5,0,ECR,1,0,0,0,0,1,0,Express,Suvarna Rekha Express,13301
193.0,325.0,35.63076923076923,1,32,16.580310880829018,13,0,ECR,1,0,0,0,0,1,0,Express,Suvarna Rekha Express,13302
162.0,250.0,38.879999999999995,0,27,16.666666666666664,18,0,ECR,1,0,0,0,0,0,0,Express,Dhanbad InterCity Express,13304
199.0,205.0,58.243902439024396,0,26,13.06532663316583,6,0,ECR,1,0,0,0,0,0,0,Express,Dhanbad-Gaya InterCity,13305
199.0,215.0,55.53488372093023,0,26,13.06532663316583,17,0,ECR,1,0,0,0,0,0,0,Express,Gaya-Dhanbad InterCity,13306
1599.0,2220.0,43.21621621621622,3,225,14.071294559099437,21,0,ECR,1,0,1,1,1,0,0,Express,Ganga Sutlej Express,13307
1599.0,2070.0,46.34782608695652,3,225,14.071294559099437,18,0,ECR,1,0,1,1,1,0,0,Express,Ganga Sutlej Express,13308
271.0,295.0,55.11864406779661,1,59,21.771217712177123,6,0,ECR,1,0,0,0,0,1,0,Express,Black Diamond Express,13317
328.0,460.0,42.78260869565217,0,50,15.24390243902439,5,0,ECR,1,0,0,0,0,0,0,Express,Baidyanthdham-Ranchi Express,13319
333.0,495.0,40.36363636363637,0,50,15.015015015015015,13,0,ECR,1,0,0,0,0,0,0,Express,Ranchi-Baidyanathdham Express,13320
291.0,365.0,47.83561643835617,3,39,13.402061855670102,23,1,ECR,1,0,1,1,1,0,0,Express,Ganga Damodar Express,13329
291.0,350.0,49.885714285714286,3,39,13.402061855670102,23,1,ECR,1,0,1,1,1,0,0,Express,Ganga Damodar Express,13330
373.0,520.0,43.03846153846154,3,62,16.621983914209114,8,0,ECR,1,0,1,1,1,0,0,Express,Dhanbad Patna Express,13331
373.0,470.0,47.61702127659574,3,62,16.621983914209114,8,0,ECR,1,0,1,1,1,0,0,Express,Patna Dhanbad Express,13332
209.0,355.0,35.32394366197183,0,21,10.047846889952154,15,0,ECR,1,0,0,0,0,0,0,Express,Varanasi-Singrauli Intercity,13345
494.0,680.0,43.588235294117645,1,63,12.753036437246962,17,0,ECR,1,0,0,0,1,0,0,Express,Palamau Express,13347
494.0,770.0,38.493506493506494,1,63,12.753036437246962,21,0,ECR,1,0,0,0,1,0,0,Express,Palamau Express,13348
2536.0,3315.0,45.90045248868778,3,420,16.561514195583598,6,0,ECR,1,0,1,1,1,0,0,Express,ALAPPUZHA - DHANBAD (Bokaro) Express,13352
561.0,825.0,40.8,2,79,14.081996434937611,15,0,ER,1,0,0,1,1,0,0,Express,Vananchal Express,13404
1416.0,2000.0,42.48,3,200,14.124293785310734,19,0,ER,1,0,1,1,1,0,0,Express,Farakka Express,13413
1416.0,2010.0,42.26865671641791,3,200,14.124293785310734,21,0,ER,1,0,1,1,1,0,0,Express,Farakka Express,13414
399.0,540.0,44.333333333333336,3,62,15.538847117794486,20,0,ER,1,0,1,1,1,0,0,Express,Malda Patna Express,13415
399.0,635.0,37.7007874015748,3,62,15.538847117794486,21,0,ER,1,0,1,1,1,0,0,Express,Patna-Malda Express,13416
240.0,405.0,35.55555555555556,1,36,15.0,14,0,ER,1,0,0,0,1,0,0,Express,Jan Sewa Express,13419
226.0,300.0,45.2,0,52,23.008849557522126,4,1,ER,1,0,0,0,0,0,0,Express,Nabadwipdham Malda Express,13421
226.0,310.0,43.74193548387097,0,52,23.008849557522126,15,0,ER,1,0,0,0,0,0,0,Express,Malda Nabadwipdham Express,13422
331.0,425.0,46.72941176470589,1,84,25.377643504531722,15,0,ER,1,0,0,0,0,1,0,Express,InterCity Express,13465
331.0,400.0,49.65,1,84,25.377643504531722,6,0,ER,1,0,0,0,0,1,0,Express,InterCity Express,13466
1456.0,2000.0,43.68,3,209,14.354395604395604,19,0,ER,1,0,1,1,1,0,0,Express,Farakka Express,13483
1456.0,2010.0,43.46268656716418,3,209,14.354395604395604,21,0,ER,1,0,1,1,1,0,0,Express,Farakka Express,13484
322.0,385.0,50.18181818181818,0,52,16.149068322981364,14,0,ER,1,0,0,0,0,0,0,Express,Haldia-Asansol Express,13501
33.0,55.0,36.0,0,19,57.57575757575757,9,0,Unknown,0,0,0,0,0,0,0,Passenger,Chennai Beach TambaramEMU (12 car),40039
33.0,55.0,36.0,0,19,57.57575757575757,9,0,Unknown,0,0,0,0,0,0,0,Passenger,Chennai Beach TambaramEMU (12 car),40041
33.0,55.0,36.0,0,19,57.57575757575757,9,0,Unknown,0,0,0,0,0,0,0,Passenger,Chennai Beach TambaramEMU,40043
29.0,55.0,31.636363636363637,0,19,65.51724137931035,10,0,SR,0,0,0,0,0,0,0,Passenger,Chennai Beach TambaramEMU (12 car),40047
29.0,55.0,31.636363636363637,0,19,65.51724137931035,10,0,SR,0,0,0,0,0,0,0,Passenger,Chennai Beach TambaramEMU (12 car),40049
29.0,55.0,31.636363636363637,0,19,65.51724137931035,10,0,SR,0,0,0,0,0,0,0,Passenger,Chennai Beach TambaramEMU (12 car),40051
29.0,55.0,31.636363636363637,0,19,65.51724137931035,10,0,Unknown,0,0,0,0,0,0,0,Passenger,Chennai Beach TambaramEMU (12 car),40053
141.0,225.0,37.6,0,26,18.43971631205674,16,0,SR,1,0,0,0,0,0,0,Passenger,Erode Tiruchchirapalli Passenger,56842
133.0,180.0,44.333333333333336,0,26,19.548872180451127,5,0,SR,1,0,0,0,0,0,0,Passenger,Villupuram Tambaram Passenger,56860
1453.0,980.0,88.9591836734694,3,222,15.278733654507915,18,0,ER,1,1,1,1,0,0,0,Premium,Sealdah-New Delhi AC Duronto Express,12259
209.0,395.0,31.746835443037977,0,21,10.047846889952154,6,0,ECR,1,0,0,0,0,0,0,Express,Singrauli-Varanasi Intercity,13346
322.0,390.0,49.53846153846154,0,52,16.149068322981364,5,0,ER,1,0,0,0,0,0,0,Express,Asansol Haldia Express,13502
220.0,250.0,52.8,0,49,22.27272727272727,6,0,ER,1,0,0,0,0,0,0,Express,Asansol-Sealdah InterCity Express,13504
372.0,475.0,46.98947368421052,0,52,13.978494623655914,5,0,ER,0,0,0,0,0,0,0,Express,Asansol Digha Express,13506
644.0,830.0,46.554216867469876,2,93,14.440993788819874,16,0,ER,1,0,0,1,1,0,0,Express,Asansol-Gorakhpur Express,13507
862.0,1250.0,41.376000000000005,2,131,15.197215777262182,16,0,ER,1,0,0,1,1,0,0,Express,Asansol-Gonda Express,13509
862.0,1215.0,42.5679012345679,2,131,15.197215777262182,15,0,ER,1,0,0,1,1,0,0,Express,Gonda-Asansol Express,13510
472.0,490.0,57.79591836734694,2,76,16.10169491525424,23,1,NR,1,0,0,1,1,0,0,Express,OLD DELHI - ATARI SHYAM SINGH Samjhauta Exp,14001
472.0,425.0,66.63529411764706,2,76,16.10169491525424,20,0,NR,1,0,0,1,1,0,0,Express,ATARI SHYAM SINGH - OLD DELHI Samjhauta Exp,14002
1387.0,1755.0,47.41880341880342,3,209,15.068493150684933,17,0,NR,1,0,1,1,1,0,0,Express,New Delhi-New Farakka Express,14004
1285.0,1705.0,45.219941348973606,3,191,14.863813229571985,23,1,NR,1,0,1,1,1,0,0,Express,Lichhavi Express,14005
1285.0,1830.0,42.131147540983605,3,191,14.863813229571985,15,0,NR,1,0,1,1,1,0,0,Express,Lichhavi Express,14006
1106.0,1475.0,44.989830508474576,2,161,14.556962025316455,4,1,NR,1,0,0,1,1,0,0,Express,Muzaffarpur-Old Delhi Sadbhavna Express,14007
1106.0,1540.0,43.090909090909086,2,161,14.556962025316455,16,0,NR,1,0,0,1,1,0,0,Express,Old Delhi-Muzaffarpur Sadbhavana Express,14008
1050.0,1200.0,52.5,2,132,12.571428571428571,10,0,NR,1,0,0,1,1,0,0,Express,Patalkot Express,14009
1050.0,1290.0,48.83720930232558,2,132,12.571428571428571,12,0,NR,1,0,0,1,1,0,0,Express,Patalkot Express,14010
271.0,335.0,48.53731343283582,3,38,14.022140221402214,15,0,NR,1,1,1,1,0,0,0,Express,Kathgodam-Anand Vihar AC Express,14011
271.0,355.0,45.80281690140845,3,38,14.022140221402214,6,0,NR,1,1,1,1,0,0,0,Express,Anand Vihar-Kathgodam AC Express,14012
645.0,800.0,48.375,3,90,13.953488372093023,15,0,NR,1,0,1,1,1,0,0,Express,Sadbhavna Express,14013
645.0,830.0,46.626506024096386,3,90,13.953488372093023,16,0,NR,1,0,1,1,1,0,0,Express,Sadbhavna Express,14014
1236.0,1695.0,43.75221238938053,2,177,14.320388349514564,0,1,NR,1,0,0,1,1,0,0,Express,Sadbhavna Express,14015
1236.0,1750.0,42.37714285714286,2,177,14.320388349514564,16,0,NR,1,0,0,1,1,0,0,Express,Sadbhavana Express,14016
1147.0,1475.0,46.65762711864407,3,170,14.821272885789014,4,1,NR,1,0,1,1,1,0,0,Express,Sadbhavna Express,14017
1147.0,1540.0,44.688311688311686,3,170,14.821272885789014,16,0,NR,1,0,1,1,1,0,0,Express,Sadbhavana Expres,14018
1050.0,1290.0,48.83720930232558,2,132,12.571428571428571,12,0,NR,1,0,0,1,1,0,0,Express,Delhi SR Chhindwara Kanhan Valley Express,14020
637.0,920.0,41.54347826086956,4,96,15.070643642072213,20,0,NR,1,1,1,1,1,0,0,Express,Jammu Mail,14033
637.0,910.0,42.0,4,96,15.070643642072213,14,0,NR,1,1,1,1,1,0,0,Express,Jammu Mail,14034
496.0,590.0,50.44067796610169,4,81,16.330645161290324,22,1,NR,1,1,1,1,1,0,0,Express,Dhauladhar Express,14035
496.0,555.0,53.62162162162162,4,81,16.330645161290324,22,1,NR,1,1,1,1,1,0,0,Express,Dhauladhar Express,14036
554.0,600.0,55.4,1,84,15.16245487364621,8,0,NR,1,0,0,0,0,1,0,Express,Delhi-Pathankot Express,14037
554.0,625.0,53.184000000000005,1,83,14.981949458483754,7,0,NR,1,0,0,0,0,1,0,Express,Pathankot Delhi Express,14038
243.0,505.0,28.871287128712872,2,34,13.991769547325102,21,0,Unknown,0,0,0,1,1,0,0,Express,Mussoorie Express Slip,14041-Slip
339.0,675.0,30.133333333333333,4,57,16.8141592920354,21,0,NR,1,1,1,1,1,0,0,Express,DEHRADUN - DELHI SARAI ROHILLA Mussoorie Exp,14042
238.0,435.0,32.827586206896555,1,38,15.966386554621849,15,0,NR,1,0,0,0,0,1,0,Express,KOTDWAR - OLD DELHI Garhwal Exp,14043
238.0,420.0,34.0,1,38,15.966386554621849,7,0,NR,1,0,0,0,0,1,0,Express,OLD DELHI - KOTDWAR Garhwal Exp,14044
2589.0,3150.0,49.31428571428572,3,450,17.381228273464657,23,1,NR,1,0,1,1,1,0,0,Express,OLD DELHI - DIBRUGARH Brahmaputra Exp,14056
1651.0,2095.0,47.28400954653938,3,234,14.17322834645669,7,0,NR,1,0,1,1,1,0,0,Express,Sikkim Mahananda Express,14083
1651.0,2115.0,46.836879432624116,3,234,14.17322834645669,6,0,NR,1,0,1,1,1,0,0,Express,Sikkim Mahananda Express,14084
264.0,390.0,40.61538461538461,0,38,14.393939393939393,18,0,NR,1,0,0,0,0,0,0,Express,Haryana Express,14085
264.0,385.0,41.14285714285714,0,38,14.393939393939393,3,1,NR,1,0,0,0,0,0,0,Express,Haryana Express,14086
305.0,325.0,56.30769230769231,1,41,13.442622950819674,5,0,NR,1,0,0,0,0,1,0,Express,Himalayan Queen,14095
305.0,350.0,52.28571428571429,1,41,13.442622950819674,16,0,NR,1,0,0,0,0,1,0,Express,Himalayan Queen,14096
335.0,390.0,51.53846153846154,0,33,9.850746268656716,16,0,Unknown,0,0,0,0,0,0,0,Express,Himalayan Queen Slip,14096-Slip
213.0,285.0,44.8421052631579,0,23,10.7981220657277,14,0,NCR,1,0,0,0,0,0,0,Express,Chitrakoot Kanpur Express,14109
213.0,275.0,46.472727272727276,0,23,10.7981220657277,10,0,NCR,1,0,0,0,0,0,0,Express,Kanpur Chitrakoot Express,14110
863.0,1125.0,46.026666666666664,2,129,14.947856315179605,13,0,NCR,0,0,1,0,1,0,0,Express,Link Express,14114
29.0,55.0,31.636363636363637,0,19,65.51724137931035,10,0,Unknown,0,0,0,0,0,0,0,Passenger,Chennai Beach TambaramEMU (12 car),40057
335.0,380.0,52.89473684210527,0,38,11.343283582089551,14,0,CR,1,0,0,0,0,0,0,Passenger,KATNI - ITARSI Fast Passenger,51672
567.0,595.0,57.1764705882353,4,105,18.51851851851852,22,1,ER,0,1,1,1,1,0,0,Superfast,Darjeeling Mail,12343
3597.0,3510.0,61.48717948717949,3,487,13.539060328051153,9,0,NR,1,0,1,1,1,0,0,Superfast,KOCHUVELI - AMRITSAR SF Exp,12483
335.0,515.0,39.02912621359223,3,43,12.835820895522387,19,0,NCR,1,1,1,0,1,0,0,Express,Kathgodam Dehradun Express,14119
335.0,500.0,40.199999999999996,3,43,12.835820895522387,22,1,NCR,1,1,1,0,1,0,0,Express,Dehradun Kathgodam Express,14120
245.0,295.0,49.83050847457627,0,38,15.510204081632653,4,1,NCR,1,0,0,0,0,0,0,Express,Pratapgarh Kanpur InterCity Express,14123
245.0,315.0,46.666666666666664,0,38,15.510204081632653,17,0,NCR,1,0,0,0,0,0,0,Express,Kanpur Pratapgarh InterCity Express,14124
157.0,285.0,33.05263157894737,0,20,12.738853503184712,4,1,NCR,1,0,0,0,0,0,0,Express,Saryu Express,14126
639.0,775.0,49.47096774193549,3,85,13.302034428794993,17,0,NCR,1,0,1,1,1,0,0,Express,Sangam Express,14163
863.0,1165.0,44.44635193133047,2,115,13.32560834298957,17,0,NCR,0,0,1,0,1,0,0,Express,Sangam Express Slip,14163-Slip
639.0,790.0,48.53164556962025,3,85,13.302034428794993,19,0,NCR,1,0,1,1,1,0,0,Express,Sangam Express,14164
203.0,330.0,36.90909090909091,0,32,15.763546798029559,16,0,NR,1,0,0,0,0,0,0,Express,Jaunpur-Rae Bareliy Express,14201
302.0,350.0,51.77142857142857,1,41,13.57615894039735,16,0,NR,1,0,0,0,0,1,0,Express,Varanasi Lucknow InterCity Express,14203
302.0,390.0,46.46153846153846,1,41,13.57615894039735,7,0,NR,1,0,0,0,0,1,0,Express,Lucknow Varanasi InterCity Express,14204
615.0,725.0,50.89655172413793,3,93,15.121951219512194,21,0,NR,1,0,1,1,1,0,0,Express,Faizabad Delhi Express,14205
615.0,760.0,48.55263157894737,3,93,15.121951219512194,18,0,NR,1,0,1,1,1,0,0,Express,Delhi-Faizabad Express,14206
660.0,850.0,46.58823529411765,3,100,15.151515151515152,17,0,NR,1,0,1,1,1,0,0,Express,Padmavat Express,14207
660.0,750.0,52.8,3,100,15.151515151515152,19,0,NR,1,0,1,1,1,0,0,Express,Padmavat Express,14208
284.0,340.0,50.11764705882353,1,38,13.380281690140846,7,0,NR,1,0,0,0,0,1,0,Express,Lucknow-Vindhyachal InterCity,14210
195.0,260.0,45.0,3,29,14.871794871794872,6,0,NCR,1,1,1,0,0,1,0,Express,Agra-New Delhi Intercity Express,14211
195.0,250.0,46.8,3,29,14.871794871794872,17,0,NCR,1,1,1,0,0,1,0,Express,NewDelhi-Agra InterCity Express,14212
256.0,335.0,45.85074626865672,1,34,13.28125,14,0,NR,1,0,0,0,0,1,0,Express,Varanasi-Gonda Intercity Express,14213
256.0,405.0,37.925925925925924,1,34,13.28125,6,0,NR,1,0,0,0,0,1,0,Express,Gonda-Varanasi Intercity Express,14214
201.0,250.0,48.239999999999995,1,27,13.432835820895523,6,0,NR,1,0,0,0,0,1,0,Express,Ganga Gomti Express,14215
201.0,260.0,46.38461538461539,1,27,13.432835820895523,18,0,NR,1,0,0,0,0,1,0,Express,Ganga Gomti Express,14216
913.0,1200.0,45.65,3,126,13.80065717415115,14,0,NCR,1,0,1,1,1,0,0,Express,Unchahar Express,14217
284.0,295.0,57.762711864406775,1,36,12.67605633802817,4,1,NR,1,0,0,0,0,1,0,Express,Varuna Express,14227
284.0,330.0,51.63636363636363,1,36,12.67605633802817,17,0,NR,1,0,0,0,0,1,0,Express,Varuna Express,14228
559.0,845.0,39.69230769230769,3,78,13.953488372093023,23,1,NR,1,0,0,1,1,0,1,Express,Varanasi Bareilly Express,14235
559.0,920.0,36.45652173913043,3,78,13.953488372093023,15,0,NR,1,0,0,1,1,0,1,Express,Bareilly Varanasi Express,14236
794.0,985.0,48.36548223350253,4,119,14.987405541561712,13,0,NR,1,1,1,1,1,0,0,Express,Kashi Vishwanath Express,14257
794.0,1025.0,46.47804878048781,4,119,14.987405541561712,11,0,NR,1,1,1,1,1,0,0,Express,Kashi Vishwanath Express,14258
2796.0,3220.0,52.09937888198758,3,51,1.8240343347639485,23,1,NR,1,0,1,1,1,0,0,Express,MUGHAL SARAI - LUCKNOW Ekatmata Exp,14259
846.0,1330.0,38.16541353383458,3,120,14.184397163120567,8,0,NR,1,0,1,1,1,0,0,Express,Varanasi Dehradun Janata Express,14265
705.0,1300.0,32.53846153846154,1,102,14.46808510638298,8,0,NER,0,0,0,0,1,0,0,Express,Varanasi-Ramnagar Express Slip,14265-Slip
846.0,1290.0,39.348837209302324,3,120,14.184397163120567,18,0,NR,1,0,1,1,1,0,0,Express,Dehradun Varanasi Janata Express,14266
461.0,760.0,36.39473684210527,1,65,14.099783080260302,22,1,NR,1,0,0,0,1,0,0,Express,Bareilly Express,14307
461.0,750.0,36.88,1,65,14.099783080260302,17,0,NR,1,0,0,0,1,0,0,Passenger,Bareilly-Prayag Passenger,14308
1241.0,1680.0,44.32142857142857,3,144,11.603545527800161,15,0,WR,1,0,1,1,1,0,0,Express,Ujjaini Express,14309
1241.0,1620.0,45.96296296296296,3,144,11.603545527800161,6,0,WR,1,0,1,1,1,0,0,Express,Ujjaini Express,14310
1543.0,1915.0,48.344647519582246,3,251,16.26701231367466,6,0,NR,1,0,1,1,1,0,0,Express,BAREILLY - BHUJ Ala Hazrat Exp,14311
1608.0,1995.0,48.3609022556391,3,233,14.490049751243783,10,0,NR,1,0,1,1,1,0,0,Express,BAREILLY - MUMBAI LTT Weekly Exp,14314
258.0,310.0,49.93548387096774,1,46,17.829457364341085,4,1,NR,1,0,0,0,0,1,0,Express,Bareilly-NewDelhi InterCity,14315
258.0,320.0,48.375,1,46,17.829457364341085,16,0,NR,1,0,0,0,0,1,0,Express,NewDelhi-Bareilly InterCity,14316
1183.0,1675.0,42.376119402985076,3,150,12.679628064243449,15,0,NR,1,0,1,1,1,0,0,Express,INDORE - DEHRADUN Exp,14317
1179.0,1475.0,47.95932203389831,3,150,12.722646310432571,6,0,NR,1,0,1,1,1,0,0,Express,DEHRADUN - INDORE Exp,14318
1410.0,1670.0,50.65868263473054,3,213,15.106382978723405,6,0,NR,1,0,1,1,1,0,0,Express,BAREILLY - BHUJ Ala Hazrat Exp,14321
839.0,980.0,51.36734693877551,3,145,17.282479141835516,17,0,WR,1,0,1,1,1,0,0,Express,MUMBAI BANDRA - BHUJ Kutch Exp,19131
29.0,55.0,31.636363636363637,0,19,65.51724137931035,17,0,Unknown,0,0,0,0,0,0,0,Passenger,Chennai Beach Tambaram EMU,40107
59.0,100.0,35.4,0,29,49.152542372881356,18,0,SR,0,0,0,0,0,0,0,Passenger,Chennai Beach Chengalpet Semi Fast EMU,40555
1410.0,1680.0,50.357142857142854,3,213,15.106382978723405,16,0,NR,1,0,1,1,1,0,0,Express,BHUJ - BAREILLY Ala Hazrat Exp,14322
72.0,130.0,33.23076923076923,1,18,25.0,10,0,NR,1,0,0,0,0,1,0,Express,New Delhi-Rohtak Express,14323
72.0,105.0,41.142857142857146,1,18,25.0,14,0,NR,1,0,0,0,0,1,0,Express,New Delhi Express,14324
723.0,1085.0,39.9815668202765,2,91,12.586445366528354,18,0,NR,1,0,1,0,1,0,0,Express,Tribeni Express,14369
723.0,1155.0,37.55844155844156,2,91,12.586445366528354,12,0,NR,1,0,1,0,1,0,0,Express,Triveni Express,14370
862.0,1365.0,37.89010989010989,1,101,11.7169373549884,12,0,Unknown,0,0,0,0,1,0,0,Express,Triveni Express Slip,14370-Slip
695.0,935.0,44.59893048128342,2,100,14.388489208633093,17,0,Unknown,0,0,1,0,1,0,0,Express,Allahabad-Saharanpur Nauchandi Express Slip,14511-Slip
774.0,1030.0,45.0873786407767,2,111,14.341085271317828,16,0,NR,1,0,1,0,1,0,0,Express,Saharanpur-Allahabad Nauchandi Express,14512
337.0,445.0,45.43820224719101,1,41,12.166172106824925,14,0,NR,1,0,0,0,0,1,0,Express,Kissan Express,14519
337.0,445.0,45.43820224719101,1,41,12.166172106824925,6,0,NR,1,0,0,0,0,1,0,Express,Kisan Express,14520
1201.0,1515.0,47.56435643564357,2,176,14.654454621149043,22,1,NR,1,0,0,1,1,0,0,Express,Harihar Express,14524
328.0,430.0,45.76744186046511,1,43,13.109756097560977,5,0,NR,1,0,0,0,0,1,0,Express,Ambala Cantt-Shri GangaNagar InterCity Express,14525
328.0,415.0,47.42168674698795,1,43,13.109756097560977,14,0,NR,1,0,0,0,0,1,0,Express,Shri Ganganagar-Ambala Cantt InterCity Express,14526
216.0,490.0,26.448979591836736,0,47,21.75925925925926,13,0,NR,1,0,0,0,0,0,0,Express,Farukhnagar Saharanpur Express,14545
216.0,395.0,32.810126582278485,0,47,21.75925925925926,6,0,NR,1,0,0,0,0,0,0,Express,Saharanpur Farukhnagar Express,14546
371.0,545.0,40.8440366972477,3,56,15.09433962264151,22,1,NR,1,0,1,1,1,0,0,Express,Himachal Express,14553
371.0,520.0,42.807692307692314,3,56,15.09433962264151,20,0,NR,1,0,1,1,1,0,0,Express,Himachal Express,14554
274.0,415.0,39.614457831325296,2,45,16.423357664233574,14,0,NR,1,0,1,1,0,0,0,Express,Bareilly-Delhi Express,14555
274.0,415.0,39.614457831325296,2,46,16.78832116788321,6,0,NR,1,0,1,1,0,0,0,Express,Delhi-Bareilly Express,14556
1580.0,2070.0,45.79710144927536,0,262,16.582278481012658,16,0,NR,1,0,0,0,0,0,0,Express,SAHARSA - AMRITSAR Jan Sadharan Exp,14603
24.0,40.0,36.0,0,4,16.666666666666668,9,0,NR,1,0,0,0,0,0,0,Express,Amritsar Atari Samjhauta Express,14607
24.0,40.0,36.0,0,4,16.666666666666668,14,0,NR,1,0,0,0,0,0,0,Express,Atari Amritsar Samjhauta Express,14608
558.0,730.0,45.86301369863014,3,83,14.874551971326165,16,0,NR,1,0,1,1,1,0,0,Express,Hemkunt Express,14609
558.0,800.0,41.85,3,83,14.874551971326165,18,0,NR,1,0,1,1,1,0,0,Express,Hemkunt Express,14610
124.0,145.0,51.31034482758621,0,17,13.709677419354838,7,0,NR,1,0,0,0,0,0,0,Express,Ludhiana Firozpur Sutlej Express,14629
124.0,155.0,48.0,0,17,13.709677419354838,17,0,NR,1,0,0,0,0,0,0,Express,Firozpur Ludhiana Sutlej Express,14630
463.0,710.0,39.12676056338028,3,66,14.254859611231101,19,0,NR,1,0,0,1,1,0,1,Express,Dehradun Amritsar Express,14631
463.0,710.0,39.12676056338028,3,66,14.254859611231101,22,1,NR,1,0,0,1,1,0,1,Express,Amritsar Dehradun Express,14632
107.0,145.0,44.27586206896552,0,16,14.953271028037383,9,0,NR,1,0,0,0,0,0,0,Express,Ravi Express,14633
107.0,145.0,44.27586206896552,0,16,14.953271028037383,14,0,NR,1,0,0,0,0,0,0,Express,Ravi Express,14634
640.0,805.0,47.70186335403727,4,90,14.0625,15,0,NR,1,1,1,1,1,0,0,Express,Shalimar Express,14645
640.0,835.0,45.98802395209581,4,90,14.0625,21,0,NR,1,1,1,1,1,0,0,Express,Shalimar Express,14646
1670.0,2285.0,43.85120350109409,3,242,14.491017964071856,11,0,NR,1,0,1,1,1,0,0,Express,Saryu Yamuna Express,14650
829.0,975.0,51.01538461538462,3,114,13.751507840772016,17,0,NWR,0,0,1,1,1,0,0,Express,Delhi-Jaisalmer Express Slip,14659-Slip
918.0,1075.0,51.23720930232558,4,114,12.418300653594772,17,0,NR,1,1,1,1,1,0,0,Express,Jaisalmer Delhi Express,14660
209.0,280.0,44.785714285714285,3,24,11.483253588516748,5,0,NR,0,0,1,1,1,0,0,Express,Delhi Barmer Link Express,14661
829.0,1000.0,49.739999999999995,3,114,13.751507840772016,18,0,NR,0,0,1,1,1,0,0,Express,Barmer-Delhi MALANI Express,14662
1654.0,2425.0,40.92371134020619,3,248,14.993954050785975,6,0,NR,1,0,1,1,1,0,0,Express,Shaheed Express,14673
1654.0,2285.0,43.43107221006564,3,248,14.993954050785975,11,0,NR,1,0,1,1,1,0,0,Express,Shaheed Express,14674
439.0,520.0,50.65384615384616,1,63,14.350797266514807,14,0,NR,1,0,0,0,0,1,0,Express,New Delhi-Jalandhar Express,14681
439.0,510.0,51.64705882352941,1,63,14.350797266514807,4,1,NR,1,0,0,0,0,1,0,Express,Jalandhar NDLS Express,14682
327.0,355.0,55.267605633802816,1,21,6.422018348623853,22,1,NWR,1,0,0,0,1,0,0,Express,Jaisalmer-Bikaner Express,14701
327.0,355.0,55.267605633802816,1,21,6.422018348623853,23,1,NWR,1,0,0,0,1,0,0,Express,Bikaner-Jaisalmer Express,14702
323.0,325.0,59.630769230769225,0,20,6.191950464396285,11,0,NWR,1,0,0,0,0,0,0,Express,Bikaner Express,14703
323.0,360.0,53.833333333333336,0,20,6.191950464396285,7,0,NWR,1,0,0,0,0,0,0,Express,Jaisalmer Express,14704
220.0,250.0,52.8,3,32,14.545454545454545,8,0,NWR,1,0,1,1,1,0,0,Express,Delhi Sarai Rohilla Sadulpur Express,14705
220.0,255.0,51.76470588235294,3,32,14.545454545454545,16,0,NWR,1,0,1,1,1,0,0,Express,Sadulpur Delhi Sarai Rohilla Express,14706
724.0,955.0,45.4869109947644,2,114,15.74585635359116,22,1,NER,1,0,1,0,1,0,0,Express,LUCKNOW - CHANDIGARH Exp,15011
724.0,955.0,45.4869109947644,2,114,15.74585635359116,17,0,NER,1,0,1,0,1,0,0,Express,CHANDIGARH - LUCKNOW Exp,15012
227.0,270.0,50.44444444444444,1,54,23.788546255506606,18,0,ER,1,0,0,0,0,1,0,Express,Bhagirathi Express,13103
501.0,850.0,35.36470588235294,3,78,15.568862275449103,14,0,ECR,1,0,1,1,1,0,0,Express,Capital Express,13245
1212.0,1475.0,49.30169491525424,3,202,16.666666666666668,15,0,NWR,1,0,1,1,1,0,0,Express,MUMBAI BANDRA - BIKANER Ranakpur Exp,14708
485.0,590.0,49.32203389830508,1,69,14.226804123711341,14,0,NWR,1,0,0,0,0,1,0,Express,Haridwar Shri Ganganagar InterCity Express,14711
485.0,565.0,51.50442477876106,1,69,14.226804123711341,4,1,NWR,1,0,0,0,0,1,0,Express,Shriganganagar Haridwar Express,14712
605.0,995.0,36.48241206030151,2,84,13.884297520661157,17,0,NCR,1,0,0,1,1,0,0,Express,Kalindi Express,14723
605.0,1015.0,35.76354679802955,2,84,13.884297520661157,18,0,NCR,1,0,0,1,1,0,0,Express,Kalindi Express,14724
399.0,480.0,49.875,1,60,15.037593984962406,14,0,NWR,1,0,0,0,0,1,0,Express,Delhi Bhatinda Intercity Express,14731
399.0,460.0,52.04347826086956,1,60,15.037593984962406,5,0,NWR,1,0,0,0,0,1,0,Express,Bhatinda Delhi Express,14732
299.0,400.0,44.85,0,33,11.036789297658862,4,1,NWR,1,0,0,0,0,0,0,Express,Ekta Express,14795
299.0,390.0,46.0,0,33,11.036789297658862,16,0,NWR,1,0,0,0,0,0,0,Express,Ekta Express,14796
559.0,585.0,57.333333333333336,2,47,8.407871198568873,20,0,NWR,1,0,0,1,1,0,0,Express,Jodhpur Gandhidham Express,14801
559.0,550.0,60.981818181818184,2,47,8.407871198568873,20,0,NWR,1,0,0,1,1,0,0,Express,Gandhidham Jodhpur Express,14802
301.0,345.0,52.34782608695652,2,24,7.9734219269103,23,1,NWR,1,0,0,1,1,0,0,Express,Jaisalmer Jodhpur Express,14809
301.0,345.0,52.34782608695652,2,24,7.9734219269103,23,1,NWR,1,0,0,1,1,0,0,Express,Jaisalmer Express,14810
1201.0,1420.0,50.74647887323943,3,164,13.655287260616154,17,0,NWR,1,0,1,1,1,0,0,Express,Marudhar Express,14853
1201.0,1480.0,48.689189189189186,3,164,13.655287260616154,9,0,NWR,1,0,1,1,1,0,0,Express,Marudhar Express,14854
1161.0,1365.0,51.032967032967036,3,155,13.35055986218777,18,0,NWR,1,0,1,1,1,0,0,Express,Marudhar Express,14863
1161.0,1365.0,51.032967032967036,3,155,13.35055986218777,9,0,NWR,1,0,1,1,1,0,0,Express,Marudhar Express,14864
1179.0,1395.0,50.70967741935484,3,160,13.570822731128075,17,0,NWR,1,0,1,1,1,0,0,Express,Marudhar Express,14865
1179.0,1420.0,49.816901408450704,3,160,13.570822731128075,9,0,NWR,1,0,1,1,1,0,0,Express,Marudhar Express,14866
433.0,565.0,45.982300884955755,3,50,11.547344110854503,21,0,NR,0,0,1,1,1,0,0,Express,Kalka - Sriganganar Express (Slip),14887-Slip
1117.0,1335.0,50.20224719101124,3,113,10.116383169203223,21,0,Unknown,1,0,1,1,1,0,0,Express,KALKA BARMER Express Slip,14887S
1117.0,1385.0,48.38989169675091,2,113,10.116383169203223,6,0,NWR,1,0,0,1,1,0,0,Express,Barmer-Kalka Express,14888
325.0,360.0,54.166666666666664,1,30,9.23076923076923,1,1,NWR,1,0,0,0,1,0,0,Express,Thar Link Express,14889
325.0,290.0,67.24137931034483,0,30,9.23076923076923,19,0,NWR,1,0,0,0,0,0,0,Express,Thar Link Express,14890
1124.0,1440.0,46.833333333333336,3,159,14.145907473309608,14,0,NER,1,0,1,1,1,0,0,Express,Rapti Ganga Express,15001
1124.0,1460.0,46.19178082191781,3,159,14.145907473309608,15,0,NER,1,0,1,1,1,0,0,Express,Rapti Ganga Express,15002
552.0,825.0,40.14545454545455,4,83,15.036231884057973,22,1,NER,1,1,1,1,1,0,0,Express,Chauri Chaura Express,15004
815.0,1010.0,48.41584158415842,3,119,14.60122699386503,21,0,NER,1,0,1,1,1,0,0,Express,Rapti Ganga Express,15005
815.0,990.0,49.39393939393939,3,119,14.60122699386503,15,0,NER,1,0,1,1,1,0,0,Express,Rapti Ganga Express,15006
513.0,790.0,38.9620253164557,4,77,15.009746588693957,16,0,NER,1,1,1,1,1,0,0,Express,Krishak Express,15007
582.0,850.0,41.082352941176474,3,69,11.855670103092782,17,0,NER,1,0,1,1,1,0,0,Express,Chitrakoot Express,15009
582.0,770.0,45.35064935064935,3,69,11.855670103092782,20,0,NER,1,0,1,1,1,0,0,Express,Chitrakoot Express,15010
278.0,390.0,42.76923076923077,4,39,14.028776978417268,22,1,NER,1,1,1,1,1,0,0,Express,Ranikhet Express,15013
239.0,375.0,38.24,2,39,16.317991631799163,22,1,NR,0,0,0,1,1,0,0,Express,Ranikhet Express Slip,15013-Slip
278.0,435.0,38.3448275862069,4,39,14.028776978417268,20,0,NER,1,1,1,1,1,0,0,Express,Ranikhet Express,15014
2515.0,3280.0,46.00609756097561,3,349,13.876739562624255,7,0,NER,1,0,1,1,1,0,0,Express,YESVANTPUR - GORAKHPUR Exp,15016
1714.0,2230.0,46.116591928251125,3,230,13.418903150525088,5,0,NER,1,0,1,1,1,0,0,Express,GORAKHPUR - MUMBAI LTT Kashi Exp,15018
2108.0,3315.0,38.15384615384615,3,245,11.622390891840608,5,0,CR,0,0,1,1,1,0,0,Express,Gorakhpur -Kolhapur Slip,15018-Slip
82.0,150.0,32.8,1,14,17.073170731707318,11,0,NER,1,0,0,1,0,0,0,Express,Gorakhpur Nautanwa Express,15019
82.0,120.0,41.0,1,14,17.073170731707318,14,0,NER,1,0,0,1,0,0,0,Express,Gorakhpur Nautanwa Express,15020
1050.0,1195.0,52.71966527196653,3,152,14.476190476190476,20,0,NER,1,0,1,1,1,0,0,Express,Kolkata Shalimar-Gorakhpur Bhojpuri Express,15021
1050.0,1215.0,51.851851851851855,3,152,14.476190476190476,13,0,NER,1,0,1,1,1,0,0,Express,Bhojpuri Express,15022
2473.0,3075.0,48.25365853658536,3,334,13.5058633238981,8,0,NER,1,0,1,1,1,0,0,Express,GORAKHPUR - YESVANTPUR Exp,15023
278.0,400.0,41.699999999999996,2,39,14.028776978417268,16,0,NER,1,0,0,1,0,1,0,Premium,Uttarakhand Sampark Kranti Express,15035
239.0,275.0,52.14545454545455,2,39,16.317991631799163,16,0,NER,0,0,0,1,0,1,0,Premium,Uttarakhand Sampark Kranti Express Slip,15035-Slip
536.0,650.0,49.47692307692307,3,92,17.16417910447761,16,0,ECR,1,0,1,1,1,0,0,Express,Darbhanga-Howrah Express,15236
19.0,40.0,28.5,0,17,89.47368421052632,10,0,SR,0,0,0,0,0,0,0,Passenger,Chennai Beach Velachery EMU,41057
18.0,40.0,27.0,0,17,94.44444444444444,6,0,SR,0,0,0,0,0,0,0,Passenger,Chennai Beach Velachery EMU,41501
1670.0,2425.0,41.31958762886598,3,242,14.491017964071856,6,0,NR,1,0,1,1,1,0,0,Express,Saryu Yamuna Express,14649
552.0,845.0,39.19526627218935,4,83,15.036231884057973,16,0,NER,1,1,1,1,1,0,0,Express,Chauri Chaura Express,15003
513.0,835.0,36.8622754491018,4,78,15.2046783625731,23,1,NER,1,1,1,1,1,0,0,Express,Krishak Express,15008
857.0,1455.0,35.34020618556701,3,132,15.402567094515753,16,0,NER,1,0,1,1,1,0,0,Express,Maurya Express,15027
864.0,1485.0,34.90909090909091,3,132,15.277777777777777,7,0,NER,1,0,1,1,1,0,0,Express,Maurya Express,15028
247.0,345.0,42.95652173913044,0,38,15.384615384615383,10,0,NER,1,0,0,0,0,0,0,Express,Kanpur Kasganj Express,15037
247.0,335.0,44.23880597014926,0,38,15.384615384615383,12,0,NER,1,0,0,0,0,0,0,Express,Kasganj Kanpur Express,15038
107.0,155.0,41.41935483870967,0,14,13.084112149532709,6,0,NER,1,0,0,0,0,0,0,Express,Farrukhabad Kasganj Express,15039
107.0,125.0,51.36,0,14,13.084112149532709,8,0,NER,1,0,0,0,0,0,0,Express,Farrukhabad Express,15040
107.0,135.0,47.55555555555556,0,14,13.084112149532709,18,0,NER,1,0,0,0,0,0,0,Express,Farrukhabad Kasganj Express,15041
107.0,145.0,44.27586206896552,0,14,13.084112149532709,18,0,NER,1,0,0,0,0,0,0,Express,Farrukhabad Express,15042
2306.0,2905.0,47.628227194492254,3,288,12.489158716392021,4,1,NER,1,0,1,1,1,0,0,Express,Gorakhpur-Okha Express,15045
2306.0,2965.0,46.66441821247892,3,290,12.575888985255855,18,0,NER,1,0,1,1,1,0,0,Express,Okha-Gorakhpur Express,15046
859.0,1045.0,49.32057416267942,3,142,16.530849825378347,14,0,NER,1,0,1,1,1,0,0,Express,Purvanchal Express,15047
859.0,1005.0,51.28358208955224,3,126,14.668218859138534,11,0,NER,1,0,1,1,1,0,0,Express,Purvanchal Express,15048
883.0,1150.0,46.0695652173913,3,145,16.421291053227634,14,0,NER,1,0,1,1,1,0,0,Express,Poorvanchal Express,15049
883.0,1215.0,43.60493827160494,3,128,14.4960362400906,8,0,NER,1,0,1,1,1,0,0,Express,Poorvanchal Express,15050
875.0,1060.0,49.52830188679245,3,139,15.885714285714286,14,0,NER,1,0,1,1,1,0,0,Express,Poorvanchal Express,15051
876.0,1085.0,48.44239631336406,3,139,15.867579908675799,10,0,NER,1,0,1,1,1,0,0,Express,Gorakhpur Kolkata Express,15052
1648.0,1880.0,52.59574468085106,3,239,14.502427184466018,5,0,ECR,1,0,1,1,1,0,0,Express,Barauni-Jammu Amarnath Express,15097
1648.0,1860.0,53.16129032258065,3,239,14.502427184466018,22,1,ECR,1,0,1,1,1,0,0,Express,Jammu-Barauni Amarnath Express,15098
1973.0,1995.0,59.338345864661655,0,257,13.025848960973137,21,0,NER,1,0,0,0,0,0,0,Express,Chhapra-Mumbai Jansadharan Express,15101
1973.0,2265.0,52.264900662251655,0,257,13.025848960973137,15,0,NER,1,0,0,0,0,0,0,Express,Mumbai CST Chhapra Jansadharan Express,15102
235.0,340.0,41.470588235294116,1,33,14.042553191489361,16,0,NER,1,0,0,1,0,0,0,Express,Gorakhpur Manduadih Intercity Express,15103
235.0,340.0,41.470588235294116,1,33,14.042553191489361,5,0,NER,1,0,0,1,0,0,0,Express,Manduadih Gorakhpur InterCity,15104
180.0,240.0,45.0,1,26,14.444444444444445,6,0,NER,1,0,0,1,0,0,0,Express,Chhapra Gorakhpur InterCity Express,15105
180.0,255.0,42.35294117647059,1,26,14.444444444444445,17,0,NER,1,0,0,1,0,0,0,Express,Gorakhpur Chhapra InterCity Express,15106
874.0,1015.0,51.665024630541865,2,131,14.988558352402746,5,0,NER,1,0,0,1,1,0,0,Express,Chhapra Mathura Express,15107
874.0,1070.0,49.00934579439253,2,130,14.874141876430206,23,1,NER,1,0,0,1,1,0,0,Express,Mathura Chhapra Express,15108
410.0,550.0,44.72727272727273,1,68,16.585365853658537,23,1,NER,1,0,0,0,1,0,0,Express,Budhpurnima Express,15109
410.0,510.0,48.23529411764706,1,68,16.585365853658537,20,0,NER,1,0,0,0,1,0,0,Express,Budhpurnima Express,15110
1083.0,1450.0,44.813793103448276,3,140,12.927054478301015,7,0,NER,1,0,1,1,1,0,0,Express,Sarnath Express,15159
1083.0,1505.0,43.17607973421927,3,140,12.927054478301015,20,0,NER,1,0,1,1,1,0,0,Express,Sarnath Express,15160
184.0,335.0,32.95522388059702,0,25,13.586956521739129,17,0,NER,1,0,0,0,0,0,0,Express,Hajipur Raxaul InterCity,15201
674.0,975.0,41.47692307692308,2,103,15.281899109792285,20,0,ECR,1,0,0,1,1,0,0,Express,Barauni-Lucknow Express,15203
1521.0,1985.0,45.97481108312342,0,260,17.094017094017094,8,0,NER,1,0,0,0,0,0,0,Express,SAHARSA - AMRITSAR Jan Seva Exp,15209
1533.0,1970.0,46.690355329949234,0,260,16.96020874103066,6,0,NER,1,0,0,0,0,0,0,Express,AMRITSAR - SAHARSA Jan Seva Exp,15210
1499.0,1945.0,46.24164524421594,0,246,16.410940627084724,17,0,ECR,1,0,0,0,0,0,0,Express,DARBHANGA - AMRITSAR Jan Nayak Exp,15211
160.0,235.0,40.851063829787236,0,21,13.125,8,0,NER,1,0,0,0,0,0,0,Express,Muzaffarpur-Narkatiaganj Express,15215
160.0,215.0,44.651162790697676,0,21,13.125,13,0,NER,1,0,0,0,0,0,0,Express,Narkatiaganj-Muzaffarpur Express,15216
2733.0,3115.0,52.64205457463885,3,522,19.099890230515918,7,0,ECR,1,0,1,1,1,0,0,Express,MUZAFFARPUR - YESVANTPUR Weekly Exp,15228
1979.0,2240.0,53.00892857142857,0,281,14.199090449722082,16,0,NER,1,0,0,0,0,0,0,Express,RAXAUL - MUMBAI LTT Jan Sadharan Exp,15267
964.0,1470.0,39.3469387755102,2,131,13.589211618257261,8,0,NER,1,0,0,1,1,0,0,Express,Satyagraha Express,15273
964.0,1415.0,40.87632508833922,2,131,13.589211618257261,17,0,NER,1,0,0,1,1,0,0,Express,Satyagraha Express,15274
245.0,365.0,40.273972602739725,2,32,13.061224489795917,23,1,ECR,1,0,0,1,1,0,0,Express,Janaki Express,15283
245.0,370.0,39.729729729729726,2,32,13.061224489795917,23,1,ECR,1,0,0,1,1,0,0,Express,Janaki Express,15284
222.0,405.0,32.888888888888886,0,19,8.558558558558557,17,0,NER,1,0,0,0,0,0,0,Express,AISHBAGH - PALIA KALAN EXP,15320
179.0,325.0,33.04615384615384,0,22,12.290502793296088,9,0,NER,1,0,0,0,0,0,0,Express,Kapilavastu Express,15322
3578.0,3940.0,54.48730964467005,3,613,17.13247624371157,18,0,NFR,1,0,1,1,1,0,0,Express,DIBRUGARH - BENGALURU CITY Weekly Exp,15902
674.0,1050.0,38.51428571428571,2,103,15.281899109792285,15,0,ECR,1,0,0,1,1,0,0,Express,Lucknow-Barauni Express,15204
1752.0,2250.0,46.72,0,285,16.267123287671232,21,0,NER,1,0,0,0,0,0,0,Express,MUZAFFARPUR - AHMEDABAD Jan Sadharan Exp,15269
549.0,700.0,47.05714285714286,0,94,17.122040072859743,15,0,ECR,1,0,0,0,0,0,0,Express,Muzzafarpur-Howrah JanSadharan Express,15272
107.0,195.0,32.92307692307692,0,16,14.953271028037383,18,0,NER,1,0,0,0,0,0,0,Express,Saharsa-Barauni Express,15275
107.0,185.0,34.7027027027027,0,16,14.953271028037383,3,1,NER,1,0,0,0,0,0,0,Express,Barauni-Saharsa Express,15276
1210.0,1635.0,44.403669724770644,2,183,15.12396694214876,11,0,NER,1,0,0,1,1,0,0,Express,Poorbiya Express,15279
1202.0,1630.0,44.24539877300613,2,181,15.058236272878537,15,0,NER,1,0,0,1,1,0,0,Express,Poorabiya Express,15280
224.0,315.0,42.666666666666664,1,41,18.303571428571427,5,0,NER,1,0,0,0,0,1,0,Express,Kosi Express,15281
224.0,335.0,40.11940298507463,1,41,18.303571428571427,16,0,NER,1,0,0,0,0,1,0,Express,Kosi Express,15282
363.0,590.0,36.91525423728813,3,39,10.743801652892563,20,0,NER,1,0,1,0,1,0,1,Express,Nainital Express,15307
363.0,575.0,37.87826086956522,3,39,10.743801652892563,20,0,NER,1,0,1,0,1,0,1,Express,Nainital Express,15308
322.0,760.0,25.42105263157895,1,34,10.559006211180124,20,0,NER,0,0,0,0,1,0,0,Express,Nainital Express Slip,15308-Slip
421.0,700.0,36.08571428571429,0,52,12.351543942992874,5,0,NER,1,0,0,0,0,0,0,Express,Rohilkhand Express,15309
421.0,750.0,33.68,0,52,12.351543942992874,7,0,NER,1,0,0,0,0,0,0,Express,Rohilkhand Express,15310
188.0,340.0,33.17647058823529,0,29,15.425531914893618,9,0,NER,1,0,0,0,0,0,0,Express,KUMAON EXPRESS,15311
188.0,355.0,31.77464788732394,3,29,15.425531914893618,17,0,NER,1,0,1,0,1,0,1,Express,Kumaun Express,15312
317.0,585.0,32.51282051282051,0,35,11.041009463722398,14,0,NER,1,0,0,0,0,0,0,Express,Aishbagh Bareilly Express,15313
317.0,540.0,35.22222222222222,1,35,11.041009463722398,4,1,NER,1,0,0,0,1,0,0,Express,Aishbagh Express,15314
499.0,795.0,37.660377358490564,1,48,9.619238476953907,20,0,NER,1,0,0,0,1,0,0,Express,Gonda-Kasganj Gokul Express,15315
498.0,815.0,36.66257668711656,1,48,9.638554216867469,17,0,NER,1,0,0,0,1,0,0,Express,Kasganj-Gonda Gokul Express,15316
222.0,385.0,34.5974025974026,0,19,8.558558558558557,3,1,NER,1,0,0,0,0,0,0,Express,PALIA KALAN - AISHBAGH  Exp,15319
179.0,315.0,34.095238095238095,0,22,12.290502793296088,16,0,NER,1,0,0,0,0,0,0,Express,Kapilavastu Express,15321
571.0,825.0,41.527272727272724,3,79,13.8353765323993,22,1,NFR,1,0,1,1,1,0,0,Express,Guwahati Ledo Intercity Express,15603
571.0,800.0,42.824999999999996,3,79,13.8353765323993,15,0,NFR,1,0,1,1,1,0,0,Express,Ledo Guwahati Intercity Express,15604
405.0,605.0,40.16528925619834,2,55,13.580246913580247,18,0,NFR,1,0,0,1,1,0,0,Express,Guwahati InterCity Express,15606
2559.0,3375.0,45.49333333333333,3,349,13.638139898397812,21,0,NFR,1,0,1,1,1,0,0,Express,Awadh Assam Express,15609
877.0,1345.0,39.122676579925646,2,114,12.998859749144813,21,0,NFR,0,0,0,1,1,0,0,Express,Jivachh Link Express,15609-Slip
2559.0,3375.0,45.49333333333333,3,349,13.638139898397812,19,0,NFR,1,0,1,1,1,0,0,Express,Awadh Assam Express,15610
2942.0,3350.0,52.69253731343284,0,421,14.309993201903467,11,0,NFR,1,0,0,0,0,0,0,Express,Lokmanya Tilak (T)-Kamakhya Karmabhoomi Express,15611
2942.0,3150.0,56.03809523809524,0,421,14.309993201903467,18,0,NFR,1,0,0,0,0,0,0,Express,Kamakhya-Mumbai LTT Karmabhoomi Express,15612
1091.0,1355.0,48.309963099631,2,190,17.415215398716775,7,0,NFR,1,0,0,1,1,0,0,Express,KAMAKHYA - GAYA Weekly Exp,15620
2795.0,3265.0,51.36294027565084,3,466,16.67262969588551,22,1,NFR,1,0,1,1,1,0,0,Express,CHENNAI EGMORE - GUWAHATI Exp,15629
2796.0,3195.0,52.50704225352113,3,466,16.666666666666668,15,0,NFR,1,0,1,1,1,0,0,Express,GUWAHATI - CHENNAI EGMORE Exp,15630
2473.0,2895.0,51.25388601036269,3,386,15.608572583906186,23,1,NFR,1,0,1,1,1,0,0,Express,BARMER - GUWAHATI Exp,15631
2473.0,2765.0,53.66365280289331,3,386,15.608572583906186,10,0,NFR,1,0,1,1,1,0,0,Express,GUWAHATI - BARMER Exp,15632
3237.0,4060.0,47.83743842364532,3,514,15.878900216249615,11,0,NFR,1,0,1,1,1,0,0,Express,OKHA - GUWAHATI EXP,15635
3237.0,3945.0,49.2319391634981,3,515,15.909793018226754,10,0,NFR,1,0,1,1,1,0,0,Express,GUWAHATI - OKHA DWARKA EXP,15636
1528.0,1915.0,47.87467362924282,3,264,17.277486910994764,14,0,NFR,1,0,1,1,1,0,0,Express,PURI - GUWAHATI Exp,15639
1572.0,1805.0,52.254847645429365,2,310,19.720101781170484,22,1,NFR,1,0,0,1,1,0,0,Express,PURI - KAMAKHYA Weekly Express,15643
1572.0,1920.0,49.125,2,297,18.893129770992367,23,1,NFR,1,0,0,1,1,0,0,Express,KAMAKHYA - PURI Weekly Spl,15644
256.0,370.0,41.51351351351351,3,35,13.671875,23,1,NFR,1,0,1,1,1,0,0,Express,Nagaland Express,15669
256.0,330.0,46.54545454545455,3,35,13.671875,6,0,NFR,1,0,1,1,1,0,0,Express,Nagaland Express,15670
215.0,650.0,19.846153846153847,2,29,13.488372093023257,22,1,NFR,1,0,1,0,1,0,0,Express,Cachar Express,15691
290.0,440.0,39.54545454545455,1,42,14.482758620689655,14,0,NFR,1,0,0,0,0,1,0,Express,InterCity Express,15714
297.0,370.0,48.16216216216216,1,38,12.794612794612794,5,0,NFR,0,0,0,0,1,0,0,Express,InterCity Express,15743
297.0,390.0,45.69230769230769,0,38,12.794612794612794,5,0,NFR,1,0,0,0,0,0,0,Express,AlipurDuar-Kamakhya Intercity Express,15771
297.0,375.0,47.52,0,38,12.794612794612794,16,0,NFR,1,0,0,0,0,0,0,Express,Kamakhya-AlipurDuar Intercity Express,15772
1392.0,1515.0,55.12871287128713,3,196,14.080459770114942,8,0,SR,1,0,1,1,1,0,0,Superfast,SAINAGAR SHIRDI - CHENNAI CENT SF Exp,22602
139.0,225.0,37.06666666666667,0,18,12.949640287769785,10,0,WCR,1,0,0,0,0,0,0,Passenger,Bhopal Bina Passenger,51631
644.0,860.0,44.93023255813954,2,93,14.440993788819874,20,0,ER,1,0,0,1,1,0,0,Express,Gorakhpur-Asansol Express,13508
2594.0,3085.0,50.45056726094003,3,396,15.265998457979952,8,0,NFR,1,0,1,1,1,0,0,Express,MUMBAI LTT - GUWAHATI Exp,15645
2594.0,3075.0,50.614634146341466,3,396,15.265998457979952,16,0,NFR,1,0,1,1,1,0,0,Express,GUWAHATI - MUMBAI LTT Exp,15646
2735.0,3175.0,51.68503937007874,3,442,16.16087751371115,8,0,NFR,1,0,1,1,1,0,0,Express,MUMBAI LTT - GUWAHATI Exp,15647
2735.0,3180.0,51.60377358490566,3,453,16.56307129798903,15,0,NFR,1,0,1,1,1,0,0,Express,GUWAHATI - MUMBAI LTT Exp,15648
2352.0,2890.0,48.83044982698962,3,386,16.41156462585034,22,1,NFR,1,0,1,1,1,0,0,Express,JAMMU TAWI - GUWAHATI Lohit Exp,15652
2431.0,2890.0,50.47058823529412,3,394,16.20732208967503,22,1,NFR,1,0,1,1,1,0,0,Express,JAMMU TAWI - GUWAHATI Amarnath Exp,15654
975.0,1255.0,46.613545816733065,3,181,18.564102564102566,22,1,NFR,1,0,1,1,1,0,0,Express,GUWAHATI - KOLKATA SEALDAH KanchanJungha Exp,15658
1216.0,1520.0,48.0,2,208,17.105263157894736,20,0,NFR,1,0,0,1,1,0,0,Express,RANCHI - KAMAKHYA Exp,15661
1216.0,1545.0,47.22330097087379,2,208,17.105263157894736,12,0,NFR,1,0,0,1,1,0,0,Express,KAMAKHYA - RANCHI Exp,15662
250.0,325.0,46.15384615384615,3,34,13.6,14,0,NFR,1,0,1,1,1,0,0,Express,Guwahati-Dimapur Express,15665
250.0,360.0,41.666666666666664,3,34,13.6,21,0,NFR,1,0,1,1,1,0,0,Express,Dimapur-Guwahati Express,15666
3157.0,3885.0,48.75675675675676,3,497,15.742793791574279,13,0,NFR,1,0,1,1,1,0,0,Express,GANDHIDHAM - KAMAKHYA Exp,15667
3159.0,3900.0,48.6,3,498,15.764482431149098,11,0,NFR,1,0,1,1,1,0,0,Express,KAMAKHYA - GANDHIDHAM Exp,15668
215.0,670.0,19.253731343283583,2,29,13.488372093023257,19,0,NFR,1,0,1,0,1,0,0,Express,Cachar Express,15692
215.0,750.0,17.2,1,33,15.348837209302326,6,0,NFR,1,0,0,0,1,0,0,Express,Barak Valley Express,15693
215.0,690.0,18.695652173913043,1,33,15.348837209302326,8,0,NFR,1,0,0,0,1,0,0,Express,Barak Valley Express,15694
412.0,980.0,25.22448979591837,2,51,12.37864077669903,20,0,NFR,1,0,1,0,1,0,0,Express,Lumding Agartala Express,15695
412.0,1100.0,22.472727272727273,2,51,12.37864077669903,14,0,NFR,1,0,1,0,1,0,0,Express,Agartala Lumding Express,15696
290.0,390.0,44.61538461538461,1,44,15.172413793103448,6,0,NFR,1,0,0,0,0,1,0,Express,InterCity Express,15713
1835.0,2390.0,46.06694560669456,3,280,15.25885558583106,5,0,NFR,1,1,0,1,1,0,0,Express,Garib Nawaz Express,15715
1816.0,2410.0,45.211618257261414,2,280,15.418502202643172,11,0,NFR,1,0,0,1,1,0,0,Express,Garib Nawaz Express Slip,15716
1812.0,2410.0,45.11203319502075,2,283,15.618101545253863,11,0,NFR,0,0,0,1,1,0,0,Express,Garib Nawaz Express,15716-Slip
404.0,645.0,37.58139534883721,0,50,12.376237623762377,11,0,NFR,1,0,0,0,0,0,0,Express,Guwahati Mariani Intercity Express,15717
190.0,250.0,45.599999999999994,0,27,14.210526315789474,6,0,NFR,1,0,0,0,0,0,0,Express,Katihar sguj InterCity Express,15719
190.0,290.0,39.310344827586206,0,27,14.210526315789474,17,0,NFR,1,0,0,0,0,0,0,Express,Siliguri Katihar InterCity Express,15720
752.0,975.0,46.276923076923076,3,158,21.01063829787234,16,0,NFR,1,1,0,1,1,0,0,Express,Paharia Express,15721
752.0,885.0,50.983050847457626,3,158,21.01063829787234,21,0,NFR,1,1,0,1,1,0,0,Express,Paharia Express,15722
469.0,630.0,44.666666666666664,3,64,13.646055437100213,22,1,NFR,1,1,0,1,1,0,0,Express,NewJalpaiguri-Darbhanga Weekly Express,15723
469.0,650.0,43.29230769230769,3,64,13.646055437100213,19,0,NFR,1,1,0,1,1,0,0,Express,Darbhanga-NewJalpaiguri Weekly Express,15724
303.0,355.0,51.2112676056338,0,45,14.851485148514852,10,0,NFR,1,0,0,0,0,0,0,Express,NewJalpaiguri-Balurghat Intercity Express,15764
169.0,225.0,45.06666666666667,0,23,13.609467455621303,5,0,NFR,1,0,0,0,0,0,0,Express,New Jalpaiguri Alipur Duar Intercity Express,15765
169.0,245.0,41.38775510204082,0,23,13.609467455621303,15,0,NFR,1,0,0,0,0,0,0,Express,Alipur Duar-New Jalpaiguri Intercity Express,15766
169.0,260.0,39.0,0,23,13.609467455621303,16,0,NFR,1,0,0,0,0,0,0,Express,New Jalpaiguri-Alipur Duar Intercity Express,15767
169.0,250.0,40.559999999999995,0,23,13.609467455621303,6,0,NFR,1,0,0,0,0,0,0,Express,Alipurduar Jn-New Jalpaiguri InterCity Express,15768
447.0,585.0,45.84615384615385,0,55,12.304250559284117,4,1,NFR,1,0,0,0,0,0,0,Express,Alipurduar Lumding Express,15769
447.0,580.0,46.24137931034483,0,55,12.304250559284117,15,0,NFR,1,0,0,0,0,0,0,Express,Lumding Alipurduar Express,15770
2661.0,3185.0,50.1287284144427,3,414,15.558060879368659,8,0,NFR,0,0,1,1,1,0,0,Express,Dibrugarh-Chandigarh Weekly Express,15903
2664.0,3305.0,48.36308623298033,3,414,15.54054054054054,23,1,NFR,0,0,1,1,1,0,0,Express,Chandigarh-Dibrugarh Weekly Express,15904
151.0,190.0,47.684210526315795,1,40,26.490066225165563,13,0,SR,1,0,0,0,0,1,0,Express,Tirupati Express,16053
151.0,200.0,45.3,1,40,26.490066225165563,9,0,SR,1,0,0,0,0,1,0,Express,Chennai Express,16054
151.0,185.0,48.97297297297297,1,40,26.490066225165563,6,0,SR,1,0,0,0,0,1,0,Express,Saptagiri Express,16057
151.0,195.0,46.46153846153846,1,40,26.490066225165563,17,0,SR,1,0,0,0,0,1,0,Express,Saptagiri Express,16058
2088.0,2360.0,53.08474576271186,2,261,12.5,5,0,SR,1,0,0,1,1,0,0,Express,Chennai Lucknow Express,16093
2088.0,2510.0,49.91235059760956,2,260,12.452107279693488,16,0,SR,1,0,0,1,1,0,0,Express,Lucknow Chennai Express,16094
151.0,210.0,43.142857142857146,1,40,26.490066225165563,16,0,SWR,1,0,0,0,0,0,1,Express,Garudadri Express,16203
151.0,250.0,36.239999999999995,1,40,26.490066225165563,6,0,SWR,1,0,0,0,0,0,1,Express,Garudadri Express,16204
150.0,265.0,33.96226415094339,0,21,14.0,4,1,NER,0,0,0,0,0,0,0,Passenger,Narkatiaganj Gorakhpur Passenger,55201
1528.0,1955.0,46.89514066496163,3,264,17.277486910994764,18,0,NFR,1,0,1,1,1,0,0,Express,GUWAHATI - PURI Exp,15640
4279.0,5130.0,50.046783625730995,3,698,16.31222248188829,14,0,NFR,1,0,1,1,1,0,0,Express,KANNIYAKUMARI - DIBRUGARH Vivek Exp,15905
4278.0,4960.0,51.75,3,698,16.316035530621786,23,1,NFR,1,0,1,1,1,0,0,Express,DIBRUGARH - KANNIYAKUMARI Vivek Exp,15906
512.0,685.0,44.846715328467155,0,66,12.890625,6,0,NFR,1,0,0,0,0,0,0,Express,Kamakhya Dibrugarh Express,15927
512.0,695.0,44.20143884892086,0,66,12.890625,6,0,NFR,1,0,0,0,0,0,0,Express,Dibrugarh Kamakhya Express,15928
3352.0,4050.0,49.65925925925926,3,554,16.52744630071599,22,1,NFR,1,0,1,1,1,0,0,Express,CHENNAI EGMORE - DIBRUGARH Weekly Exp,15929
3352.0,4110.0,48.934306569343065,3,544,16.229116945107396,23,1,NFR,1,0,1,1,1,0,0,Express,DIBRUGARH - CHENNAI EGMORE Weekly Exp,15930
2870.0,3705.0,46.477732793522264,3,452,15.749128919860627,7,0,NFR,0,0,1,1,1,0,0,Express,Dibrugarh-Amritsar Weekly Express,15933
2877.0,3635.0,47.488308115543326,3,452,15.710809871393813,15,0,NFR,0,0,1,1,1,0,0,Express,Amritsar-DibrugarhTown Weekly Express,15934
1710.0,2115.0,48.51063829787234,3,217,12.690058479532162,6,0,NFR,1,0,1,1,1,0,0,Express,DIBRUGARH - JHAJHA Exp,15942
1528.0,2110.0,43.45023696682465,3,277,18.1282722513089,18,0,NFR,1,0,1,1,1,0,0,Express,DIBRUGARH - HOWRAH Kamrup Exp,15960
2800.0,3355.0,50.074515648286145,2,367,13.107142857142858,5,0,SR,1,0,0,1,1,0,0,Express,Andaman Express,16031
2800.0,3505.0,47.93152639087019,2,367,13.107142857142858,23,1,SR,1,0,0,1,1,0,0,Express,Andaman Express,16032
746.0,810.0,55.25925925925926,4,132,17.694369973190348,21,0,SR,1,0,1,1,1,0,1,Express,Chennai- Alapuzha Alleppey Express,16041
145.0,185.0,47.027027027027025,0,24,16.551724137931036,18,0,SR,1,0,0,0,0,0,0,Express,Arakkonam-Jolarpettai Express,16085
145.0,170.0,51.17647058823529,0,24,16.551724137931036,6,0,SR,1,0,0,0,0,0,0,Express,Arakkonam Express,16086
220.0,275.0,48.0,0,53,24.09090909090909,17,0,SR,1,0,0,0,0,0,0,Express,Yelagiri Express,16089
220.0,270.0,48.888888888888886,0,53,24.09090909090909,4,1,SR,1,0,0,0,0,0,0,Express,Yelagiri Express,16090
983.0,1335.0,44.17977528089887,4,181,18.413021363173957,6,0,SR,1,1,1,1,1,0,0,Express,Mangalore Chennai Egmore Express,16108
196.0,220.0,53.45454545454545,0,44,22.448979591836736,18,0,SR,1,0,0,0,0,0,0,Express,Chennai Egmore Puducherry Express,16115
196.0,225.0,52.266666666666666,0,44,22.448979591836736,5,0,SR,1,0,0,0,0,0,0,Express,Puducherry Chennai Express,16116
2356.0,2625.0,53.85142857142857,3,363,15.407470288624788,15,0,SR,1,0,1,1,1,0,0,Express,CHENNAI EGMORE - JODHPUR Exp,16125
1100.0,1380.0,47.82608695652174,3,195,17.727272727272727,7,0,SR,1,0,1,1,1,0,0,Express,CHENNAI EGMORE - GURUVAYUR Exp,16127
1100.0,1465.0,45.051194539249146,3,195,17.727272727272727,20,0,SR,1,0,1,1,1,0,0,Express,GURUVAYUR - CHENNAI EGMORE Exp,16128
436.0,600.0,43.6,5,98,22.477064220183486,23,1,SR,1,1,1,1,1,0,1,Express,Kamban Express,16175
436.0,560.0,46.71428571428571,5,98,22.477064220183486,20,0,SR,1,1,1,1,1,0,1,Express,Kamban Express,16176
425.0,550.0,46.36363636363637,5,88,20.705882352941178,22,1,SR,1,1,1,1,1,0,1,Express,Rock Fort Express,16177
425.0,560.0,45.535714285714285,5,88,20.705882352941178,19,0,SR,1,1,1,1,1,0,1,Express,Rock Fort (Malai Kottai) Express,16178
395.0,505.0,46.93069306930693,4,86,21.772151898734176,22,1,SR,1,1,1,1,1,0,0,Express,Mannai Express,16179
395.0,515.0,46.019417475728154,4,86,21.772151898734176,21,0,SR,1,1,1,1,1,0,0,Express,Mannai Express,16180
274.0,330.0,49.81818181818182,1,41,14.963503649635035,16,0,SWR,1,0,0,0,0,1,0,Express,Bangalore City-Shimoga InterCity,16201
274.0,335.0,49.07462686567165,1,41,14.963503649635035,6,0,SWR,1,0,0,0,0,1,0,Express,Shimoga-Bangalore City InterCity,16202
373.0,475.0,47.11578947368421,1,26,6.970509383378016,14,0,SWR,1,0,0,0,0,1,0,Express,Talaguppa Mysore Intercity Express,16205
373.0,495.0,45.21212121212121,1,26,6.970509383378016,6,0,SWR,1,0,0,0,0,1,0,Express,Mysore - Talguppa Intercity Express,16206
2290.0,2975.0,46.18487394957983,3,341,14.890829694323145,5,0,SWR,1,0,1,1,1,0,0,Express,Ajmer-Mysore Express,16209
2290.0,2835.0,48.46560846560847,3,341,14.890829694323145,18,0,SWR,1,0,1,1,1,0,0,Express,Mysore-Ajmer Express,16210
139.0,175.0,47.65714285714286,1,23,16.546762589928058,6,0,SWR,1,0,0,0,0,1,0,Express,Chamundi Express,16215
139.0,175.0,47.65714285714286,1,23,16.546762589928058,18,0,SWR,1,0,0,0,0,1,0,Express,Chamundi Express,16216
274.0,415.0,39.614457831325296,4,41,14.963503649635035,23,1,SWR,1,1,0,1,1,0,1,Express,Bangalore-Shimoga Express,16227
274.0,380.0,43.26315789473684,4,41,14.963503649635035,22,1,SWR,1,1,0,1,1,0,1,Express,Shimoga-Bangalore Express,16228
680.0,935.0,43.63636363636363,3,102,15.0,17,0,SWR,1,0,1,1,1,0,0,Express,Mayiladuturai Mysore Express,16231
680.0,915.0,44.59016393442623,3,102,15.0,15,0,SWR,1,0,1,1,1,0,0,Express,Mysore Mayiladuturai Express,16232
327.0,460.0,42.65217391304348,1,63,19.26605504587156,5,0,SR,1,0,0,0,0,1,0,Express,Venad Express,16302
283.0,345.0,49.21739130434783,2,56,19.78798586572438,6,0,SR,1,0,0,0,1,1,0,Express,Ernakulam Kannur InterCity Express,16305
2790.0,3095.0,54.087237479806134,3,455,16.308243727598565,16,0,SR,1,0,1,1,1,0,0,Express,Ernakulam-Patna Express,16309
2790.0,3090.0,54.1747572815534,3,455,16.308243727598565,14,0,SR,1,0,1,1,1,0,0,Express,Patna - Ernakulam Express,16310
843.0,990.0,51.09090909090909,3,133,15.776986951364176,16,0,SR,1,0,1,1,1,0,0,Express,Tiruvananthapuram Bangalore Weekly Express,16322
2566.0,2715.0,56.70718232044199,3,446,17.381137957911147,16,0,SR,1,0,1,1,1,0,0,Express,Trivandrum Shalimar Biweekly Express,16323
2653.0,2850.0,55.85263157894737,3,388,14.624952883528081,5,0,SR,1,0,1,1,1,0,0,Express,Ahilyanagari Express,16326
738.0,1025.0,43.2,1,90,12.195121951219512,16,0,WCR,1,0,0,0,1,0,0,Express,ITARSI - BHOPAL Vindhyachal Exp,11271
1968.0,1995.0,59.18796992481203,4,305,15.497967479674797,20,0,SER,1,1,1,1,1,0,0,Superfast,MUMBAI CST - HOWRAH SF Mail (via NAGPUR),12809
1387.0,1720.0,48.383720930232556,3,209,15.068493150684933,9,0,NR,1,0,1,1,1,0,0,Express,New Farakka-New Delhi Express,14003
500.0,655.0,45.80152671755725,3,91,18.2,20,0,SWR,1,0,1,1,1,0,0,Express,Kaveri Express,16221
120.0,160.0,45.0,0,26,21.666666666666668,8,0,SWR,1,0,0,0,0,0,0,Express,Mayiladuturai Tiruchirappalli Express,16233
120.0,160.0,45.0,0,26,21.666666666666668,13,0,SWR,1,0,0,0,0,0,0,Express,Tiruchchirapalli Mayiladuturai Express,16234
327.0,470.0,41.74468085106383,1,63,19.26605504587156,14,0,SR,1,0,0,0,0,1,0,Express,Venad Express,16301
220.0,280.0,47.14285714285714,1,42,19.09090909090909,5,0,SR,1,0,0,0,0,1,0,Express,Vanchinad Express,16303
220.0,280.0,47.14285714285714,1,42,19.09090909090909,17,0,SR,1,0,0,0,0,1,0,Express,Vanchinad Express,16304
283.0,360.0,47.166666666666664,1,56,19.78798586572438,14,0,SR,1,0,0,0,0,1,0,Express,Kannur Ernakulam InterCity Express,16306
339.0,480.0,42.375,1,68,20.058997050147493,5,0,SR,1,0,0,0,0,1,0,Express,Executive Express,16308
283.0,400.0,42.449999999999996,1,56,19.78798586572438,16,0,SR,1,0,0,0,0,1,0,Express,Executive Express,16313
283.0,390.0,43.53846153846154,1,56,19.78798586572438,5,0,SR,1,0,0,0,0,1,0,Express,Executive Express,16314
837.0,970.0,51.77319587628865,3,139,16.606929510155318,17,0,SR,1,0,1,1,1,0,0,Express,BANGALORE - KOCHUVELI Exp,16315
837.0,990.0,50.72727272727273,3,139,16.606929510155318,16,0,SR,1,0,1,1,1,0,0,Express,KOCHUVELI - BANGALORE Exp,16316
3715.0,4270.0,52.20140515222482,2,504,13.566621803499327,14,0,SR,1,0,0,1,1,0,0,Express,Himsagar Express,16317
3715.0,4215.0,52.88256227758007,3,504,13.566621803499327,23,1,SR,1,0,1,1,1,0,0,Express,Himsagar Express,16318
3561.0,3995.0,53.48185231539425,2,458,12.861555742768886,23,1,SR,0,0,1,0,1,0,0,Express,Himsagar Express Slip,16318-Slip
2566.0,2865.0,53.738219895287955,3,445,17.342166796570538,22,1,SR,1,0,1,1,1,0,0,Express,Shalimar Tiruvananthapuram Express,16324
2653.0,2985.0,53.32663316582914,3,388,14.624952883528081,16,0,SR,1,0,1,1,1,0,0,Express,Ahilyanagari Express,16325
2519.0,2760.0,54.76086956521739,3,381,15.125049622866216,19,0,SR,1,0,1,1,1,0,0,Express,Korba Tiruvananthapuram Express,16327
2516.0,2790.0,54.10752688172043,3,381,15.14308426073132,5,0,SR,1,0,1,1,1,0,0,Express,Trivandrum-Korba Express,16328
1946.0,2335.0,50.00428265524626,3,310,15.93011305241521,12,0,SR,1,0,1,1,1,0,0,Express,MUMBAI CST - TRIVANDRUM Exp,16331
1946.0,2435.0,47.95071868583162,3,310,15.93011305241521,4,1,SR,1,0,1,1,1,0,0,Express,TRIVANDRUM - MUMBAI CST Exp,16332
2709.0,2890.0,56.24221453287198,3,352,12.993724621631598,3,1,SR,1,0,1,1,1,0,0,Express,VERAVAL - TRIVANDRUM Exp,16333
2709.0,2965.0,54.819561551433395,3,354,13.067552602436324,15,0,SR,1,0,1,1,1,0,0,Express,TRIVANDRUM - VERAVAL Exp,16334
2649.0,2845.0,55.8664323374341,3,337,12.721781804454512,5,0,SR,1,0,1,1,1,0,0,Express,GANDHIDHAM - NAGERCOIL Weekly Exp,16335
2649.0,2860.0,55.57342657342657,3,337,12.721781804454512,13,0,SR,1,0,1,1,1,0,0,Express,NAGERCOIL - GANDHIDHAM Weekly Exp,16336
2557.0,2680.0,57.246268656716424,3,323,12.631990614000783,2,1,SR,1,0,1,1,1,0,0,Express,OKHA - ERNAKULAM Exp,16337
2557.0,2735.0,56.09506398537477,3,314,12.28001564333203,19,0,SR,1,0,1,1,1,0,0,Express,ERNAKULAM - OKHA Exp,16338
1882.0,2350.0,48.05106382978724,3,266,14.133900106269925,12,0,SR,1,0,1,1,1,0,0,Express,MUMBAI CST - NAGERCOIL Exp,16339
1882.0,2275.0,49.63516483516484,3,266,14.133900106269925,6,0,SR,1,0,1,1,1,0,0,Express,NAGERCOIL - MUMBAI CST Exp,16340
303.0,405.0,44.888888888888886,1,62,20.462046204620464,3,1,SR,1,0,0,0,0,1,0,Express,Guruvayur-Ernakulam-Trivandrum Intercity Express,16341
303.0,410.0,44.34146341463415,1,62,20.462046204620464,17,0,SR,1,0,0,0,0,1,0,Express,Trivandrum-Ernakulam-Guruvayur Intercity Express,16342
376.0,570.0,39.578947368421055,2,71,18.882978723404257,22,1,SR,1,0,1,0,1,0,0,Express,Amrita Express,16343
376.0,515.0,43.80582524271844,2,71,18.882978723404257,21,0,SR,1,0,1,0,1,0,0,Express,Amrita Express,16344
634.0,870.0,43.724137931034484,3,121,19.085173501577287,20,0,SR,1,0,1,1,1,0,0,Express,Trivandrum Mangalore Express,16347
634.0,860.0,44.23255813953488,3,121,19.085173501577287,14,0,SR,1,0,1,1,1,0,0,Express,Trivandrum Express,16348
393.0,535.0,44.07476635514019,2,74,18.829516539440203,22,1,SR,1,0,0,1,1,0,0,Express,Trivandrum Nilambur Road Rajya Rani Express,16349
393.0,580.0,40.6551724137931,2,74,18.829516539440203,20,0,SR,1,0,0,1,1,0,0,Express,Nilambur Road Trivandrum Rajya Rani Express,16350
2135.0,2700.0,47.44444444444444,3,320,14.988290398126463,15,0,SR,1,0,1,1,1,0,0,Express,Mumbai CST - Kanyakumari Express,16381
2135.0,2840.0,45.1056338028169,3,320,14.988290398126463,5,0,SR,1,0,1,1,1,0,0,Express,Kanniyakumari-Mumbai CST Express,16382
640.0,900.0,42.666666666666664,3,69,10.78125,20,0,SWR,1,0,1,1,1,0,0,Express,Yeshvantapur-Kannur Express,16517
649.0,750.0,51.92,3,78,12.01848998459168,20,0,SWR,1,0,1,1,1,0,0,Express,Yesvantpur - Kannur Express,16527
1153.0,1485.0,46.58585858585859,4,163,14.137033824804858,8,0,SWR,1,1,1,1,1,0,0,Express,Udyan Express,16529
1153.0,1420.0,48.71830985915493,4,164,14.223764093668692,20,0,SWR,1,1,1,1,1,0,0,Express,Udyan Express,16530
2218.0,2890.0,46.048442906574394,3,316,14.24706943192065,17,0,SWR,1,0,1,1,1,0,0,Express,Garib Nawaz Express,16532
143.0,220.0,39.0,0,25,17.482517482517483,10,0,SWR,1,0,0,0,0,0,0,Express,Yeshvantapur-Mysore Express,16560
83.0,135.0,36.888888888888886,0,12,14.457831325301205,6,0,ECoR,1,0,0,0,0,0,0,Passenger,Paradip Cuttack Passenger,58402
774.0,1085.0,42.801843317972356,2,111,14.341085271317828,17,0,NR,1,0,1,0,1,0,0,Express,Allahabad-Saharanpur Nauchandi Express,14511
1804.0,1860.0,58.193548387096776,3,216,11.97339246119734,11,0,SR,1,0,1,1,1,0,0,Express,MUMBAI LTT - TRIVANDRUM Netravati Exp,16345
1804.0,1850.0,58.50810810810811,3,218,12.084257206208425,9,0,SR,1,0,1,1,1,0,0,Express,TRIVANDRUM - MUMBAI LTT Netravati Exp,16346
1967.0,2490.0,47.397590361445786,3,299,15.20081342145399,12,0,SR,1,0,1,1,1,0,0,Express,MUMBAI CST - NAGERCOIL Balaji Exp,16351
2988.0,3270.0,54.825688073394495,3,443,14.825970548862115,16,0,SR,1,0,1,1,1,0,0,Express,PATNA - ERNAKULAM Express,16360
1802.0,2090.0,51.73205741626794,3,225,12.486126526082131,18,0,SWR,1,0,1,1,1,0,0,Express,Ahmedabad Bangalore Express,16501
1802.0,2295.0,47.111111111111114,3,225,12.486126526082131,13,0,SWR,1,0,1,1,1,0,0,Express,Bangalore - Ahmedabad (Weekly) Express,16502
1962.0,2580.0,45.627906976744185,3,305,15.545361875637104,9,0,SWR,1,0,1,1,1,0,0,Express,GANDHIDHAM - BANGALORE Exp,16505
1962.0,2375.0,49.566315789473684,3,305,15.545361875637104,21,0,SWR,1,0,1,1,1,0,0,Express,BANGALORE - GANDHIDHAM Exp,16506
2121.0,2560.0,49.7109375,3,333,15.7001414427157,21,0,SWR,1,0,1,1,1,0,0,Express,BANGALORE - BHAGAT KI KOTHI Exp,16508
794.0,1015.0,46.935960591133004,1,64,8.060453400503778,5,0,SWR,1,0,0,0,0,1,0,Express,Karwar-Yeshvantpur Express,16516
640.0,895.0,42.9050279329609,3,69,10.78125,16,0,SWR,1,0,1,1,1,0,0,Express,Kannur-Yesvantpur Express,16518
145.0,200.0,43.5,0,22,15.172413793103448,17,0,SWR,1,0,0,0,0,0,0,Express,BANGALORE - JOLARPETTAI Exp,16520
70.0,105.0,40.0,0,11,15.714285714285715,21,0,SWR,1,0,0,0,0,0,0,Express,Bangarpet-Bangalore Express,16521
70.0,95.0,44.21052631578947,0,11,15.714285714285715,19,0,SWR,1,0,0,0,0,0,0,Express,Bangalore Bangarpet Express,16522
944.0,1225.0,46.23673469387755,3,153,16.20762711864407,10,0,SWR,1,0,1,1,1,0,0,Express,KANNIYAKUMARI - BANGALORE Island Exp,16525
649.0,775.0,50.245161290322585,3,89,13.713405238828967,18,0,SWR,1,0,1,1,1,0,0,Express,Kannur - Yeshvantpur Express,16528
2236.0,2815.0,47.65896980461812,3,316,14.132379248658319,5,0,SWR,1,0,1,1,1,0,0,Express,Garib Nawaz Express,16531
2199.0,2820.0,46.787234042553195,3,346,15.73442473851751,5,0,SWR,1,0,1,1,1,0,0,Express,BHAGAT KI KOTHI - BANGALORE CITY Exp,16533
2181.0,2835.0,46.15873015873016,3,346,15.864282439248052,17,0,SWR,1,0,1,1,1,0,0,Express,BANGALORE CITY - JODHPUR Exp,16534
822.0,1060.0,46.52830188679245,4,107,13.017031630170315,19,0,SWR,1,1,1,1,1,0,0,Express,Gol Gumbaz Express,16535
822.0,1060.0,46.52830188679245,4,107,13.017031630170315,15,0,SWR,1,1,1,1,1,0,0,Express,Gol Gumbaz Express,16536
723.0,895.0,48.469273743016764,3,74,10.235131396957122,23,1,SWR,1,0,1,1,1,0,0,Express,Bangalore-Nagercoil Weekly Express,16537
723.0,915.0,47.40983606557377,3,74,10.235131396957122,12,0,SWR,1,0,1,1,1,0,0,Express,Nagercoil-Bangalore Express,16538
137.0,205.0,40.09756097560976,0,23,16.78832116788321,16,0,SWR,1,0,0,0,0,0,0,Express,Rajya Rani Express,16557
143.0,225.0,38.13333333333333,0,25,17.482517482517483,13,0,SWR,1,0,0,0,0,0,0,Express,Mysore-Yeshvantapur Express,16559
795.0,985.0,48.42639593908629,4,102,12.830188679245282,21,0,SWR,1,1,1,1,1,0,0,Express,Rani Chennamma Express,16589
795.0,1035.0,46.08695652173913,4,102,12.830188679245282,14,0,SWR,1,1,1,1,1,0,0,Express,Rani Chennamma Express,16590
567.0,730.0,46.6027397260274,4,64,11.28747795414462,18,0,SWR,1,1,1,1,1,0,0,Express,Hampi Express,16591
567.0,780.0,43.61538461538461,4,64,11.28747795414462,22,1,SWR,1,1,1,1,1,0,0,Express,Hampi Express,16592
1042.0,1450.0,43.11724137931034,3,106,10.17274472168906,6,0,SWR,1,1,0,1,1,0,0,Express,Nanded-Bangalore Express,16593
1030.0,1435.0,43.066202090592334,3,106,10.291262135922329,23,1,SWR,1,1,0,1,1,0,0,Express,Bangalore-Nanded Express,16594
690.0,970.0,42.68041237113402,1,136,19.71014492753623,7,0,SR,1,0,0,0,0,1,0,Express,Eranad Express,16605
690.0,930.0,44.516129032258064,1,136,19.71014492753623,2,1,SR,1,0,0,0,0,1,0,Express,Eranad Express,16606
536.0,660.0,48.72727272727273,2,60,11.194029850746269,20,0,SR,1,0,0,1,1,0,0,Express,Nagercoil-Coimbatore Express,16609
536.0,625.0,51.456,2,60,11.194029850746269,20,0,SR,1,0,0,1,1,0,0,Express,Coimbatore-Nagercoil Express,16610
465.0,580.0,48.10344827586207,2,53,11.39784946236559,20,0,SR,1,0,0,1,1,0,0,Express,Coimbatore Tuticorin Link Express,16612
3609.0,4085.0,53.008567931456554,3,486,13.466334164588527,17,0,SR,1,0,1,1,1,0,0,Express,Navyug Express,16687
3609.0,3990.0,54.27067669172932,3,486,13.466334164588527,23,1,SR,1,0,1,1,1,0,0,Express,Navyug Express,16688
3601.0,3995.0,54.082603254067585,2,458,12.718689252985282,23,1,SR,0,0,1,0,1,0,0,Express,Navyug Express Slip,16688-Slip
665.0,810.0,49.25925925925926,4,119,17.894736842105264,17,0,SR,1,1,1,1,1,0,0,Express,Rameswaram-Chennai Egmore Express,16702
600.0,705.0,51.06382978723404,3,101,16.833333333333332,17,0,SR,1,0,1,1,1,0,0,Express,Setu Express,16713
600.0,740.0,48.648648648648646,3,101,16.833333333333332,20,0,SR,1,0,1,1,1,0,0,Express,Setu Express,16714
783.0,1055.0,44.530805687203795,3,89,11.366538952745849,16,0,SR,1,0,1,1,1,0,0,Express,Tuticorin Mysore Express,16731
779.0,955.0,48.94240837696335,4,132,16.944801026957638,16,0,SR,1,1,1,1,1,0,0,Express,Chendhur Express,16735
401.0,495.0,48.60606060606061,4,88,21.945137157107233,8,0,SR,1,1,1,1,1,0,0,Express,Cholan Express (Day Express),16853
776.0,970.0,48.0,3,84,10.824742268041238,17,0,SCR,1,0,1,1,1,0,0,Express,Sainagar Shirdi Secunderabad Express,17001
1135.0,1375.0,49.527272727272724,3,165,14.537444933920705,8,0,SCR,1,0,1,1,1,0,0,Express,Visakha Express,17015
6.0,20.0,18.0,0,3,50.0,5,0,ER,0,0,0,0,0,0,0,Passenger,Jasidih Baidyanathdham Passenger,63151
2431.0,2825.0,51.63185840707964,3,394,16.20732208967503,13,0,NFR,1,0,1,1,1,0,0,Express,GUWAHATI - JAMMU TAWI Amarnath Exp,15653
619.0,810.0,45.851851851851855,4,123,19.87075928917609,17,0,SR,1,0,1,1,1,0,1,Express,Maveli Express,16603
619.0,805.0,46.13664596273292,4,123,19.87075928917609,19,0,SR,1,0,1,1,1,0,1,Express,Maveli Express,16604
465.0,600.0,46.5,2,53,11.39784946236559,21,0,SR,1,0,0,1,1,0,0,Express,Tuticorin Coimbatore Link Express,16611
2237.0,2700.0,49.71111111111111,3,340,15.198927134555207,5,0,SR,1,0,1,1,1,0,0,Express,RAJKOT - COIMBATORE Exp,16613
2237.0,2660.0,50.45864661654135,3,341,15.243629861421546,23,1,SR,1,0,1,1,1,0,0,Express,COIMBATORE - RAJKOT Exp,16614
902.0,1050.0,51.542857142857144,4,162,17.96008869179601,21,0,SR,1,0,1,1,1,0,1,Express,West Coast Express,16628
634.0,935.0,40.68449197860962,4,121,19.085173501577287,18,0,SR,1,0,1,1,1,0,1,Express,Malabar Express,16629
634.0,880.0,43.22727272727273,4,121,19.085173501577287,18,0,SR,1,0,1,1,1,0,1,Express,Malabar Express,16630
634.0,830.0,45.83132530120482,1,121,19.085173501577287,4,1,SR,1,0,0,0,0,1,0,Express,Parasuram Express,16649
634.0,835.0,45.556886227544915,1,121,19.085173501577287,6,0,SR,1,0,0,0,0,1,0,Express,Parasuram Express,16650
396.0,465.0,51.096774193548384,4,76,19.191919191919194,22,1,SR,1,1,1,1,1,0,0,Express,Yercaud Express,16669
396.0,450.0,52.8,4,76,19.191919191919194,21,0,SR,1,1,1,1,1,0,0,Express,Yercaud Express,16670
798.0,980.0,48.85714285714286,4,133,16.666666666666664,16,0,SR,1,1,1,1,1,0,0,Express,TRIVANDRUM - CHENNAI EGMORE Anantapuri Exp,16724
783.0,1020.0,46.05882352941177,3,89,11.366538952745849,18,0,SR,1,0,1,1,1,0,0,Express,Mysore-Tuticorin Express,16732
3196.0,3985.0,48.12045169385194,3,413,12.922403003754694,20,0,SR,1,0,1,1,1,0,0,Express,Rameswaram-Okha Express,16733
3196.0,3705.0,51.75708502024292,3,413,12.922403003754694,6,0,SR,1,0,1,1,1,0,0,Express,Okha-Rameswaram Express,16734
779.0,955.0,48.94240837696335,4,132,16.944801026957638,19,0,SR,1,1,1,1,1,0,0,Express,Chendhur Express,16736
667.0,985.0,40.62944162436548,3,124,18.590704647676162,13,0,SR,1,0,0,1,1,0,1,Express,TIRUPATI - RAMESWARAM Exp,16779
667.0,905.0,44.22099447513812,3,124,18.590704647676162,19,0,SR,1,0,0,1,1,0,1,Express,RAMESWARAM - TIRUPATI Exp,16780
3561.0,4165.0,51.29891956782713,2,528,14.827295703454086,15,0,SR,1,0,1,0,1,0,0,Express,TIRUNELVELI - KATRA Exp,16787
458.0,570.0,48.21052631578947,2,65,14.192139737991265,8,0,SR,1,0,1,0,1,0,0,Express,JAMMU ERODE - TIRUNELVELI Link Exp,16788
401.0,505.0,47.64356435643565,4,88,21.945137157107233,9,0,SR,1,1,1,1,1,0,0,Express,Cholan Express( Day Express),16854
123.0,210.0,35.142857142857146,0,12,9.75609756097561,5,0,SR,1,0,0,0,0,0,0,Express,Tiruturaipudi Karaikkudi Express,16861
123.0,210.0,35.142857142857146,0,12,9.75609756097561,17,0,SR,1,0,0,0,0,0,0,Express,Karaikkudi Tiruturaipudi Express,16862
582.0,825.0,42.32727272727273,5,102,17.525773195876287,16,0,SR,1,1,1,1,1,0,1,Express,Tea Garden Express,16865
582.0,820.0,42.58536585365854,5,102,17.525773195876287,22,1,SR,1,1,1,1,1,0,1,Express,Tea Garden Express,16866
998.0,1415.0,42.31802120141343,3,127,12.725450901803606,23,1,SCR,1,0,1,1,1,0,0,Express,Hyderabad-Kolhapur BiWeekly Express,17003
998.0,1395.0,42.924731182795696,3,127,12.725450901803606,7,0,SCR,1,0,1,1,1,0,0,Express,Kolhapur-Hyderabad BiWeekly Express,17004
2015.0,2370.0,51.0126582278481,3,355,17.61786600496278,21,0,SCR,1,0,1,1,1,0,0,Express,HYDERABAD DECCAN - RAXAUL  Exp,17005
2015.0,2410.0,50.16597510373444,3,355,17.61786600496278,7,0,SCR,1,0,1,1,1,0,0,Express,RAXAUL - HYDERABAD Deccan Exp,17006
649.0,855.0,45.54385964912281,3,81,12.480739599383666,14,0,SCR,1,0,1,1,1,0,0,Express,Pune-Hyderabad Express,17013
649.0,870.0,44.758620689655174,3,81,12.480739599383666,22,1,SCR,1,0,1,1,1,0,0,Express,Hyderabad-Pune Express,17014
790.0,985.0,48.12182741116751,4,136,17.21518987341772,20,0,SCR,1,1,1,1,1,0,0,Express,Hyderabad-Mumbai Express,17032
2113.0,2505.0,50.61077844311377,3,302,14.29247515380975,23,1,SCR,1,0,1,1,1,0,0,Express,SECUNDERABAD - BIKANER Express,17037
497.0,890.0,33.50561797752809,0,73,14.688128772635816,21,0,CR,0,0,0,0,0,0,0,Express,Mumbai -Daund Devagiri Express Slip,17057-Slip
2053.0,2450.0,50.27755102040816,3,305,14.856307842182172,4,1,SCR,1,0,1,1,1,0,0,Express,Bhavnagar(T)-Kakinada Town Express,17203
2053.0,2445.0,50.38036809815951,3,305,14.856307842182172,4,1,SCR,1,0,1,1,1,0,0,Express,Kakinada Town- Bhavnagar Express,17204
1339.0,1570.0,51.17197452229299,3,166,12.39731142643764,17,0,SCR,1,0,1,1,1,0,0,Express,Sainagar Shirdi-Kakinada Express,17205
1339.0,1620.0,49.592592592592595,3,166,12.39731142643764,6,0,SCR,1,0,1,1,1,0,0,Express,Kakinada-Sainagar Shirdi Express,17206
963.0,1165.0,49.59656652360515,3,162,16.822429906542055,13,0,SCR,1,0,1,1,1,0,0,Express,BANGALORE - KAKINADA TOWN Seshadri Exp,17209
963.0,1140.0,50.68421052631579,3,162,16.822429906542055,17,0,SCR,1,0,1,1,1,0,0,Express,KAKINADA TOWN -BANGALORE Seshadri Exp,17210
778.0,950.0,49.136842105263156,3,86,11.053984575835475,14,0,SCR,1,0,1,1,1,0,0,Express,Machilipatnam Express,17212
1086.0,1320.0,49.36363636363637,3,150,13.812154696132598,10,0,SCR,1,0,1,1,1,0,0,Express,Narasapur-Nagarsol Express,17213
1568.0,1825.0,51.55068493150685,3,232,14.795918367346939,7,0,SCR,1,0,1,1,1,0,0,Express,Sabari Express,17229
1568.0,1855.0,50.71698113207547,3,232,14.795918367346939,12,0,SCR,1,0,1,1,1,0,0,Express,Sabari Express,17230
143.0,195.0,44.0,0,25,17.482517482517483,11,0,SWR,1,0,0,0,0,0,0,Express,Malgudi Express,17304
860.0,1110.0,46.486486486486484,3,100,11.627906976744187,17,0,SWR,1,0,1,1,1,0,0,Express,Basava Express,17307
700.0,885.0,47.45762711864407,3,96,13.714285714285714,15,0,SWR,1,0,1,1,1,0,0,Express,YESVANTPUR - VASCO DA GAMA Exp,17309
439.0,405.0,65.03703703703704,1,89,20.273348519362187,13,0,ECoR,1,0,0,0,0,1,0,Premium,Howrah-Bhubaneswar Jan Shatabdi Express,12073
284.0,355.0,48.0,1,38,13.380281690140846,13,0,NR,1,0,0,0,0,1,0,Express,Vindhyachal-Lucknow InterCity,14209
2733.0,3125.0,52.4736,3,521,19.06330040248811,23,1,ECR,1,0,1,1,1,0,0,Express,YESVANTPUR - MUZAFFARPUR Weekly Exp,15227
746.0,840.0,53.285714285714285,4,132,17.694369973190348,16,0,SR,1,0,1,1,1,0,1,Express,Alappuzha-Chennai Express,16042
339.0,480.0,42.375,1,68,20.058997050147493,15,0,SR,1,0,0,0,0,1,0,Express,Executive Express,16307
1478.0,1770.0,50.101694915254235,3,230,15.561569688768607,5,0,SCR,1,0,1,1,1,0,0,Express,Rajkot Secunderabad Express,17017
297.0,325.0,54.83076923076923,1,35,11.784511784511784,8,0,SCR,1,0,0,0,0,1,0,Express,Telangana Express,17035
297.0,330.0,54.0,1,35,11.784511784511784,14,0,SCR,1,0,0,0,0,1,0,Express,Telangana Express,17036
431.0,540.0,47.888888888888886,3,58,13.457076566125291,19,0,SCR,1,0,1,1,1,0,0,Express,Machilipatnam Secunderabad Express,17049
431.0,510.0,50.705882352941174,3,58,13.457076566125291,22,1,SCR,1,0,1,1,1,0,0,Express,Secunderabad Machilipatnam Express,17050
881.0,1030.0,51.32038834951456,4,131,14.869466515323495,21,0,SCR,1,1,1,1,1,0,0,Express,Mumbai-Secunderabad Devagiri Expres,17057
881.0,1055.0,50.1042654028436,4,131,14.869466515323495,13,0,SCR,1,1,1,1,1,0,0,Express,Devagiri Express,17058
621.0,715.0,52.11188811188811,3,82,13.20450885668277,21,0,SCR,1,0,1,1,1,0,0,Express,Ajanta Express,17063
621.0,755.0,49.35099337748344,3,82,13.20450885668277,18,0,SCR,1,0,1,1,1,0,0,Express,Ajanta Express,17064
383.0,480.0,47.875,1,49,12.793733681462141,5,0,SCR,1,0,0,0,0,1,0,Express,Golconda Express,17201
383.0,495.0,46.42424242424242,1,49,12.793733681462141,13,0,SCR,1,0,0,0,0,1,0,Express,Golconda Express,17202
1127.0,1335.0,50.651685393258425,3,126,11.180124223602485,17,0,SCR,1,0,1,1,1,0,0,Express,Sainagar Shiridi Vijayawada Express,17207
1127.0,1365.0,49.53846153846154,3,126,11.180124223602485,10,0,SCR,1,0,1,1,1,0,0,Express,Vijayawada Sainagar Shirdi Express,17208
778.0,1110.0,42.054054054054056,3,86,11.053984575835475,15,0,SCR,1,0,1,1,1,0,0,Express,Machilipatnam Yeshvantapur Express,17211
1086.0,1320.0,49.36363636363637,3,150,13.812154696132598,11,0,SCR,1,0,1,1,1,0,0,Express,Nagarsol Narsapur Express,17214
693.0,885.0,46.983050847457626,3,81,11.688311688311689,18,0,SCR,1,0,1,1,1,0,0,Express,Amaravati Express,17225
693.0,875.0,47.519999999999996,3,81,11.688311688311689,12,0,SCR,1,0,1,1,1,0,0,Express,Amaravati Express,17226
617.0,1005.0,36.83582089552239,2,81,13.128038897893031,12,0,SWR,0,0,1,0,1,0,0,Express,Amaravathi Express Slip,17226-Slip
367.0,575.0,38.29565217391304,1,41,11.1716621253406,15,0,SCR,1,0,0,0,0,1,0,Express,Bhagyanagar Express,17233
367.0,525.0,41.94285714285714,1,41,11.1716621253406,2,1,SCR,1,0,0,0,0,1,0,Express,Bhagyanagar Express,17234
383.0,590.0,38.94915254237288,1,64,16.71018276762402,8,0,SCR,1,0,0,0,0,1,0,Express,Simhadri Express,17239
383.0,500.0,45.959999999999994,1,66,17.23237597911227,7,0,SCR,1,0,0,0,0,1,0,Express,Simhadri Express,17240
76.0,120.0,38.0,0,20,26.31578947368421,10,0,SCR,1,0,0,0,0,0,0,Express,Simhadri Link Express,17241
462.0,630.0,44.0,4,71,15.367965367965368,18,0,SCR,1,1,1,1,1,0,0,Express,Narasapur Hyderabad Express,17255
462.0,655.0,42.320610687022906,4,71,15.367965367965368,21,0,SCR,1,1,1,1,1,0,0,Express,Hyderabad-Narsapur Express,17256
491.0,600.0,49.1,3,47,9.572301425661914,22,1,SWR,1,0,1,1,1,0,0,Express,Mysore Dharwad Express,17301
491.0,615.0,47.90243902439025,3,47,9.572301425661914,20,0,SWR,1,0,1,1,1,0,0,Express,Dharwad Mysore Express,17302
143.0,200.0,42.9,0,25,17.482517482517483,12,0,SWR,1,0,0,0,0,0,0,Express,Malgudi Express,17303
2147.0,2280.0,56.5,2,252,11.737307871448534,16,0,SWR,0,0,1,0,1,0,0,Express,Hubli-H.Nizamuddin Goa Express,17305
860.0,1200.0,43.0,3,100,11.627906976744187,14,0,SWR,1,0,1,1,1,0,0,Express,Basava Express,17308
1070.0,1285.0,49.961089494163424,3,172,16.074766355140188,14,0,SWR,1,0,1,1,1,0,0,Express,VASCO DA GAMA - CHENNAI CENT Exp,17312
834.0,995.0,50.29145728643216,3,141,16.906474820143885,14,0,SWR,1,0,1,1,1,0,0,Express,CHENNAI CENT - HUBLI Weekly Exp,17313
834.0,935.0,53.518716577540104,3,141,16.906474820143885,20,0,SWR,1,0,1,1,1,0,0,Express,HUBLI - CHENNAI CENT Weekly Exp,17314
1315.0,1630.0,48.40490797546012,3,197,14.980988593155892,9,0,SWR,1,0,1,1,1,0,0,Express,VASCO DA GAMA - VELANKANNI Weekly Exp,17315
1315.0,1770.0,44.57627118644068,3,197,14.980988593155892,14,0,SWR,1,0,1,1,1,0,0,Express,VELANKANNI - VASCO DA GAMA Weekly Exp,17316
96.0,140.0,41.14285714285714,0,21,21.875,3,1,SCR,0,0,0,0,0,0,0,Express,Tirupati Narasapur Express,17403
1971.0,2655.0,44.54237288135593,1,262,13.292744799594114,13,0,ECoR,1,0,0,0,1,0,0,Express,Puri-Shirdi Express Slip,17479-Slip
1232.0,1725.0,42.85217391304348,2,194,15.746753246753247,10,0,SCR,1,0,0,1,1,0,0,Express,Tirupati-Puri Express,17480
1819.0,2000.0,54.56999999999999,3,229,12.589334799340296,18,0,SCR,1,0,1,1,1,0,0,Express,PURNA - PATNA Exp,17610
702.0,980.0,42.9795918367347,3,128,18.233618233618234,17,0,SCR,1,0,1,1,1,0,0,Express,Circar Express,17643
702.0,950.0,44.33684210526316,3,128,18.233618233618234,14,0,SCR,1,0,1,1,1,0,0,Express,Circar Express,17644
189.0,210.0,54.0,1,38,20.105820105820108,18,0,SER,1,0,0,0,0,1,0,Express,Kandari Express,18002
1268.0,1420.0,53.57746478873239,3,138,10.883280757097792,16,0,SECR,1,0,1,1,1,0,0,Express,Durg Jaipur Express,18207
290.0,645.0,26.976744186046513,0,38,13.10344827586207,8,0,SWR,1,0,0,0,0,0,0,Passenger,ARAKKONAM - BANGALORE Passenger,56261
1303.0,1415.0,55.25088339222615,3,179,13.737528779739064,17,0,CR,1,0,1,1,1,0,0,Superfast,Chambal Express,12175
1791.0,1795.0,59.86629526462395,3,238,13.288665549972082,14,0,NFR,1,0,1,1,1,0,0,Superfast,Howrah-SainagarShirdi Express,12574
351.0,335.0,62.865671641791046,1,43,12.250712250712251,6,0,SCR,1,0,0,0,0,1,0,Superfast,Satavahana Express,12713
467.0,580.0,48.310344827586206,2,73,15.63169164882227,19,0,SCR,1,0,0,1,1,0,0,Express,Tirupati-Machilipatnam Express,17401
467.0,575.0,48.73043478260869,2,73,15.63169164882227,19,0,SCR,1,0,0,1,1,0,0,Express,Machilipatanam-Tirupati Express,17402
525.0,675.0,46.666666666666664,2,86,16.38095238095238,17,0,SCR,0,0,0,1,1,0,0,Express,Narasapur Tirupati Link Express,17404
1228.0,1490.0,49.4496644295302,3,160,13.029315960912053,5,0,SCR,1,0,0,1,1,1,0,Express,Krishna Express,17405
1228.0,1465.0,50.29351535836177,3,160,13.029315960912053,21,0,SCR,1,0,0,1,1,1,0,Express,Krishna Express,17406
903.0,1205.0,44.962655601659755,3,108,11.960132890365449,20,0,SCR,1,0,1,1,1,0,0,Express,Haripriya Express,17415
903.0,1255.0,43.17131474103586,3,108,11.960132890365449,11,0,SCR,1,0,1,1,1,0,0,Express,Haripriya Express,17416
732.0,885.0,49.6271186440678,3,92,12.56830601092896,17,0,SCR,1,0,1,1,1,0,0,Express,Rayalaseema Express,17429
732.0,960.0,45.75,3,92,12.56830601092896,16,0,SCR,1,0,1,1,1,0,0,Express,Rayalaseema Express,17430
1232.0,1635.0,45.211009174311926,2,194,15.746753246753247,13,0,SCR,1,0,0,1,1,0,0,Express,Puri-Tirupati Express,17479
1403.0,1810.0,46.50828729281768,2,193,13.756236635780471,10,0,SECR,1,0,0,1,1,0,0,Express,Bilaspur-Tirupati Express,17481
1403.0,1870.0,45.01604278074866,2,193,13.756236635780471,10,0,SCR,1,0,0,1,1,0,0,Express,Tirupati-Bilaspur Express,17482
736.0,845.0,52.260355029585796,3,117,15.896739130434781,20,0,SCR,1,0,1,1,1,0,0,Express,Tirumala Express,17487
664.0,810.0,49.18518518518518,4,80,12.048192771084338,21,0,SCR,1,1,1,1,1,0,0,Express,Prasanti Nilayam Express,17603
244.0,300.0,48.8,1,41,16.80327868852459,7,0,SCR,1,0,0,0,0,1,0,Express,Tungabhadra Express,17607
244.0,295.0,49.62711864406779,1,41,16.80327868852459,15,0,SCR,1,0,0,0,0,1,0,Express,Tungabhadra Express,17608
557.0,720.0,46.416666666666664,2,65,11.669658886894075,22,1,SCR,1,0,0,1,1,0,0,Express,Pune Nanded Exp,17613
557.0,720.0,46.416666666666664,3,66,11.849192100538598,21,0,SCR,1,0,1,1,1,0,0,Express,Nanded Pune Express,17614
610.0,705.0,51.91489361702128,1,84,13.77049180327869,6,0,SCR,1,0,0,0,0,1,0,Express,Tapovan Express,17617
610.0,695.0,52.66187050359712,1,84,13.77049180327869,10,0,SCR,1,0,0,0,0,1,0,Express,Tapovan Express,17618
422.0,530.0,47.77358490566037,1,45,10.66350710900474,15,0,SCR,1,0,0,0,0,1,0,Express,Manmad-Dharmabad Composite Express,17687
422.0,550.0,46.03636363636364,1,45,10.66350710900474,4,1,SCR,1,0,0,0,0,1,0,Express,Dharmabad-Manmad Composit Express,17688
187.0,205.0,54.73170731707317,1,27,14.43850267379679,10,0,SER,1,0,0,0,0,1,0,Express,Jhargram Purulia Express,18003
187.0,190.0,59.05263157894737,1,27,14.43850267379679,14,0,SER,1,0,0,0,0,1,0,Express,Purulia Jhargram Express,18004
265.0,300.0,53.0,0,53,20.0,6,0,SER,1,0,0,0,0,0,0,Express,Shalimar-Baripada Express,18007
265.0,310.0,51.29032258064516,0,53,20.0,12,0,SER,1,0,0,0,0,0,0,Express,Baripada-Shalimar Express,18008
2147.0,2355.0,54.70063694267516,3,341,15.882626921285516,7,0,SER,1,0,1,1,1,0,0,Express,VASCO-DA-GAMA - HOWRAH Amaravati Exp,18048
2158.0,2855.0,45.35201401050788,3,263,12.187210379981465,14,0,SER,0,0,1,1,1,0,0,Express,Jammu-Rourkela Express,18102
419.0,450.0,55.86666666666667,2,53,12.649164677804295,5,0,SER,1,0,0,1,0,1,0,Express,Rourkela-Bhubaneswar InterCity,18105
419.0,475.0,52.92631578947368,2,53,12.649164677804295,13,0,SER,1,0,0,1,0,1,0,Express,Bhubaneswar-Rourkela InterCity,18106
645.0,830.0,46.626506024096386,2,67,10.387596899224805,17,0,SER,1,0,0,1,1,0,0,Express,KORAPUT - ROURKELA Exp,18108
163.0,175.0,55.885714285714286,3,383,234.96932515337426,6,0,SER,0,0,1,1,1,0,0,Express,Allapuzha Dhanbad Slip Express,18190
549.0,880.0,37.43181818181818,2,77,14.025500910746812,19,0,SER,1,0,0,1,1,0,0,Express,Utsarg Express,18191
549.0,970.0,33.95876288659794,2,77,14.025500910746812,16,0,SER,1,0,0,1,1,0,0,Express,Utsarg Express,18192
1224.0,1595.0,46.043887147335425,3,156,12.745098039215685,19,0,SECR,1,0,1,1,1,0,0,Express,Durg-Nautanwa (via Varanasi)Express,18201
1152.0,1640.0,42.146341463414636,3,146,12.67361111111111,19,0,SECR,1,0,1,1,1,0,0,Express,Durg -Nautanwa Express,18205
1268.0,1480.0,51.4054054054054,3,137,10.804416403785488,21,0,SECR,1,0,1,1,1,0,0,Express,Jaipur Durg Express,18208
126.0,195.0,38.76923076923077,0,17,13.492063492063492,6,0,SECR,1,0,0,0,0,0,0,Express,Dalli Rajhara Raipur Express,18209
717.0,1310.0,32.839694656488554,2,81,11.297071129707113,20,0,SECR,1,0,0,0,1,0,1,Express,Bilaspur Express Cum Passenger,18236
513.0,705.0,43.659574468085104,3,70,13.645224171539962,17,0,SECR,0,0,1,1,1,0,0,Express,Gerva Road-Nagpur Express,18239
412.0,460.0,53.73913043478261,3,56,13.592233009708737,23,1,SECR,0,0,1,1,1,0,0,Express,Nagpur Bilaspur Express,18240
469.0,655.0,42.961832061068705,3,60,12.793176972281449,20,0,SECR,1,0,1,1,1,0,0,Express,Durg Ambikapur Express,18241
381.0,715.0,31.972027972027973,1,51,13.385826771653543,20,0,SECR,0,0,0,0,1,0,0,Express,Durg Ambikapur Express Slip,18241-Slip
322.0,410.0,47.1219512195122,1,28,8.695652173913043,6,0,ECoR,1,0,0,0,0,1,0,Express,Rayagada Express,18301
70.0,180.0,23.333333333333332,0,9,12.857142857142858,4,1,NCR,1,0,0,0,0,0,0,Passenger,Dhaulpur Sirmuttra Passenger,52179
71.0,145.0,29.379310344827587,0,13,18.30985915492958,9,0,SR,1,0,0,0,0,0,0,Passenger,Vellore Cantt-Arakkonam Passenger,56014
1894.0,1835.0,61.9291553133515,3,286,15.100316789862724,10,0,ER,1,0,1,1,1,0,0,Superfast,Amritsar - Sealdah Superfast Express,12380
2025.0,2175.0,55.86206896551724,3,355,17.530864197530864,16,0,SR,1,0,1,1,1,0,0,Superfast,Howrah-Tiruchirappalli Express,12663
2796.0,3120.0,53.76923076923077,3,51,1.8240343347639485,21,0,NR,1,0,1,1,1,0,0,Express,LUCKNOW CHARBAGH - MUGHAL SARAI Ekatmata Exp,14260
3578.0,4095.0,52.42490842490842,3,627,17.52375628842929,23,1,NFR,1,0,1,1,1,0,0,Express,BENGALURU - NEW TINSUKIA Weekly Exp,15901
3002.0,3285.0,54.8310502283105,3,390,12.991339107261826,15,0,SR,1,0,1,1,1,0,0,Express,KOCHUVELI - BIKANER Express,16312
794.0,930.0,51.225806451612904,1,64,8.060453400503778,7,0,SWR,1,0,0,0,0,1,0,Express,Yesvantpur - Karwar Express,16515
2113.0,2470.0,51.32793522267207,3,302,14.29247515380975,15,0,SCR,1,0,1,1,1,0,0,Express,BIKANER - SECUNDERABAD Express,17038
700.0,880.0,47.72727272727273,3,96,13.714285714285714,20,0,SWR,1,0,1,1,1,0,0,Express,VASCO DA GAMA - YESVANTPUR Exp,17310
1819.0,1915.0,56.992167101827675,3,230,12.644310060472787,23,1,SCR,1,0,1,1,1,0,0,Express,PATNA - PURNA Exp,17609
1951.0,2305.0,50.78524945770065,3,286,14.659149154279856,21,0,SER,1,0,1,1,1,0,0,Express,MUMBAI LTT [Kurla] - KOLKATA SALIMAR Exp,18029
853.0,1310.0,39.06870229007634,2,105,12.309495896834703,7,0,SCR,0,0,1,0,1,0,0,Express,Amaravati Express,18048-Slip
2026.0,2810.0,43.25978647686833,3,265,13.079960513326752,14,0,SER,1,0,1,1,1,0,0,Express,Tatanagar Jammu Tawi Express,18101
2026.0,2630.0,46.22053231939163,3,265,13.079960513326752,14,0,SER,1,0,1,1,1,0,0,Express,Jammu-Tata Muri Express Slip,18102-Slip
1749.0,1995.0,52.6015037593985,3,247,14.122355631789596,21,0,SER,1,0,1,1,1,0,0,Express,Jallianwalabagh Express,18103
636.0,1125.0,33.92,2,96,15.094339622641508,21,0,SER,1,0,0,1,1,0,0,Express,Tata-Chapra Express,18181
600.0,1005.0,35.82089552238806,2,82,13.666666666666666,21,0,SER,0,0,0,1,1,0,0,Express,Tata-Chapra Express Slip,18181-Slip
636.0,1070.0,35.663551401869164,2,96,15.094339622641508,12,0,SER,1,0,0,1,1,0,0,Express,Chhapra-Tata Express,18182
512.0,687.0,44.71615720524018,1,83,16.2109375,7,0,SER,1,0,0,0,0,1,0,Express,Tata-Danapur Express,18183
512.0,670.0,45.85074626865672,1,84,16.40625,6,0,SER,1,0,0,0,0,1,0,Express,Danapur-Tatanagar Express,18184
2358.0,3160.0,44.77215189873418,3,379,16.072943172179816,15,0,SER,0,0,1,1,1,0,0,Express,Tatanagar- Alappuzha (Alleppey) Express,18189
1224.0,1650.0,44.50909090909091,3,156,12.745098039215685,10,0,SECR,1,0,1,1,1,0,0,Express,Nautanwa-Durg Nautanwa Express,18202
885.0,1045.0,50.8133971291866,3,104,11.751412429378531,19,0,SECR,1,0,1,1,1,0,0,Express,Betwa Express,18203
885.0,1130.0,46.99115044247788,3,104,11.751412429378531,18,0,SECR,1,0,1,1,1,0,0,Express,Betwa Express,18204
1152.0,1750.0,39.497142857142855,3,146,12.67361111111111,8,0,SECR,1,0,1,1,1,0,0,Express,Nautanwa-Durg Express,18206
1010.0,1475.0,41.08474576271187,4,125,12.376237623762377,16,0,SECR,1,1,1,1,1,0,0,Express,INDORE - BILASPUR Narmada Exp,18233
1010.0,1485.0,40.80808080808081,4,125,12.376237623762377,9,0,SECR,1,1,1,1,1,0,0,Express,BILASPUR - INDORE Narmada Exp,18234
2008.0,2515.0,47.90457256461233,4,249,12.400398406374503,14,0,SECR,1,1,1,1,1,0,0,Express,Chhattisgarh Express,18237
2022.0,2645.0,45.86767485822306,4,250,12.363996043521267,16,0,SECR,1,1,1,1,1,0,0,Express,Chhattisgarh Express,18238
1557.0,2175.0,42.95172413793104,4,190,12.202954399486192,16,0,SECR,0,1,1,1,1,0,0,Express,Chhattisgarh Express Slip,18238-Slip
469.0,695.0,40.489208633093526,3,60,12.793176972281449,21,0,SECR,1,0,1,1,1,0,0,Express,Ambikapur Durg Express Cum Passenger,18242
695.0,1005.0,41.492537313432834,1,79,11.366906474820144,14,0,Unknown,0,0,0,0,1,0,0,Express,Sambalpur Express Slip,18302-Slip
2779.0,3270.0,50.99082568807339,3,378,13.602015113350125,8,0,ECoR,1,0,1,1,1,0,0,Express,Puri - Okha (Weekly) Express,18401
502.0,560.0,53.785714285714285,3,102,20.318725099601597,22,1,ECoR,1,0,1,1,1,0,0,Express,Sri Jagannath Express,18410
341.0,510.0,40.11764705882353,3,44,12.903225806451612,23,1,ECoR,1,0,1,1,1,0,0,Express,Jharsuguda-Bhubaneswar Rajya Rani Express,18417
341.0,445.0,45.97752808988764,3,45,13.196480938416421,23,1,ECoR,1,0,1,1,1,0,0,Express,Bhubaneswar-Jharsuguda Rajya Rani Express,18418
785.0,1025.0,45.951219512195124,3,96,12.229299363057326,19,0,ECoR,1,0,1,1,1,0,0,Express,Hirakhand Express,18447
935.0,1545.0,36.310679611650485,1,110,11.764705882352942,19,0,Unknown,0,0,0,0,1,0,0,Express,Hirakhand Express Slip,18447-Slip
785.0,1015.0,46.4039408866995,3,96,12.229299363057326,15,0,ECoR,1,0,1,1,1,0,0,Express,Hirakhand Express,18448
937.0,1195.0,47.046025104602506,3,153,16.32870864461046,14,0,ECoR,1,0,1,1,1,0,0,Express,Baidyanathdham Express,18449
928.0,1105.0,50.38914027149321,3,153,16.487068965517242,8,0,ECoR,1,0,1,1,1,0,0,Express,Baidyanathdham Express,18450
691.0,900.0,46.06666666666667,4,106,15.340086830680173,20,0,ECoR,1,1,1,1,1,0,0,Express,PURI - HATIA Tapaswini Exp,18452
1546.0,1820.0,50.96703296703297,3,203,13.130659767141008,5,0,ECoR,1,0,1,1,1,0,0,Express,Prasanti Express,18463
1546.0,1845.0,50.27642276422764,3,203,13.130659767141008,14,0,ECoR,1,0,1,1,1,0,0,Express,Prasanti Express,18464
1892.0,2085.0,54.44604316546763,3,312,16.49048625792812,8,0,ECoR,1,0,1,1,1,0,0,Express,Rameswaram-Bhubaneswar Express,18495
1892.0,2155.0,52.677494199535964,3,316,16.701902748414376,12,0,ECoR,1,0,1,1,1,0,0,Express,Bhubaneswar-Rameswaram Weekly Express,18496
67.0,105.0,38.285714285714285,3,10,14.925373134328357,8,0,SER,0,0,1,1,1,0,0,Express,Jammu Tawi-Rourkela Express,18602
507.0,760.0,40.026315789473685,2,73,14.398422090729783,16,0,SER,1,0,0,1,1,0,0,Express,Bhagalpur Ranchi Express,18604
612.0,895.0,41.02793296089386,3,90,14.705882352941176,20,0,SER,1,0,1,1,1,0,0,Express,Ranchi-Jaynagar Express,18605
362.0,390.0,55.69230769230769,1,75,20.718232044198896,8,0,SWR,1,0,0,0,0,1,0,Superfast,BANGALORE - CHENNAI CENT SF Intercity Exp,12610
162.0,265.0,36.679245283018865,0,27,16.666666666666664,5,0,ECR,1,0,0,0,0,0,0,Express,Dhanbad Ranchi InterCity Express,13303
944.0,1280.0,44.25,3,153,16.20762711864407,21,0,SWR,1,0,1,1,1,0,0,Express,BANGALORE - KANNIYAKUMARI Island Exp,16526
126.0,215.0,35.16279069767442,0,17,13.492063492063492,18,0,SECR,1,0,0,0,0,0,0,Express,Raipur Dalli Rajhara Express,18210
1479.0,1775.0,49.9943661971831,3,200,13.52265043948614,9,0,ECoR,1,0,1,1,1,0,0,Express,Nagavali Express,18309
2779.0,3060.0,54.490196078431374,3,378,13.602015113350125,7,0,ECoR,1,0,1,1,1,0,0,Express,Okha Puri Weekly Express,18402
1992.0,2235.0,53.47651006711409,3,277,13.905622489959837,18,0,ECoR,1,0,1,1,1,0,0,Express,PURI - AHMEDABAD Exp,18405
1992.0,2375.0,50.32421052631579,3,277,13.905622489959837,18,0,ECoR,1,0,1,1,1,0,0,Express,AHMEDABAD - PURI Exp,18406
174.0,285.0,36.63157894736842,1,31,17.816091954022987,18,0,ECoR,1,0,0,0,0,1,0,Express,Paradip Puri InterCity Express,18413
174.0,250.0,41.76,1,31,17.816091954022987,6,0,ECoR,1,0,0,0,0,1,0,Express,Puri Paradip InterCity Express,18414
334.0,447.0,44.83221476510067,1,50,14.970059880239521,14,0,ECoR,1,0,0,0,0,1,0,Express,Banspani-Puri InterCity,18415
334.0,480.0,41.75,1,50,14.970059880239521,6,0,ECoR,1,0,0,0,0,1,0,Express,Puri-Banspani InterCity,18416
942.0,1265.0,44.6798418972332,3,147,15.605095541401274,14,0,ECoR,1,0,1,1,1,0,0,Express,Puri-Darbhanga Weekly Express,18419
942.0,1220.0,46.32786885245902,3,147,15.605095541401274,7,0,ECoR,1,0,1,1,1,0,0,Express,Darbhanga-Puri Weekly Express,18420
786.0,960.0,49.125,3,109,13.867684478371501,17,0,ECoR,1,0,1,1,1,0,0,Express,PURI - DURG Exp,18425
786.0,1010.0,46.693069306930695,3,109,13.867684478371501,16,0,ECoR,1,0,1,1,1,0,0,Express,DURG - PURI Exp,18426
696.0,1000.0,41.76,1,79,11.350574712643677,20,0,Unknown,1,0,0,0,1,0,0,Express,Tapaswini Express Slip,18452-Slip
2433.0,2790.0,52.32258064516129,4,330,13.563501849568436,13,0,ECoR,1,1,1,1,1,0,0,Express,PURI - JODHPUR Express,18473
2379.0,2850.0,50.084210526315786,3,250,10.508617065994116,21,0,ECoR,1,0,1,1,1,0,0,Express,Utkal Express,18477
2378.0,2915.0,48.94682675814751,3,251,10.555088309503784,6,0,ECoR,1,0,1,1,1,0,0,Express,Utkal Express,18478
2574.0,2885.0,53.53206239168111,3,355,13.791763791763792,23,1,ECoR,1,0,1,1,1,0,0,Express,VISAKHAPATNAM - AMRITSAR Hirakud Exp,18507
973.0,1135.0,51.43612334801762,3,149,15.313463514902363,19,0,ECoR,1,0,1,1,1,0,0,Express,Visakhapatnam-Nanded Express,18509
973.0,1080.0,54.05555555555556,3,149,15.313463514902363,16,0,ECoR,1,0,1,1,1,0,0,Express,Nanded-Visakhapatnam Express,18510
731.0,920.0,47.67391304347826,3,82,11.21751025991792,16,0,ECoR,1,0,1,1,1,0,0,Express,Korba Visakhapatnam Express,18517
728.0,910.0,48.0,3,82,11.263736263736263,20,0,ECoR,1,0,1,1,1,0,0,Express,Visakhapatnam-Korba Express,18518
2158.0,3025.0,42.80330578512397,3,262,12.140871177015756,11,0,SER,0,0,1,1,1,0,0,Express,Rourkela-JammuTawi Express,18601
514.0,770.0,40.05194805194805,2,73,14.202334630350196,15,0,SER,1,0,0,1,1,0,0,Express,Ranchi-Bhagalpur Tri-Weekly Express,18603
612.0,870.0,42.206896551724135,3,90,14.705882352941176,19,0,SER,1,0,1,1,1,0,0,Express,Jaynagar-Ranchi Express,18606
462.0,475.0,58.357894736842105,1,80,17.316017316017316,15,0,SER,1,0,0,0,0,1,0,Express,Howrah-Ranchi Intercity,18617
547.0,820.0,40.02439024390244,3,89,16.270566727605118,15,0,SER,1,0,1,1,1,0,0,Express,Patliputra Express,18621
421.0,710.0,35.57746478873239,4,56,13.30166270783848,19,0,SER,1,1,1,1,1,0,0,Express,Hatia-Rajendranagar Express,18624
418.0,555.0,45.189189189189186,1,55,13.157894736842106,11,0,SER,1,0,0,0,0,1,0,Express,Patna-Hatia Super Express,18625
415.0,570.0,43.68421052631579,1,55,13.25301204819277,6,0,SER,1,0,0,0,0,1,0,Express,Hatia-Patna Super Express,18626
423.0,480.0,52.875,1,81,19.148936170212764,14,0,SER,1,0,0,0,0,1,0,Express,Howrah-Ranchi InterCity Express,18627
423.0,475.0,53.43157894736842,1,81,19.148936170212764,5,0,SER,1,0,0,0,0,1,0,Express,Ranchi-Howrah InterCity Express,18628
1592.0,1810.0,52.773480662983424,3,259,16.268844221105528,10,0,SER,1,0,1,1,1,0,0,Express,East Coast Express,18646
990.0,1175.0,50.55319148936171,4,159,16.06060606060606,20,0,WR,1,1,1,1,1,0,0,Express,Saurashtra Mail,19005
923.0,1160.0,47.74137931034483,4,154,16.684723726977246,20,0,WR,0,1,1,1,1,0,0,Express,Saurashtra Mail,19005-Slip
990.0,1155.0,51.42857142857143,4,159,16.06060606060606,12,0,WR,1,1,1,1,1,0,0,Express,Saurashtra Mail,19006
812.0,955.0,51.01570680628272,3,134,16.502463054187192,17,0,WR,1,0,1,1,1,0,0,Express,Saurashtra Janata Express,19017
2153.0,2830.0,45.64664310954064,3,306,14.212726428239664,22,1,WR,1,0,1,1,1,0,0,Express,Awadh Express,19039
2153.0,2785.0,46.384201077199286,3,306,14.212726428239664,6,0,WR,1,0,1,1,1,0,0,Express,Awadh Express,19040
1845.0,2145.0,51.60839160839161,3,276,14.959349593495936,15,0,WR,1,0,1,1,1,0,0,Express,MUMBAI BANDRA T - PATNA Exp,19049
1845.0,2050.0,54.00000000000001,3,276,14.959349593495936,23,1,WR,1,0,1,1,1,0,0,Express,PATNA - MUMBAI BANDRA T Exp,19050
1729.0,2030.0,51.103448275862064,3,249,14.401388085598613,19,0,WR,1,0,1,1,1,0,0,Express,VALSAD - MUZAFFARPUR Shramik Exp,19051
1732.0,1955.0,53.15601023017902,3,249,14.376443418013857,20,0,WR,1,0,1,1,1,0,0,Express,MUZAFFARPUR - VALSAD Shramik Exp,19052
2135.0,2820.0,45.42553191489362,2,311,14.566744730679156,5,0,WR,1,0,0,1,1,0,0,Express,SURAT - MUZAFFARPUR Exp,19053
2136.0,2740.0,46.77372262773723,2,310,14.51310861423221,19,0,WR,1,0,0,1,1,0,0,Express,MUZAFFARPUR - SURAT Exp,19054
101.0,175.0,34.62857142857143,0,16,15.841584158415841,18,0,SWR,1,0,0,0,0,0,0,Passenger,KSR BENGALURU CITY - HINDUPUR Passenger,56523
1891.0,1930.0,58.78756476683938,4,270,14.278159703860391,21,0,WR,1,1,1,1,1,0,0,Superfast,Golden Temple Mail,12904
1910.0,2195.0,52.20956719817767,4,292,15.287958115183246,18,0,ER,1,1,1,1,1,0,0,Express,Amritsar Howrah Mail,13006
2012.0,2340.0,51.58974358974359,3,294,14.612326043737573,21,0,SER,1,0,1,1,1,0,0,Express,RANCHI - MUMBAI LTT Exp,18609
2012.0,2375.0,50.82947368421053,3,294,14.612326043737573,15,0,SER,1,0,1,1,1,0,0,Express,MUMBAI LTT - RANCHI Exp,18610
572.0,765.0,44.86274509803921,1,73,12.762237762237763,20,0,SER,1,0,0,0,1,0,0,Express,Ranchi-Varanasi Express,18611
480.0,575.0,50.086956521739125,0,51,10.625,7,0,SER,1,0,0,0,0,0,0,Express,Ranchi Chopan Express,18613
473.0,675.0,42.044444444444444,0,51,10.782241014799153,9,0,SER,1,0,0,0,0,0,0,Express,Chopan Ranchi Express,18614
423.0,555.0,45.729729729729726,4,83,19.62174940898345,22,1,SER,1,1,1,1,1,0,0,Express,HOWRAH - HATIA Kriya Yoga Express,18615
547.0,860.0,38.16279069767442,3,89,16.270566727605118,22,1,SER,1,0,1,1,1,0,0,Express,Patliputra Express,18622
421.0,685.0,36.87591240875913,4,56,13.30166270783848,21,0,SER,1,1,1,1,1,0,0,Express,Patna Rajendra Nagar-Hatia Express,18623
365.0,675.0,32.44444444444444,1,50,13.698630136986301,21,0,Unknown,0,0,0,0,1,0,0,Express,Hatia Express Slip,18623-Slip
1671.0,1990.0,50.381909547738694,2,217,12.98623578695392,20,0,SER,1,0,0,1,1,0,0,Express,Ranchi Garib Nawaz Express,18631
1671.0,1965.0,51.02290076335878,2,217,12.98623578695392,19,0,SER,1,0,0,1,1,0,0,Express,Garib Nawaz Express,18632
491.0,560.0,52.607142857142854,2,99,20.162932790224033,5,0,WR,1,0,0,0,0,1,1,Express,Gujarat Express,19011
491.0,570.0,51.68421052631579,2,99,20.162932790224033,7,0,WR,1,0,0,0,0,1,1,Express,Gujarat Express,19012
812.0,965.0,50.487046632124354,3,134,16.502463054187192,13,0,WR,1,0,1,1,1,0,0,Express,Saurashtra Janata Express,19018
1682.0,2515.0,40.1272365805169,3,237,14.090368608799048,23,1,WR,1,0,1,1,1,0,0,Express,Bandra T - Dehradun Express,19019
1682.0,2505.0,40.287425149700596,3,237,14.090368608799048,10,0,WR,1,0,1,1,1,0,0,Express,Dehradun - Bandra Terminus Express,19020
1772.0,2335.0,45.53319057815846,1,262,14.785553047404065,7,0,WR,1,0,0,0,1,0,0,Express,Mumbai Firozpur Janata Express,19023
1770.0,2380.0,44.6218487394958,1,262,14.80225988700565,4,1,WR,1,0,0,0,1,0,0,Express,Firozpur Mumbai Janata Express,19024
526.0,715.0,44.13986013986014,2,79,15.019011406844108,5,0,WR,0,0,0,1,1,0,0,Express,Surat Bhavnagar Express Slip Slip,19025-Slip
629.0,735.0,51.3469387755102,1,87,13.83147853736089,19,0,WR,1,0,0,0,1,0,0,Express,Bhavnagar Surat (Slip) Express,19026
1844.0,2340.0,47.282051282051285,3,266,14.425162689804772,22,1,WR,1,0,1,1,1,0,0,Express,Awadh Express,19037
1844.0,2365.0,46.782241014799155,3,266,14.425162689804772,13,0,WR,1,0,1,1,1,0,0,Express,Awadh Express,19038
1826.0,2015.0,54.37220843672456,2,296,16.210295728368017,9,0,WR,1,0,0,1,1,0,0,Express,BHAGALPUR - SURAT Tapti Ganga Exp,19048
561.0,624.0,53.94230769230769,2,86,15.32976827094474,13,0,WR,1,0,0,0,0,1,1,Express,Surat-Jamnagar InterCity Express,19059
561.0,610.0,55.180327868852466,2,86,15.32976827094474,4,1,WR,1,0,0,0,0,1,1,Express,Jamnagar-Surat InterCity Express,19060
236.0,270.0,52.44444444444444,0,43,18.220338983050848,16,0,WR,1,0,0,0,0,0,0,Express,Bhilad Vadodara Express,19113
236.0,270.0,52.44444444444444,0,43,18.220338983050848,7,0,WR,1,0,0,0,0,0,0,Express,Vadodara Bhilad Express,19114
839.0,940.0,53.5531914893617,3,144,17.163289630512512,22,1,WR,1,0,1,1,1,0,0,Express,BHUJ - MUMBAI BANDRA Sayaji Nagari Exp,19116
839.0,940.0,53.5531914893617,3,145,17.282479141835516,19,0,WR,1,0,1,1,1,0,0,Express,BHUJ - MUMBAI BANDRA Kutch Exp,19132
301.0,390.0,46.30769230769231,0,36,11.960132890365449,14,0,WR,1,0,0,0,0,0,0,Express,PALANPUR - GANDHIDHAM Exp,19151
301.0,420.0,43.0,0,36,11.960132890365449,5,0,WR,1,0,0,0,0,0,0,Express,GANDHIDHAM - PALANPUR Exp,19152
955.0,1290.0,44.41860465116279,3,160,16.75392670157068,8,0,WR,1,0,0,1,1,0,1,Express,Saurashtra Express,19215
955.0,1330.0,43.08270676691729,3,160,16.75392670157068,21,0,WR,1,0,0,1,1,0,1,Express,Saurashtra Express,19216
1476.0,1935.0,45.76744186046512,3,193,13.075880758807589,11,0,WR,1,0,1,1,1,0,0,Express,AHMEDABAD - JAMMU TAWI Exp,19223
1476.0,1880.0,47.1063829787234,3,206,13.956639566395664,7,0,WR,1,0,1,1,1,0,0,Express,JAMMU TAWI - AHMEDABAD Exp,19224
490.0,695.0,42.302158273381295,3,69,14.081632653061224,18,0,WR,1,0,1,1,1,0,0,Express,Bhatinda Jammu Tawi Express,19225
490.0,725.0,40.55172413793103,3,69,14.081632653061224,21,0,WR,1,0,1,1,1,0,0,Express,Jammu Tawi Bhatinda Express,19226
2569.0,2745.0,56.15300546448088,3,337,13.117944725574153,15,0,WR,1,0,1,1,1,0,0,Express,KOCHUVELI - BHAVNAGAR Exp,19259
2569.0,2745.0,56.15300546448088,3,337,13.117944725574153,5,0,WR,1,0,1,1,1,0,0,Express,BHAVNAGAR - KOCHUVELI Exp,19260
1392.0,1710.0,48.8421052631579,3,200,14.367816091954023,15,0,WR,1,0,1,1,1,0,0,Express,Porbandar-Delhi Sarai Rohilla (Biweekly) Express,19263
1392.0,1715.0,48.6997084548105,3,199,14.295977011494253,8,0,WR,1,0,1,1,1,0,0,Express,Delhi SaraiRohilla-Porbandar Express,19264
2470.0,3065.0,48.352365415986945,3,357,14.45344129554656,15,0,WR,1,0,1,1,1,0,0,Express,Porbandar Muzaffarpur Express,19269
2470.0,3025.0,48.99173553719009,3,355,14.372469635627532,15,0,WR,1,0,1,1,1,0,0,Express,Muzaffarpur-Porbandar Express,19270
1754.0,1875.0,56.128,3,239,13.62599771949829,23,1,WR,1,0,1,1,1,0,0,Express,Shipra Express,19305
571.0,700.0,48.94285714285714,3,84,14.711033274956216,18,0,WR,1,0,1,1,1,0,0,Express,Shanti Express,19309
571.0,675.0,50.75555555555555,3,84,14.711033274956216,22,1,WR,1,0,1,1,1,0,0,Express,Shanti Express,19310
1357.0,1580.0,51.53164556962025,3,174,12.822402358142963,14,0,WR,0,0,1,1,1,0,0,Express,Indore-Patna Express,19313
1580.0,1855.0,51.105121293800536,0,262,16.582278481012658,13,0,NR,1,0,0,0,0,0,0,Express,AMRITSAR - SAHARSA Jan Sadharan Exp,14604
1805.0,2215.0,48.89390519187359,3,253,14.016620498614959,7,0,NFR,1,0,1,1,1,0,0,Express,Amrapali Express,15708
691.0,910.0,45.56043956043956,4,106,15.340086830680173,16,0,ECoR,1,1,1,1,1,0,0,Express,HATIA - PURI Tapaswini Exp,18451
1208.0,1570.0,46.1656050955414,4,185,15.314569536423841,10,0,WR,1,1,1,1,1,0,0,Express,Ahmedabad-Haridwar Mail,19105
1539.0,1995.0,46.285714285714285,4,234,15.204678362573098,8,0,WR,1,1,1,1,1,0,0,Express,Ahmedabad-Udhampur Janmabhoomi Express,19107
1539.0,2050.0,45.04390243902439,4,234,15.204678362573098,20,0,WR,1,1,1,1,1,0,0,Express,Udhampur-Ahmedabad Janmabhoomi Express,19108
298.0,370.0,48.32432432432432,2,56,18.79194630872483,4,1,WR,1,0,0,0,0,1,1,Express,Gujarat Queen Express,19109
298.0,380.0,47.05263157894737,2,56,18.79194630872483,18,0,WR,1,0,0,0,0,1,1,Express,Gujarat Queen Express,19110
430.0,540.0,47.77777777777778,0,56,13.023255813953488,10,0,WR,1,0,0,0,0,0,0,Express,Ahmedabad Somnath Intercity Express,19119
435.0,580.0,45.0,0,57,13.10344827586207,6,0,WR,1,0,0,0,0,0,0,Express,Somnath Ahmedabad Intercity Express,19120
100.0,135.0,44.44444444444444,0,20,20.0,18,0,WR,1,0,0,0,0,0,0,Express,Baroda Ahmedabad Express,19129
100.0,155.0,38.70967741935484,0,20,20.0,14,0,WR,1,0,0,0,0,0,0,Express,Ahmedabad Baroda Express,19130
481.0,550.0,52.472727272727276,3,91,18.91891891891892,19,0,WR,1,0,1,1,1,0,0,Express,Lokshakti Express,19143
481.0,540.0,53.44444444444444,3,91,18.91891891891892,21,0,WR,1,0,1,1,1,0,0,Express,Lokshakti Express,19144
1944.0,2785.0,41.881508078994614,2,240,12.345679012345679,20,0,WR,1,0,1,0,1,0,0,Express,Sabarmati Express,19165
1944.0,2845.0,40.99824253075571,2,245,12.602880658436213,4,1,WR,1,0,1,0,1,0,0,Express,Sabarmati Express,19166
1598.0,2220.0,43.189189189189186,2,194,12.14017521902378,20,0,WR,1,0,1,0,1,0,0,Express,Sabarmati Express,19167
1598.0,2285.0,41.96061269146608,2,194,12.14017521902378,13,0,WR,1,0,1,0,1,0,0,Express,Sabarmati Express,19168
432.0,500.0,51.839999999999996,3,56,12.962962962962962,22,1,WR,1,0,1,1,1,0,0,Express,Ahmedabad-Veraval Somnath Express,19221
432.0,500.0,51.839999999999996,3,56,12.962962962962962,19,0,WR,1,0,1,1,1,0,0,Express,Veraval-Ahmedabad Somnath Express,19222
972.0,1090.0,53.5045871559633,3,148,15.22633744855967,15,0,WR,1,0,1,1,1,0,0,Express,Pune Indore Express,19311
972.0,1090.0,53.5045871559633,3,148,15.22633744855967,14,0,WR,1,0,1,1,1,0,0,Express,Indore Pune Express,19312
1359.0,1690.0,48.24852071005917,3,175,12.877115526122148,11,0,WR,0,0,1,1,1,0,0,Express,Patna Indore Express,19314
1400.0,1690.0,49.704142011834314,3,184,13.142857142857142,11,0,WR,1,0,1,1,1,0,0,Express,Patna-Indore Express,19322
224.0,240.0,56.0,1,28,12.499999999999998,6,0,WR,1,0,0,0,0,1,0,Express,Indore Habibganj InterCity Express,19323
1680.0,2120.0,47.54716981132075,2,233,13.869047619047619,7,0,WR,1,0,1,0,1,0,0,Express,Uttaranchal Express,19565
1680.0,2075.0,48.57831325301205,2,233,13.869047619047619,6,0,WR,1,0,1,0,1,0,0,Express,Uttranchal Express,19566
202.0,280.0,43.285714285714285,1,22,10.891089108910892,7,0,WR,1,0,0,0,0,1,0,Express,Rajkot-Porbandar Express,19571
202.0,250.0,48.48,1,22,10.891089108910892,14,0,WR,1,0,0,0,0,1,0,Express,Porbandar-Rajkot Express,19572
1936.0,2165.0,53.65357967667436,3,283,14.617768595041323,6,0,NWR,1,0,1,1,1,0,0,Express,Ajmer New Jalpaiguri Weekly Express,19601
1936.0,2235.0,51.97315436241611,3,283,14.617768595041323,8,0,NWR,1,0,1,1,1,0,0,Express,New Jalpaiguri Ajmer Weekly Express,19602
1068.0,1230.0,52.09756097560975,3,156,14.606741573033709,16,0,NWR,1,0,1,1,1,0,0,Express,Ajmer-Sultanpur Weekly Express,19603
1068.0,1230.0,52.09756097560975,3,156,14.606741573033709,17,0,NWR,1,0,1,1,1,0,0,Express,Sultanpur Ajmer Express,19604
479.0,655.0,43.87786259541985,3,51,10.647181628392484,8,0,NWR,1,0,1,1,1,0,0,Express,Indore Jn - Udaipur Express,19657
479.0,720.0,39.916666666666664,3,51,10.647181628392484,20,0,NWR,1,0,1,1,1,0,0,Express,Udaipur Indore Express,19658
1106.0,1305.0,50.85057471264368,3,186,16.817359855334537,21,0,NWR,1,0,1,1,1,0,0,Express,Aravalli Express,19707
1106.0,1305.0,50.85057471264368,3,186,16.817359855334537,9,0,NWR,1,0,1,1,1,0,0,Express,Aravalli Express,19708
2212.0,2885.0,46.00346620450606,3,342,15.461121157323689,23,1,NWR,1,0,1,1,1,0,0,Express,JAIPUR - KAMAKHYA Kavi Guru Exp,19709
2212.0,2800.0,47.400000000000006,3,342,15.461121157323689,19,0,NWR,1,0,1,1,1,0,0,Express,KAMAKHYA - JAIPUR Kavi Guru Exp,19710
790.0,1070.0,44.29906542056075,3,95,12.025316455696203,17,0,NWR,1,0,1,1,1,0,0,Express,Jaipur-Bhopal Express,19711
790.0,995.0,47.638190954773876,3,95,12.025316455696203,16,0,NWR,1,0,1,1,1,0,0,Express,Bhopal Jaipur Express,19712
229.0,370.0,37.13513513513514,0,28,12.22707423580786,13,0,NWR,1,0,0,0,0,0,0,Express,Intercity Express,19735
872.0,1115.0,46.9237668161435,2,108,12.38532110091743,20,0,NWR,1,0,0,1,1,0,0,Express,Jaipur - Amritsar Express,19771
713.0,860.0,49.74418604651163,2,96,13.464235624123422,20,0,NWR,1,0,0,1,1,0,0,Express,Jaipur-Amritsar Express,19781
433.0,470.0,55.276595744680854,0,37,8.545034642032332,6,0,WCR,1,0,0,0,0,0,0,Express,Kota-Indore Intercity Express,19801
433.0,515.0,50.446601941747566,1,37,8.545034642032332,14,0,WCR,1,0,0,0,0,1,0,Express,Indore-Kota InterCity Express,19802
298.0,540.0,33.111111111111114,2,40,13.422818791946309,19,0,WR,1,0,1,0,1,0,0,Express,UDAIPUR - AHMEDABAD Exp,19943
298.0,545.0,32.80733944954128,2,35,11.74496644295302,23,1,WR,1,0,1,0,1,0,0,Express,AHMEDABAD - UDAIPUR Exp,19944
604.0,625.0,57.984,0,69,11.42384105960265,7,0,CR,1,0,0,0,0,0,0,Superfast,Nagpur-Bhusaval SF Express,22112
1409.0,1515.0,55.801980198019805,2,106,7.5230660042583395,17,0,WR,1,0,0,1,1,0,0,Superfast,MAHUVA - SURAT SF Exp,12946
1745.0,1975.0,53.01265822784811,3,247,14.154727793696276,12,0,SER,1,0,1,1,1,0,0,Express,Jallianwalabagh Express,18104
322.0,390.0,49.53846153846154,1,28,8.695652173913043,14,0,ECoR,1,0,0,0,0,1,0,Express,Sambalpur Express,18302
341.0,395.0,51.79746835443038,2,51,14.956011730205278,6,0,ECoR,1,0,0,1,0,1,0,Express,SAMBALPUR - PURI Intercity Exp,18303
224.0,250.0,53.76,1,28,12.499999999999998,17,0,WR,1,0,0,0,0,1,0,Express,Habibganj Indore InterCity Express,19324
1344.0,1635.0,49.321100917431195,3,141,10.491071428571429,17,0,WR,1,0,1,1,1,0,0,Express,Indore Amritsar (Weekly) Express,19325
1337.0,1480.0,54.2027027027027,3,141,10.545998504113689,4,1,WR,1,0,1,1,1,0,0,Express,Amritsar Indore Express,19326
189.0,250.0,45.36,1,19,10.052910052910054,17,0,WR,1,0,0,0,1,0,0,Express,Ratlam Chittaurgarh Express,19327
189.0,235.0,48.255319148936174,1,19,10.052910052910054,4,1,WR,1,0,0,0,1,0,0,Express,Chittaurgarh Ratlam Express,19328
2535.0,2810.0,54.12811387900356,3,400,15.779092702169624,2,1,WR,1,0,1,1,1,0,0,Express,TUTICORIN - OKHA Exp,19567
2548.0,3085.0,49.55591572123177,3,396,15.54160125588697,0,1,WR,1,0,1,1,1,0,0,Express,OKHA - TUTICORIN Exp,19568
2041.0,2355.0,52.0,3,263,12.885840274375306,13,0,WR,1,0,1,1,1,0,0,Express,Okha Varanasi Express,19569
2041.0,2380.0,51.45378151260505,3,263,12.885840274375306,22,1,WR,1,0,1,1,1,0,0,Express,Varanasi Okha Weekly Express,19570
375.0,450.0,50.0,2,41,10.933333333333334,6,0,NWR,1,0,0,1,1,0,0,Express,Ratlam-Ajmer Express,19653
375.0,450.0,50.0,2,41,10.933333333333334,13,0,NWR,1,0,0,1,1,0,0,Express,Ajmer-Ratlam Express,19654
229.0,415.0,33.10843373493976,0,28,12.22707423580786,6,0,NWR,1,0,0,0,0,0,0,Express,Loharu-Jaipur Intercity Express,19736
872.0,1020.0,51.294117647058826,2,108,12.38532110091743,14,0,NWR,1,0,0,1,1,0,0,Express,Amritsar - Jaipur Express,19772
713.0,820.0,52.170731707317074,2,96,13.464235624123422,17,0,NWR,1,0,0,1,1,0,0,Express,Amritsar-Jaipur Express,19782
69.0,125.0,33.12,0,20,28.985507246376812,8,0,WR,1,0,0,0,0,0,0,Express,Mahesana Ahmedabad InterCity Express,19911
69.0,125.0,33.12,0,20,28.985507246376812,18,0,WR,1,0,0,0,0,0,0,Express,Mahesana Ahmedabad InterCity,19915
1132.0,1555.0,43.67845659163987,1,129,11.395759717314487,18,0,CR,0,0,0,0,1,0,0,Express,Solapur-Gondia Slip Exp.,21028
453.0,690.0,39.391304347826086,2,46,10.154525386313464,23,1,CR,1,0,0,1,1,0,0,Express,Khajuraho-Varanasi Bundelkhand Link Express,21107
453.0,655.0,41.49618320610687,2,46,10.154525386313464,18,0,CR,1,0,0,1,1,0,0,Express,Bundelkhand Link Express,21108
644.0,860.0,44.93023255813954,3,52,8.074534161490682,20,0,WR,1,0,1,1,1,0,0,Express,Indore Bhind Express,21125
644.0,880.0,43.909090909090914,3,52,8.074534161490682,17,0,WR,1,0,1,1,1,0,0,Express,Bhind Indore Express,21126
1537.0,1625.0,56.75076923076924,3,200,13.012361743656474,16,0,CR,1,0,1,1,1,0,0,Superfast,PUNE - MANDUADIH Gyan Ganga Exp,22131
1537.0,1650.0,55.89090909090909,3,201,13.077423552374757,4,1,CR,1,0,1,1,1,0,0,Superfast,MANDUADIH - PUNE Gyan Ganga Exp,22132
291.0,305.0,57.24590163934427,1,34,11.683848797250858,5,0,WCR,1,0,0,0,0,1,0,Express,Damoh Bhopal Rajya Rani Express,22162
874.0,780.0,67.23076923076923,1,120,13.729977116704806,19,0,NR,1,0,0,1,0,0,0,Express,Anand ViharT Delhi-Sasaram GaribRath Express,22410
1879.0,1640.0,68.7439024390244,3,265,14.10324640766365,14,0,NR,1,1,1,1,0,0,0,Premium,New Delhi-Guwahati Rajdhani Express,22424
173.0,230.0,45.130434782608695,3,16,9.248554913294798,6,0,NR,0,0,1,1,1,0,0,Superfast,Rajasthan Sampark Kranti Express,22463
458.0,490.0,56.08163265306123,3,49,10.698689956331878,9,0,NWR,1,0,1,1,1,0,0,Superfast,Bikaner - Delhi Sarai Rohilla SF Intercity Express,22471
458.0,490.0,56.08163265306123,3,49,10.698689956331878,7,0,NWR,1,0,1,1,1,0,0,Superfast,Delhi Sarai Rohilla - Bikaner SF Intercity Express,22472
1392.0,1520.0,54.94736842105264,3,195,14.008620689655173,10,0,SR,1,0,1,1,1,0,0,Superfast,CHENNAI CENT - SAINAGAR SHIRDI SF Exp,22601
625.0,665.0,56.39097744360902,3,94,15.04,17,0,SR,1,0,1,1,1,0,0,Superfast,BANGALORE - ERNAKULAM Weekly SF Exp,22608
500.0,545.0,55.04587155963302,3,99,19.8,20,0,SWR,1,0,1,1,1,0,0,Superfast,MYSORE - CHENNAI Weekly SF Exp,22681
500.0,545.0,55.04587155963302,3,99,19.8,23,1,SWR,1,0,1,1,1,0,0,Superfast,CHENNAI - MYSORE Weekly SF Exp,22682
1724.0,1385.0,74.68592057761734,3,245,14.211136890951277,11,0,ECoR,1,1,1,1,0,0,0,Premium,Bhubaneshwar-New Delhi Rajdhani Express,22811
1724.0,1360.0,76.05882352941175,3,245,14.211136890951277,17,0,ECoR,1,1,1,1,0,0,0,Premium,New Delhi-Bhubaneswar Rajdhani Express,22812
500.0,535.0,56.07476635514019,3,100,20.0,21,0,SER,1,0,1,1,1,0,0,Superfast,Shalimar-Puri Express,22835
500.0,545.0,55.04587155963302,3,100,20.0,22,1,SER,1,0,1,1,1,0,0,Superfast,Puri-Shalimar weekly superfast express,22836
1774.0,1825.0,58.323287671232876,3,236,13.3032694475761,10,0,SER,1,0,1,1,1,0,0,Express,PUNE - HATIA SF Exp,22845
1774.0,1845.0,57.6910569105691,3,236,13.3032694475761,20,0,SER,1,0,1,1,1,0,0,Superfast,HATIA - PUNE SF Exp,22846
1597.0,1555.0,61.62057877813505,3,259,16.217908578584847,16,0,SER,1,0,1,1,1,0,0,Superfast,Santragachi-Tirupati Superfast Express,22855
1597.0,1575.0,60.838095238095235,3,259,16.217908578584847,19,0,SER,1,0,1,1,1,0,0,Superfast,TirupatiSantragachi Superfast Express,22856
2586.0,2790.0,55.61290322580645,2,398,15.390564578499614,5,0,WR,0,0,0,1,1,0,0,Superfast,Okha Howrah Triweekly SF Express,22905
50.0,80.0,37.5,0,7,14.0,19,0,SER,1,0,0,0,0,0,0,Passenger,Sambalpur Jharsuguda Passenger,58126
1479.0,1680.0,52.82142857142857,3,200,13.52265043948614,16,0,ECoR,1,0,1,1,1,0,0,Express,Nagavali Express,18310
2384.0,2575.0,55.5495145631068,3,322,13.506711409395972,9,0,NR,1,0,1,1,1,0,0,Superfast,Puducherry-New Delhi SF Express,22403
1207.0,1135.0,63.80616740088105,2,176,14.581607290803644,13,0,NR,1,0,0,1,0,1,0,Express,Bhagalpur - Delhi AnandVihar T. Garib Rath Express,22405
781.0,870.0,53.86206896551724,1,115,14.7247119078105,19,0,NR,1,0,0,1,0,0,0,Express,Varanasi-Delhi Anand Vihar Terminus Garib Rath,22407
781.0,835.0,56.11976047904192,1,115,14.7247119078105,18,0,NR,1,0,0,1,0,0,0,Express,Delhi Anand Vihar Terminus-Varanasi Garib Rath,22408
874.0,875.0,59.93142857142857,1,120,13.729977116704806,21,0,NR,1,0,0,1,0,0,0,Express,Sasaram-Anand ViharT Delhi GariRath Express,22409
1880.0,1625.0,69.41538461538462,3,265,14.095744680851062,7,0,NR,1,1,1,1,0,0,0,Premium,Guwahati-New Delhi Rajdhani Express,22423
604.0,670.0,54.08955223880597,2,63,10.43046357615894,18,0,NR,0,0,0,1,1,0,0,Superfast,Khajuraho Nizamuddin Express,22447
622.0,635.0,58.77165354330708,3,64,10.289389067524116,19,0,NR,1,0,1,1,1,0,0,Superfast,Jodhpur-Delhi Sarai Rohilla Express,22481
622.0,645.0,57.86046511627907,3,64,10.289389067524116,22,1,NR,1,0,1,1,1,0,0,Superfast,Delhi Sarai Rohilla-Jodhpur Express,22482
352.0,375.0,56.32,1,66,18.75,12,0,SR,1,0,0,0,0,1,0,Superfast,Mangalore - Palghat Intercity Express,22609
352.0,375.0,56.32,1,66,18.75,7,0,SR,1,0,0,0,0,1,0,Express,Palghat Mangalore Intercity,22610
2509.0,2550.0,59.03529411764706,2,314,12.51494619370267,7,0,SR,0,0,0,1,1,0,0,Superfast,Chandigarh Chennai Express,22688
2155.0,2245.0,57.59465478841871,3,286,13.271461716937354,8,0,SECR,1,0,1,1,1,0,0,Superfast,Bilaspur-Ernakulam Express,22815
2156.0,2225.0,58.13932584269663,3,286,13.26530612244898,8,0,SECR,1,0,1,1,1,0,0,Superfast,Ernakulam-Bilaspur Express,22816
880.0,845.0,62.485207100591715,3,149,16.93181818181818,18,0,SER,1,0,1,1,1,0,0,Superfast,Kolkata Shalimar-Visakhapatnam Superfast express,22853
880.0,825.0,64.0,3,149,16.93181818181818,13,0,SER,1,0,1,1,1,0,0,Superfast,Visakhapatnam-Shalimar Express,22854
229.0,255.0,53.88235294117647,0,46,20.087336244541483,6,0,SER,1,0,0,0,0,0,0,Superfast,Rajya Rani Express,22861
229.0,255.0,53.88235294117647,0,46,20.087336244541483,13,0,SER,1,0,0,0,0,0,0,Superfast,Rajya Rani Express,22862
1676.0,1735.0,57.95965417867435,2,236,14.081145584725535,10,0,WR,0,0,0,1,1,0,0,Superfast,Paschim Express,22926
1017.0,1080.0,56.5,2,145,14.257620452310718,20,0,NWR,0,0,0,1,1,0,0,Superfast,Ajmer Bandra SF Express,22996
335.0,520.0,38.65384615384615,2,61,18.208955223880597,22,1,ER,0,0,0,1,1,0,0,Express,Giridih Kolkata Express,23112
628.0,920.0,40.95652173913043,1,129,20.54140127388535,13,0,ER,0,0,0,0,1,0,0,Express,Teesta Torsa Express,23142
454.0,735.0,37.06122448979592,2,84,18.502202643171806,17,0,ER,0,0,0,1,1,0,0,Express,Gour Express,23154
411.0,605.0,40.760330578512395,1,63,15.32846715328467,20,0,NR,1,0,0,0,1,0,0,Express,Jammu Mail,24033
411.0,635.0,38.83464566929133,1,63,15.32846715328467,19,0,NR,1,0,0,0,1,0,0,Express,Jammu Mail,24034
243.0,635.0,22.96062992125984,2,42,17.28395061728395,22,1,NR,1,0,0,1,1,0,0,Express,KOTDWAR - NAJIBABAD Mussoorie Exp,24042
1169.0,1495.0,46.91638795986622,2,132,11.291702309666382,19,0,NWR,1,0,0,1,1,0,0,Express,Haridwar-Barmer Link Express,24887
1169.0,1605.0,43.700934579439256,2,132,11.291702309666382,6,0,NWR,1,0,0,1,1,0,0,Express,Barmer-Haridwar Link Express,24888
239.0,360.0,39.833333333333336,2,175,73.22175732217573,21,0,NER,0,0,0,1,1,0,0,Express,Corbett Park Link Express,25014
239.0,330.0,43.45454545454545,1,42,17.573221757322173,9,0,NER,0,0,0,1,0,0,0,Express,Ramnagar Delhi Link Express,25036
59.0,75.0,47.2,0,7,11.864406779661017,4,1,NER,1,0,0,0,0,0,0,Express,Narkatiaganj Sugauli InterCity Link Express,25202
877.0,1350.0,38.977777777777774,2,113,12.884834663625998,5,0,NFR,0,0,0,1,1,0,0,Express,Jivachh Link Express,25610
1372.0,1850.0,44.4972972972973,1,212,15.451895043731778,6,0,NFR,0,0,0,0,1,0,0,Express,Radhikapur Delhi Link Express,25715
381.0,785.0,29.121019108280255,1,51,13.385826771653543,20,0,SECR,0,0,0,0,1,0,0,Express,Chirmiri Durg Express Cum Pass,28242
365.0,880.0,24.886363636363637,1,50,13.698630136986301,16,0,SER,0,0,0,0,1,0,0,Express,Barkakana Rajendranagar Slip Express,28624
755.0,1065.0,42.53521126760563,3,86,11.390728476821192,13,0,WR,1,1,1,0,1,0,0,Express,Nimach Kota Link Exp,29019
755.0,1075.0,42.13953488372093,3,85,11.258278145695364,19,0,WR,1,1,1,0,1,0,0,Express,Dehradun Express Slip,29020
102.0,154.0,39.74025974025974,0,35,34.31372549019608,8,0,Unknown,0,0,0,0,0,0,0,Passenger,BBD Bag-Krishnanagar Local,30145
48.0,76.0,37.89473684210527,0,19,39.583333333333336,8,0,Unknown,1,0,0,0,0,0,0,Passenger,Sealdah-Kalyani Local,31393
93.0,145.0,38.48275862068966,0,30,32.25806451612903,4,1,ER,1,0,0,0,0,0,0,Passenger,Sealdah-Shantipur Local,31511
108.0,170.0,38.11764705882353,1,31,28.703703703703702,20,0,Unknown,0,0,0,0,0,0,1,Passenger,Sealdah-Shantipur-Krishnanagar City Local,31581
99.0,145.0,40.96551724137931,0,31,31.313131313131315,17,0,ER,0,0,0,0,0,0,0,Express,Sealdah KNJ Ladies Special,31801
116.0,163.0,42.69938650306748,1,37,31.896551724137932,17,0,Unknown,1,0,0,0,0,0,1,Passenger,SDAH GEDE LOCAL,31921
116.0,164.0,42.4390243902439,1,37,31.896551724137932,18,0,Unknown,1,0,0,0,0,0,1,Passenger,SDAH GEDE LOCAL,31923
116.0,157.0,44.3312101910828,1,37,31.896551724137932,19,0,Unknown,1,0,0,0,0,0,1,Passenger,SDAH GEDE LOCAL,31925
116.0,161.0,43.22981366459628,1,37,31.896551724137932,21,0,ER,1,0,0,0,0,0,1,Passenger,Sealdah Gede EMU,31927
116.0,163.0,42.69938650306748,1,37,31.896551724137932,20,0,Unknown,1,0,0,0,0,0,1,Passenger,Sealdah-Gede Local,31929
975.0,1315.0,44.48669201520912,3,181,18.564102564102566,6,0,NFR,1,0,1,1,1,0,0,Express,KOLKATA SEALDAH - GUWAHATI KanchanJungha Exp,15657
1461.0,1975.0,44.38481012658228,1,225,15.400410677618071,22,1,ER,0,0,0,0,1,0,0,Express,Doon Express,23010
298.0,505.0,35.40594059405941,1,47,15.771812080536913,22,1,ER,0,0,0,0,1,0,0,Express,Danapur Express,23111
229.0,470.0,29.23404255319149,1,43,18.777292576419214,12,0,ECR,1,0,0,0,0,1,0,Express,InterCity Link Express,23225
229.0,420.0,32.714285714285715,1,43,18.777292576419214,6,0,ECR,1,0,0,0,0,1,0,Express,InterCity Link Express,23226
481.0,750.0,38.48,2,58,12.058212058212058,16,0,ECR,0,0,0,1,1,0,0,Express,Palamu Express,23347
201.0,330.0,36.54545454545455,2,20,9.950248756218906,5,0,ECR,0,0,0,1,1,0,0,Express,Palamau Express (Slip),23348
355.0,400.0,53.25,1,49,13.802816901408452,4,1,NR,1,0,0,0,0,1,0,Express,Varuna Express,24227
355.0,440.0,48.409090909090914,1,49,13.802816901408452,16,0,NR,1,0,0,0,0,1,0,Express,Varuna Express,24228
742.0,1115.0,39.92825112107624,2,94,12.668463611859838,17,0,NR,1,0,1,0,1,0,0,Express,Triveni Express,24369
741.0,1190.0,37.36134453781513,2,94,12.685560053981106,12,0,NR,1,0,1,0,1,0,0,Express,Triveni Express,24370
862.0,1365.0,37.89010989010989,1,101,11.7169373549884,12,0,Unknown,0,0,0,0,1,0,0,Express,Triveni Express Slip,24370-Slip
92.0,145.0,38.06896551724138,2,21,22.82608695652174,1,1,NFR,0,0,0,1,1,0,0,Express,Garib Nawaz Express,25716
180.0,305.0,35.40983606557377,1,20,11.11111111111111,9,0,SER,0,0,0,0,1,0,0,Express,Barauni-Katihar Slip Express,28181
600.0,940.0,38.297872340425535,1,82,13.666666666666666,15,0,SER,0,0,0,0,1,0,0,Express,Katihar-Tatanagar Link Express,28182
552.0,597.0,55.47738693467337,2,85,15.398550724637682,13,0,WR,1,0,0,0,0,1,1,Express,Hapa InterCity Express,29059
552.0,600.0,55.2,2,85,15.398550724637682,4,1,WR,1,0,0,0,0,1,1,Express,Surat InterCity Express,29060
116.0,157.0,44.3312101910828,1,37,31.896551724137932,15,0,Unknown,1,0,0,0,0,0,1,Passenger,GEDE SDAH LOCAL,31922
116.0,161.0,43.22981366459628,1,37,31.896551724137932,19,0,Unknown,1,0,0,0,0,0,1,Passenger,GEDE SDAH LOCAL,31924
116.0,157.0,44.3312101910828,1,37,31.896551724137932,21,0,Unknown,1,0,0,0,0,0,1,Passenger,GEDE SDAH LOCAL,31926
116.0,155.0,44.90322580645161,1,37,31.896551724137932,5,0,Unknown,1,0,0,0,0,0,1,Passenger,GEDE SDAH LOCAL,31930
22.0,42.0,31.42857142857143,1,10,45.45454545454545,13,0,Unknown,1,0,0,0,0,0,1,Passenger,Sealdah-Dankuni Local,32249
22.0,46.0,28.695652173913043,1,12,54.54545454545455,9,0,Unknown,0,0,0,0,0,0,1,Passenger,Sealdah-Hasnabad Local,33533
25.0,53.0,28.30188679245283,0,12,48.0,11,0,Unknown,0,0,0,0,0,0,0,Passenger,Sealdah-Budge Budge Local,34166
16.0,31.0,30.96774193548387,0,9,56.25,18,0,Unknown,0,0,0,0,0,0,0,Passenger,Sonarpur Sealdah Local,34431
16.0,27.0,35.55555555555556,0,9,56.25,17,0,Unknown,0,0,0,0,0,0,0,Passenger,Sealdah-Sonarpur Local,34434
45.0,70.0,38.57142857142857,0,18,40.0,18,0,ER,0,0,0,0,0,0,0,Express,Sealdah Canning ladies special EMU,34502
45.0,85.0,31.76470588235294,0,18,40.0,14,0,Unknown,0,0,0,0,0,0,0,Passenger,Sealdah-Canning Local,34554
45.0,82.0,32.926829268292686,0,18,40.0,15,0,Unknown,0,0,0,0,0,0,0,Passenger,Canning Sealdah Local,34557
108.0,168.0,38.57142857142858,0,33,30.555555555555554,4,1,Unknown,1,0,0,0,0,0,0,Passenger,Namkhana Sealdah Local,34793
108.0,165.0,39.27272727272727,0,33,30.555555555555554,21,0,Unknown,1,0,0,0,0,0,0,Passenger,Sealdah-Namkhana Local,34794
59.0,93.0,38.064516129032256,0,25,42.37288135593221,9,0,Unknown,1,0,0,0,0,0,0,Passenger,Diamond Harbour Sealdah Local,34857
59.0,122.0,29.016393442622952,0,25,42.37288135593221,7,0,Unknown,1,0,0,0,0,0,0,Passenger,Sealdah-Diamond Harbour Local,34858
33.0,60.0,33.0,0,13,39.39393939393939,20,0,Unknown,1,0,0,0,0,0,0,Passenger,Howrah-Singur Local,37397
82.0,110.0,44.72727272727273,0,28,34.146341463414636,8,0,Unknown,1,0,0,0,0,0,0,Passenger,Howrah-Memari Local,37657
82.0,125.0,39.36,0,28,34.146341463414636,11,0,Unknown,1,0,0,0,0,0,0,Passenger,Memari Howrah Local,37658
107.0,125.0,51.36,0,34,31.775700934579437,17,0,ER,0,0,0,0,0,0,0,Passenger,Howrah-Barddhaman Non-Stop Local,37857
71.0,110.0,38.72727272727273,0,25,35.21126760563381,5,0,SER,0,0,0,0,0,0,0,Passenger,Howrah Panskura EMU,38401
71.0,110.0,38.72727272727273,0,25,35.21126760563381,5,0,SER,1,0,0,0,0,0,0,Passenger,Howrah Panskura EMU,38403
71.0,108.0,39.44444444444444,0,25,35.21126760563381,6,0,SER,1,0,0,0,0,0,0,Passenger,Howrah Panskura EMU,38405
71.0,110.0,38.72727272727273,1,25,35.21126760563381,7,0,SER,1,0,0,0,0,0,1,Passenger,Howrah Panskura EMU,38411
71.0,110.0,38.72727272727273,0,25,35.21126760563381,8,0,Unknown,0,0,0,0,0,0,0,Passenger,Howrah Panskura EMU,38413
71.0,110.0,38.72727272727273,1,25,35.21126760563381,9,0,SER,1,0,0,0,0,0,1,Passenger,Howrah Panskura EMU,38417
71.0,110.0,38.72727272727273,1,25,35.21126760563381,9,0,Unknown,1,0,0,0,0,0,1,Passenger,Howrah Panskura EMU,38419
71.0,105.0,40.57142857142857,1,25,35.21126760563381,10,0,Unknown,1,0,0,0,0,0,1,Passenger,Howrah Panskura EMU,38423
71.0,110.0,38.72727272727273,1,25,35.21126760563381,11,0,Unknown,1,0,0,0,0,0,1,Passenger,Howrah Panskura EMU,38429
71.0,110.0,38.72727272727273,1,25,35.21126760563381,13,0,Unknown,1,0,0,0,0,0,1,Passenger,Howrah Panskura EMU,38433
64.0,89.0,43.146067415730336,1,23,35.9375,16,0,SER,1,0,0,0,0,0,1,Passenger,Howrah Panskura EMU,38443
50.0,85.0,35.29411764705882,0,7,14.0,4,1,SER,1,0,0,0,0,0,0,Passenger,Jharsuguda Sambalpur Passenger,58124
341.0,390.0,52.46153846153846,1,51,14.956011730205278,15,0,ECoR,1,0,0,0,0,1,0,Express,PURI - SAMBALPUR Intercity Exp,18304
896.0,1225.0,43.885714285714286,3,134,14.95535714285714,14,0,ECoR,1,0,1,1,1,0,0,Express,VARANASI - SAMBALPUR Exp,18312
57.0,105.0,32.57142857142857,0,21,36.8421052631579,12,0,Unknown,1,0,0,0,0,0,0,Passenger,Tarakeswar Howrah Local,37356
33.0,55.0,36.0,0,13,39.39393939393939,21,0,Unknown,1,0,0,0,0,0,0,Passenger,Singur Howrah Local,37398
71.0,105.0,40.57142857142857,1,25,35.21126760563381,4,1,Unknown,1,0,0,0,0,0,1,Passenger,Panskura Howrah EMU,38416
71.0,110.0,38.72727272727273,1,25,35.21126760563381,5,0,Unknown,1,0,0,0,0,0,1,Passenger,Panskura Howrah EMU,38418
71.0,110.0,38.72727272727273,1,25,35.21126760563381,5,0,Unknown,1,0,0,0,0,0,1,Passenger,Panskura Howrah EMU,38420
71.0,115.0,37.04347826086956,1,25,35.21126760563381,6,0,Unknown,1,0,0,0,0,0,1,Passenger,Panskura Howrah EMU,38424
71.0,108.0,39.44444444444444,1,25,35.21126760563381,7,0,Unknown,1,0,0,0,0,0,1,Passenger,Panskura Howrah EMU,38428
71.0,115.0,37.04347826086956,1,25,35.21126760563381,8,0,Unknown,1,0,0,0,0,0,1,Passenger,Panskura Howrah EMU,38434
71.0,110.0,38.72727272727273,1,25,35.21126760563381,13,0,Unknown,1,0,0,0,0,0,1,Passenger,Howrah Panskura EMU,38435
71.0,105.0,40.57142857142857,1,25,35.21126760563381,15,0,Unknown,0,0,0,0,0,0,1,Passenger,Howrah Panskura EMU,38439
71.0,112.0,38.035714285714285,1,25,35.21126760563381,15,0,Unknown,1,0,0,0,0,0,1,Passenger,Howrah Panskura EMU,38441
71.0,110.0,38.72727272727273,1,25,35.21126760563381,10,0,Unknown,1,0,0,0,0,0,1,Passenger,Panskura Howrah EMU,38444
71.0,110.0,38.72727272727273,1,25,35.21126760563381,16,0,Unknown,1,0,0,0,0,0,1,Passenger,Howrah Panskura EMU,38445
71.0,115.0,37.04347826086956,1,25,35.21126760563381,11,0,Unknown,1,0,0,0,0,0,1,Passenger,Panskura Howrah EMU,38448
71.0,115.0,37.04347826086956,1,25,35.21126760563381,16,0,SER,1,0,0,0,0,0,1,Passenger,Howrah Panskura EMU,38449
71.0,115.0,37.04347826086956,1,25,35.21126760563381,12,0,Unknown,1,0,0,0,0,0,1,Passenger,Panskura Howrah EMU,38450
71.0,110.0,38.72727272727273,1,25,35.21126760563381,17,0,Unknown,0,0,0,0,0,0,1,Passenger,Howrah Panskura EMU,38453
71.0,105.0,40.57142857142857,1,25,35.21126760563381,18,0,Unknown,0,0,0,0,0,0,1,Passenger,Howrah Panskura EMU,38455
71.0,110.0,38.72727272727273,1,25,35.21126760563381,18,0,Unknown,1,0,0,0,0,0,1,Passenger,Howrah Panskura EMU,38457
71.0,105.0,40.57142857142857,1,25,35.21126760563381,19,0,Unknown,1,0,0,0,0,0,1,Passenger,Howrah Panskura EMU,38463
71.0,110.0,38.72727272727273,1,25,35.21126760563381,16,0,Unknown,1,0,0,0,0,0,1,Passenger,Panskura Howrah EMU,38464
71.0,113.0,37.69911504424779,1,25,35.21126760563381,20,0,SER,1,0,0,0,0,0,1,Passenger,Howrah Panskura EMU,38467
71.0,115.0,37.04347826086956,1,25,35.21126760563381,20,0,Unknown,1,0,0,0,0,0,1,Passenger,Howrah Panskura EMU,38469
115.0,165.0,41.81818181818182,0,34,29.56521739130435,18,0,SER,0,0,0,0,0,0,0,Express,Howrah Kharagpur Ladies Special,38633
55.0,90.0,36.666666666666664,0,20,36.36363636363636,9,0,Unknown,0,0,0,0,0,0,0,Passenger,Howrah-Kolaghat EMU,38821
55.0,95.0,34.73684210526316,0,20,36.36363636363636,11,0,Unknown,0,0,0,0,0,0,0,Passenger,Kolaghat-Howrah EMU,38846
27.0,39.0,41.53846153846154,0,16,59.25925925925925,8,0,SR,0,0,0,0,0,0,0,Passenger,Chennai Beach PallavaramEMU,40021
17.0,26.0,39.230769230769226,0,12,70.58823529411764,8,0,SR,0,0,0,0,0,0,0,Passenger,Chennai Beach St. Thomas Mount Fast EMU,40023
63.0,105.0,36.0,0,29,46.03174603174603,3,1,SR,0,0,0,0,0,0,0,Passenger,Chennai Beach Chengulpet EMU,40501
60.0,105.0,34.285714285714285,0,29,48.333333333333336,4,1,SR,0,0,0,0,0,0,0,Passenger,Chennai Beach Chengulpet EMU,40503
63.0,105.0,36.0,0,29,46.03174603174603,5,0,SR,0,0,0,0,0,0,0,Passenger,Chennai Beach Chengulpet EMU(12 car),40505
63.0,105.0,36.0,0,29,46.03174603174603,5,0,SR,0,0,0,0,0,0,0,Passenger,Chennai Beach Chengulpet EMU,40507
63.0,105.0,36.0,0,29,46.03174603174603,5,0,SR,0,0,0,0,0,0,0,Passenger,Chennai Beach Chengulpet EMU,40509
63.0,105.0,36.0,0,29,46.03174603174603,6,0,SR,0,0,0,0,0,0,0,Passenger,Chennai Beach Chengulpet EMU,40511
63.0,105.0,36.0,0,29,46.03174603174603,6,0,SR,1,0,0,0,0,0,0,Passenger,Chennai Beach Chengulpet EMU(12 car),40513
175.0,295.0,35.59322033898305,0,29,16.571428571428573,9,0,NR,1,0,0,0,0,0,0,Passenger,Delhi Moradabad Passenger,54056
118.0,225.0,31.466666666666665,0,19,16.10169491525424,6,0,NR,1,0,0,0,0,0,0,Passenger,Moradabad Hapur Passenger,54305
175.0,325.0,32.30769230769231,0,29,16.571428571428573,17,0,NR,1,0,0,0,0,0,0,Passenger,Moradabad Delhi Passenger,54307
44.0,80.0,33.0,0,8,18.181818181818183,16,0,NR,1,0,0,0,0,0,0,Passenger,Moradabad Chandausi Passenger,54314
194.0,305.0,38.16393442622951,0,31,15.97938144329897,18,0,NR,1,0,0,0,0,0,0,Passenger,Moradabad Sahranpur Passenger,54315
161.0,390.0,24.76923076923077,0,23,14.285714285714285,18,0,NR,1,0,0,0,0,0,0,Passenger,MORADABAD -  NAJIBABAD  PASSENGER,54395
45.0,120.0,22.5,0,9,20.0,12,0,NR,1,0,0,0,0,0,0,Passenger,Moradabad Sambahal Hatim Sarai Pass,54398
50.0,90.0,33.333333333333336,0,9,18.0,13,0,NER,1,0,0,0,0,0,0,Passenger,MORADABAD - KASHIPUR PASSENGER,55311
77.0,120.0,38.5,0,6,7.792207792207792,20,0,NER,1,0,0,0,0,0,0,Passenger,MORADABAD - RAMNAGAR PASSENGER,55323
50.0,95.0,31.578947368421055,0,7,14.0,17,0,SER,1,0,0,0,0,0,0,Passenger,Jharsuguda Sambalpur Passenger,58127
50.0,85.0,35.29411764705882,0,7,14.0,4,1,SER,0,0,0,0,0,0,0,Passenger,Jharsuguda Sambalpur Passenger,58135
50.0,85.0,35.29411764705882,0,7,14.0,17,0,SER,0,0,0,0,0,0,0,Passenger,Jharsuguda Sambalpur Passenger,58137
3459.0,3450.0,60.15652173913043,2,459,13.26973113616652,6,0,SR,1,0,0,1,1,0,0,Superfast,DEHRADUN - KOCHUVELI SF Express,12288
2431.0,2610.0,55.88505747126437,3,421,17.317976141505554,16,0,SR,1,0,1,1,1,0,0,Superfast,HOWRAH - KANNIYAKUMARI SF Exp,12665
1307.0,1435.0,54.648083623693374,3,203,15.531752104055087,12,0,SWR,1,0,1,1,1,0,0,Superfast,TRIVANDRUM KOCHUVELI - HUBLI SF Exp,12778
1212.0,1525.0,47.68524590163934,3,202,16.666666666666668,9,0,NWR,1,0,1,1,1,0,0,Express,BIKANER - MUMBAI BANDRA Ranakpur Exp,14707
1967.0,2410.0,48.97095435684648,3,299,15.20081342145399,4,1,SR,1,0,1,1,1,0,0,Express,NAGERCOIL - MUMBAI CST Balaji Exp,16352
798.0,950.0,50.4,4,133,16.666666666666664,19,0,SR,1,1,1,1,1,0,0,Express,CHENNAI EGMORE - TRIVANDRUM Anantapuri Exp,16723
71.0,108.0,39.44444444444444,1,25,35.21126760563381,17,0,Unknown,1,0,0,0,0,0,1,Passenger,Panskura Howrah EMU,38468
71.0,110.0,38.72727272727273,1,25,35.21126760563381,17,0,Unknown,1,0,0,0,0,0,1,Passenger,Panskura Howrah EMU,38470
63.0,100.0,37.8,0,29,46.03174603174603,6,0,SR,1,0,0,0,0,0,0,Passenger,Chennai Beach Chengulpet EMU,40515
63.0,100.0,37.8,0,29,46.03174603174603,6,0,SR,1,0,0,0,0,0,0,Passenger,Chennai Beach Chengulpet EMU(12 car),40517
59.0,112.0,31.607142857142858,0,29,49.152542372881356,7,0,SR,1,0,0,0,0,0,0,Passenger,Chennai Beach Chengulpet EMU,40519
112.0,180.0,37.333333333333336,0,38,33.92857142857142,7,0,SR,0,0,0,0,0,0,0,Passenger,Chennai Beach Tirumalpur EMU,40701
108.0,165.0,39.27272727272727,0,38,35.18518518518518,10,0,SR,1,0,0,0,0,0,0,Passenger,Chennai Beach Tirumalpur local,40705
108.0,145.0,44.689655172413794,0,38,35.18518518518518,18,0,SR,1,0,0,0,0,0,0,Passenger,Chennai Beach Tirumalpur Fast EMU,40707
108.0,160.0,40.5,0,38,35.18518518518518,20,0,SR,0,0,0,0,0,0,0,Passenger,Chennai Beach Tirumalpur Semi Fast EMU,40711
18.0,40.0,27.0,0,17,94.44444444444444,4,1,SR,0,0,0,0,0,0,0,Passenger,Chennai Beach Velachery EMU,41001
18.0,40.0,27.0,0,17,94.44444444444444,4,1,SR,1,0,0,0,0,0,0,Passenger,Chennai Beach Velachery EMU,41003
18.0,40.0,27.0,0,17,94.44444444444444,5,0,SR,1,0,0,0,0,0,0,Passenger,Chennai Beach Velachery EMU,41005
18.0,40.0,27.0,0,17,94.44444444444444,5,0,SR,0,0,0,0,0,0,0,Passenger,Chennai Beach Velachery EMU,41007
18.0,45.0,24.0,0,17,94.44444444444444,6,0,SR,0,0,0,0,0,0,0,Passenger,Chennai Beach Velachery EMU,41009
18.0,40.0,27.0,0,17,94.44444444444444,6,0,SR,0,0,0,0,0,0,0,Passenger,Chennai Beach Velachery EMU,41011
18.0,40.0,27.0,0,17,94.44444444444444,6,0,SR,0,0,0,0,0,0,0,Passenger,Chennai Beach Velachery EMU,41013
18.0,40.0,27.0,0,17,94.44444444444444,6,0,SR,0,0,0,0,0,0,0,Passenger,Chennai Beach Velachery EMU,41015
18.0,40.0,27.0,0,17,94.44444444444444,6,0,SR,0,0,0,0,0,0,0,Passenger,Chennai Beach Velachery EMU,41017
18.0,40.0,27.0,0,17,94.44444444444444,7,0,SR,0,0,0,0,0,0,0,Passenger,Chennai Beach Velachery EMU,41019
18.0,40.0,27.0,0,17,94.44444444444444,7,0,SR,0,0,0,0,0,0,0,Passenger,Chennai Beach Velachery EMU,41023
18.0,40.0,27.0,0,17,94.44444444444444,7,0,SR,0,0,0,0,0,0,0,Passenger,Chennai Beach Velachery EMU,41025
18.0,40.0,27.0,0,17,94.44444444444444,8,0,SR,0,0,0,0,0,0,0,Passenger,Chennai Beach Velachery EMU,41027
18.0,40.0,27.0,0,17,94.44444444444444,8,0,SR,0,0,0,0,0,0,0,Passenger,Chennai Beach Velachery EMU,41029
18.0,40.0,27.0,0,17,94.44444444444444,8,0,SR,0,0,0,0,0,0,0,Passenger,Chennai Beach Velachery EMU,41031
18.0,40.0,27.0,0,17,94.44444444444444,8,0,SR,0,0,0,0,0,0,0,Passenger,Chennai Beach Velachery EMU,41033
18.0,40.0,27.0,0,17,94.44444444444444,8,0,SR,0,0,0,0,0,0,0,Passenger,Chennai Beach Velachery EMU,41035
18.0,40.0,27.0,0,17,94.44444444444444,8,0,SR,0,0,0,0,0,0,0,Passenger,Chennai Beach Velachery EMU,41037
18.0,40.0,27.0,0,17,94.44444444444444,9,0,SR,0,0,0,0,0,0,0,Passenger,Chennai Beach Velachery EMU,41039
18.0,40.0,27.0,0,17,94.44444444444444,9,0,SR,0,0,0,0,0,0,0,Passenger,Chennai Beach Velachery EMU,41041
18.0,40.0,27.0,0,17,94.44444444444444,9,0,SR,0,0,0,0,0,0,0,Passenger,Chennai Beach Velachery EMU,41043
18.0,40.0,27.0,0,17,94.44444444444444,9,0,SR,0,0,0,0,0,0,0,Passenger,Chennai Beach Velachery EMU,41045
18.0,40.0,27.0,0,17,94.44444444444444,9,0,SR,0,0,0,0,0,0,0,Passenger,Chennai Beach Velachery EMU,41047
18.0,40.0,27.0,0,17,94.44444444444444,9,0,SR,0,0,0,0,0,0,0,Passenger,Chennai Beach Velachery EMU,41049
18.0,50.0,21.599999999999998,0,17,94.44444444444444,9,0,SR,0,0,0,0,0,0,0,Passenger,Chennai Beach Velachery EMU,41051
18.0,40.0,27.0,0,17,94.44444444444444,9,0,SR,0,0,0,0,0,0,0,Passenger,Chennai Beach Velachery EMU,41053
18.0,40.0,27.0,0,17,94.44444444444444,10,0,SR,0,0,0,0,0,0,0,Passenger,Chennai Beach Velachery EMU,41055
131.0,280.0,28.07142857142857,0,18,13.740458015267174,6,0,NER,1,0,0,0,0,0,0,Passenger,MORADABAD - KATHGODAM Pass,55303
77.0,110.0,42.0,0,14,18.18181818181818,4,1,NER,1,0,0,0,0,0,0,Passenger,MORADABAD - RAMNAGAR Fast Passenger,55305
76.0,130.0,35.07692307692308,0,8,10.526315789473685,10,0,NER,1,0,0,0,0,0,0,Passenger,MORADABAD - RAMNAGAR PASSENGER,55307
77.0,135.0,34.22222222222222,0,12,15.584415584415584,17,0,NER,1,0,0,0,0,0,0,Passenger,MORADABAD  - RAMNAGAR PASSENGER,55309
77.0,145.0,31.862068965517242,0,12,15.584415584415584,7,0,NER,1,0,0,0,0,0,0,Passenger,MORADABAD  - RAMNAGAR PASSENGER,55321
59.0,92.0,38.47826086956521,0,29,49.152542372881356,7,0,SR,1,0,0,0,0,0,0,Passenger,Chengulpet Chennai Beach Semi Fast EMU (12 Car),40516
59.0,95.0,37.26315789473684,0,29,49.152542372881356,7,0,SR,1,0,0,0,0,0,0,Passenger,Chengulpet Chennai Beach Semi Fast EMU (12 Car),40518
59.0,107.0,33.08411214953271,0,29,49.152542372881356,8,0,SR,1,0,0,0,0,0,0,Passenger,Chengulpet Chennai Beach Semi Fast EMU (12 Car),40520
59.0,104.0,34.03846153846154,0,29,49.152542372881356,8,0,SR,1,0,0,0,0,0,0,Passenger,Chennai Beach Chengulpet EMU,40521
59.0,90.0,39.333333333333336,0,29,49.152542372881356,8,0,SR,1,0,0,0,0,0,0,Passenger,Chengulpet Chennai Beach Semi Fast EMU (12 Car),40522
59.0,108.0,32.77777777777778,0,29,49.152542372881356,9,0,SR,1,0,0,0,0,0,0,Passenger,Chennai Beach Chengulpet EMU,40523
59.0,108.0,32.77777777777778,0,29,49.152542372881356,8,0,SR,1,0,0,0,0,0,0,Passenger,Chengulpet Chennai Beach EMU,40524
59.0,90.0,39.333333333333336,0,29,49.152542372881356,8,0,SR,0,0,0,0,0,0,0,Passenger,Chengulpet Chennai Beach Fast EMU,40526
63.0,105.0,36.0,0,29,46.03174603174603,3,1,SR,0,0,0,0,0,0,0,Passenger,Chennai Beach Chengulpet EMU,40601
108.0,145.0,44.689655172413794,0,38,35.18518518518518,7,0,SR,1,0,0,0,0,0,0,Passenger,Tirumalpur Chennai Beach Fast EMU,40704
108.0,155.0,41.806451612903224,0,38,35.18518518518518,7,0,SR,1,0,0,0,0,0,0,Passenger,Tirumalpur Chennai Beach Fast EMU,40706
19.0,40.0,28.5,0,17,89.47368421052632,10,0,SR,0,0,0,0,0,0,0,Passenger,Chennai Beach Velachery EMU,41059
18.0,40.0,27.0,1,17,94.44444444444444,11,0,SR,1,0,0,0,0,0,1,Passenger,Chennai Beach Velachery EMU,41063
18.0,40.0,27.0,0,17,94.44444444444444,11,0,Unknown,1,0,0,0,0,0,0,Passenger,Chennai Beach Velachery EMU,41067
18.0,40.0,27.0,0,17,94.44444444444444,12,0,SR,0,0,0,0,0,0,0,Passenger,Chennai Beach Velachery EMU,41069
18.0,40.0,27.0,0,17,94.44444444444444,12,0,SR,0,0,0,0,0,0,0,Passenger,Chennai Beach Velachery EMU,41071
18.0,40.0,27.0,0,17,94.44444444444444,12,0,SR,0,0,0,0,0,0,0,Passenger,Chennai Beach Velachery EMU,41073
18.0,40.0,27.0,0,17,94.44444444444444,13,0,SR,0,0,0,0,0,0,0,Passenger,Chennai Beach Velachery EMU,41075
18.0,40.0,27.0,0,17,94.44444444444444,13,0,Unknown,0,0,0,0,0,0,0,Passenger,Chennai Beach Velachery EMU,41077
18.0,40.0,27.0,0,17,94.44444444444444,14,0,Unknown,0,0,0,0,0,0,0,Passenger,Chennai Beach Velachery EMU,41079
18.0,40.0,27.0,0,17,94.44444444444444,14,0,Unknown,0,0,0,0,0,0,0,Passenger,Chennai Beach Velachery EMU,41081
18.0,40.0,27.0,0,17,94.44444444444444,15,0,Unknown,0,0,0,0,0,0,0,Passenger,Chennai Beach Velachery EMU,41083
18.0,40.0,27.0,0,17,94.44444444444444,15,0,SR,0,0,0,0,0,0,0,Passenger,Chennai Beach Velachery EMU,41085
18.0,40.0,27.0,0,17,94.44444444444444,16,0,Unknown,0,0,0,0,0,0,0,Passenger,Chennai Beach Velachery EMU,41087
18.0,40.0,27.0,0,17,94.44444444444444,16,0,SR,0,0,0,0,0,0,0,Passenger,Chennai Beach Velachery EMU,41089
18.0,40.0,27.0,0,17,94.44444444444444,16,0,Unknown,0,0,0,0,0,0,0,Passenger,Chennai Beach Velachery EMU,41091
18.0,40.0,27.0,0,17,94.44444444444444,17,0,Unknown,0,0,0,0,0,0,0,Passenger,Chennai Beach Velachery EMU,41093
18.0,40.0,27.0,0,17,94.44444444444444,17,0,SR,0,0,0,0,0,0,0,Passenger,Chennai Beach Velachery EMU,41095
18.0,40.0,27.0,0,17,94.44444444444444,17,0,SR,0,0,0,0,0,0,0,Passenger,Chennai Beach Velachery EMU,41097
18.0,40.0,27.0,0,17,94.44444444444444,17,0,Unknown,0,0,0,0,0,0,0,Passenger,Chennai Beach Velachery EMU,41099
18.0,40.0,27.0,0,17,94.44444444444444,17,0,SR,0,0,0,0,0,0,0,Passenger,Chennai Beach Velachery EMU,41101
18.0,40.0,27.0,0,17,94.44444444444444,17,0,Unknown,0,0,0,0,0,0,0,Passenger,Chennai Beach Velachery EMU,41103
18.0,40.0,27.0,0,17,94.44444444444444,18,0,Unknown,0,0,0,0,0,0,0,Passenger,Chennai Beach Velachery EMU,41105
18.0,40.0,27.0,0,17,94.44444444444444,18,0,Unknown,0,0,0,0,0,0,0,Passenger,Chennai Beach Velachery EMU,41107
18.0,40.0,27.0,0,17,94.44444444444444,18,0,SR,0,0,0,0,0,0,0,Passenger,Chennai Beach Velachery EMU,41109
18.0,40.0,27.0,0,17,94.44444444444444,18,0,SR,1,0,0,0,0,0,0,Passenger,Chennai Beach Velachery EMU,41111
18.0,40.0,27.0,0,17,94.44444444444444,18,0,SR,1,0,0,0,0,0,0,Passenger,Chennai Beach Velachery EMU,41113
18.0,40.0,27.0,0,17,94.44444444444444,18,0,Unknown,0,0,0,0,0,0,0,Passenger,Chennai Beach Velachery EMU,41115
18.0,40.0,27.0,0,17,94.44444444444444,19,0,Unknown,0,0,0,0,0,0,0,Passenger,Chennai Beach Velachery EMU,41117
18.0,40.0,27.0,0,17,94.44444444444444,19,0,Unknown,0,0,0,0,0,0,0,Passenger,Chennai Beach Velachery EMU,41119
18.0,40.0,27.0,0,17,94.44444444444444,19,0,Unknown,0,0,0,0,0,0,0,Passenger,Chennai Beach Velachery EMU,41121
18.0,40.0,27.0,0,17,94.44444444444444,19,0,Unknown,0,0,0,0,0,0,0,Passenger,Chennai Beach Velachery EMU,41123
83.0,125.0,39.839999999999996,1,22,26.506024096385545,6,0,SR,0,0,0,0,0,0,1,Passenger,Spe-Mas Emu Local,42404
83.0,130.0,38.307692307692314,1,22,26.506024096385545,9,0,SR,0,0,0,0,0,0,1,Passenger,Spe-Mas Emu Local,42406
83.0,120.0,41.5,0,22,26.506024096385545,11,0,SR,0,0,0,0,0,0,0,Passenger,Sullurpetta Chennai Central EMU,42408
155.0,250.0,37.199999999999996,0,18,11.612903225806452,9,0,WR,1,0,0,0,0,0,0,Passenger,GANDHIGRAM - SBI-BTD PASSENGER,52941
175.0,345.0,30.434782608695652,0,29,16.571428571428573,1,1,NR,1,0,0,0,0,0,0,Passenger,Delhi Moradabad Passenger,54308
18.0,40.0,27.0,0,17,94.44444444444444,20,0,Unknown,0,0,0,0,0,0,0,Passenger,Chennai Beach Velachery EMU,41125
18.0,40.0,27.0,0,17,94.44444444444444,20,0,SR,0,0,0,0,0,0,0,Passenger,Chennai Beach Velachery EMU,41127
18.0,40.0,27.0,0,17,94.44444444444444,21,0,Unknown,0,0,0,0,0,0,0,Passenger,Chennai Beach Velachery EMU,41129
18.0,40.0,27.0,0,17,94.44444444444444,21,0,Unknown,0,0,0,0,0,0,0,Passenger,Chennai Beach Velachery EMU,41131
18.0,40.0,27.0,0,17,94.44444444444444,22,1,Unknown,0,0,0,0,0,0,0,Passenger,Chennai Beach Velachery EMU,41133
18.0,40.0,27.0,0,17,94.44444444444444,6,0,SR,0,0,0,0,0,0,0,Passenger,Chennai Beach Velachery Sunday EMU,41505
18.0,40.0,27.0,0,17,94.44444444444444,7,0,SR,0,0,0,0,0,0,0,Passenger,Chennai Beach Velachery Sunday EMU,41507
83.0,120.0,41.5,1,22,26.506024096385545,13,0,SR,0,0,0,0,0,0,1,Passenger,Spe-Mas Emu Local,42412
83.0,145.0,34.3448275862069,0,22,26.506024096385545,15,0,SR,0,0,0,0,0,0,0,Passenger,Spe-Mas Emu Local,42414
83.0,130.0,38.307692307692314,0,22,26.506024096385545,18,0,SR,0,0,0,0,0,0,0,Passenger,Spe-Mas Emu Local,42416
83.0,125.0,39.839999999999996,1,22,26.506024096385545,20,0,SR,0,0,0,0,0,0,1,Passenger,Sullurpeta Chennai EMU,42420
83.0,125.0,39.839999999999996,1,22,26.506024096385545,21,0,SR,0,0,0,0,0,0,1,Passenger,Spe-Mas Emu Local,42422
35.0,45.0,46.666666666666664,1,6,17.142857142857142,22,1,SR,0,0,0,0,0,0,1,Passenger,Sullupetta Gummidipoondi EMU,42452
83.0,140.0,35.57142857142857,1,23,27.710843373493976,7,0,SR,0,0,0,0,0,0,1,Passenger,Spe-Msb Emu local,42802
42.0,75.0,33.6,1,21,50.0,5,0,Unknown,0,0,0,0,0,0,1,Passenger,Chennai Central Tiruvallur EMU,43205
41.0,60.0,41.0,0,21,51.21951219512196,8,0,SR,0,0,0,0,0,0,0,Passenger,Tiruvallur Chennai Central Fast,43216
41.0,50.0,49.199999999999996,0,21,51.21951219512196,9,0,Unknown,0,0,0,0,0,0,0,Passenger,Tiruvallur Chennai Central Fast,43222
68.0,85.0,48.0,0,29,42.647058823529406,5,0,SR,0,0,0,0,0,0,0,Passenger,Chennai Central Arakkonam Fast,43401
68.0,95.0,42.94736842105263,0,29,42.647058823529406,6,0,Unknown,0,0,0,0,0,0,0,Passenger,Arakkonam chennai Central Fast,43408
82.0,135.0,36.44444444444444,0,30,36.58536585365854,4,1,SR,0,0,0,0,0,0,0,Passenger,Chennai tiruttani EMU,43501
83.0,145.0,34.3448275862069,0,30,36.144578313253014,9,0,Unknown,1,0,0,0,0,0,0,Passenger,Tiruttani Chennai Central Local,43506
14.0,30.0,28.0,0,2,14.285714285714285,4,1,Unknown,1,0,0,0,0,0,0,Passenger,Arakkonam Tiruttani EMU,43551
14.0,20.0,42.0,0,2,14.285714285714285,4,1,SR,1,0,0,0,0,0,0,Passenger,Tiruttani Arakkonam EMU,43552
14.0,20.0,42.0,0,2,14.285714285714285,5,0,Unknown,1,0,0,0,0,0,0,Passenger,Arakkonam Tiruttani EMU,43553
14.0,20.0,42.0,0,2,14.285714285714285,21,0,Unknown,1,0,0,0,0,0,0,Passenger,Tiruttani Arakkonam EMU,43554
70.0,120.0,35.0,0,30,42.85714285714286,1,1,SR,0,0,0,0,0,0,0,Passenger,Chennai Beach Arakkonam EMU,43801
69.0,120.0,34.5,0,30,43.47826086956522,4,1,SR,0,0,0,0,0,0,0,Passenger,Chennai Beach Arakkonam EMU,43803
69.0,90.0,46.0,0,29,42.02898550724638,7,0,Unknown,0,0,0,0,0,0,0,Passenger,Arakkonam chennai Beach Fast,43806
83.0,125.0,39.839999999999996,0,30,36.144578313253014,18,0,Unknown,0,0,0,0,0,0,0,Passenger,Chennai Beach Tiruttani Fast,43823
71.0,115.0,37.04347826086956,0,33,46.47887323943662,15,0,Unknown,0,0,0,0,0,0,0,Passenger,Ponneri Tiruvallur EMU,43851
10.0,20.0,30.0,0,4,40.0,23,1,Unknown,1,0,0,0,0,0,0,Passenger,Pattabiram East Avadi EMU,43892
6.0,10.0,36.0,0,3,50.0,5,0,SR,0,0,0,0,0,0,0,Passenger,Tiruvallur Kadambattur EMU,43921
25.0,40.0,37.5,0,14,56.0,6,0,SCR,0,0,0,0,0,0,0,Superfast,Hyderabad Lingampalli MMTS,47101
25.0,40.0,37.5,0,14,56.0,6,0,SCR,0,0,0,0,0,0,0,Superfast,Hyderabad Lingampalli MMTS,47102
25.0,40.0,37.5,0,14,56.0,7,0,SCR,0,0,0,0,0,0,0,Superfast,Hyderabad Lingampalli MMTS,47103
25.0,40.0,37.5,0,14,56.0,7,0,SCR,0,0,0,0,0,0,0,Superfast,Hyderabad Lingampalli MMTS,47104
25.0,40.0,37.5,0,14,56.0,8,0,SCR,0,0,0,0,0,0,0,Superfast,Hyderabad Lingampalli MMTS,47105
25.0,40.0,37.5,0,14,56.0,9,0,SCR,0,0,0,0,0,0,0,Superfast,Hyderabad Lingampalli MMTS,47106
25.0,40.0,37.5,0,14,56.0,9,0,SCR,0,0,0,0,0,0,0,Superfast,Hyderabad Lingampalli MMTS,47107
25.0,40.0,37.5,0,14,56.0,10,0,SCR,0,0,0,0,0,0,0,Superfast,Hyderabad Lingampalli MMTS,47108
24.0,40.0,36.0,0,14,58.333333333333336,10,0,SCR,0,0,0,0,0,0,0,Superfast,Hyderabad Lingampalli MMTS,47109
24.0,40.0,36.0,0,14,58.333333333333336,11,0,SCR,0,0,0,0,0,0,0,Superfast,Hyderabad Lingampalli MMTS,47110
25.0,45.0,33.333333333333336,0,14,56.0,11,0,SCR,0,0,0,0,0,0,0,Superfast,Hyderabad Lingampalli MMTS,47111
25.0,40.0,37.5,0,14,56.0,13,0,SCR,0,0,0,0,0,0,0,Superfast,Hyderabad Lingampalli MMTS,47112
44.0,95.0,27.789473684210527,0,8,18.181818181818183,17,0,NR,1,0,0,0,0,0,0,Passenger,Chandausi Moradabad Passenger,54313
1384.0,965.0,86.0518134715026,3,202,14.595375722543352,16,0,WR,1,1,1,1,0,0,0,Premium,Mumbai Rajdhani Express,12952
2384.0,2575.0,55.5495145631068,3,322,13.506711409395972,23,1,NR,1,0,1,1,1,0,0,Superfast,New Delhi-Puducherry SF Exp,22404
25.0,40.0,37.5,0,14,56.0,14,0,SCR,0,0,0,0,0,0,0,Superfast,Hyderabad Lingampalli MMTS,47113
25.0,40.0,37.5,0,14,56.0,15,0,SCR,0,0,0,0,0,0,0,Superfast,Hyderabad Lingampalli MMTS,47114
25.0,40.0,37.5,0,14,56.0,16,0,SCR,0,0,0,0,0,0,0,Superfast,Hyderabad Lingampalli MMTS,47116
25.0,50.0,30.0,0,14,56.0,16,0,SCR,0,0,0,0,0,0,0,Superfast,Hyderabad Lingampalli MMTS,47117
25.0,45.0,33.333333333333336,0,14,56.0,17,0,SCR,0,0,0,0,0,0,0,Superfast,Hyderabad Lingampalli MMTS,47118
25.0,40.0,37.5,0,14,56.0,18,0,SCR,0,0,0,0,0,0,0,Superfast,Hyderabad Lingampalli MMTS,47119
25.0,40.0,37.5,0,14,56.0,19,0,SCR,0,0,0,0,0,0,0,Superfast,Hyderabad Lingampalli MMTS,47120
25.0,45.0,33.333333333333336,0,14,56.0,19,0,SCR,0,0,0,0,0,0,0,Superfast,Hyderabad Lingampalli MMTS,47121
25.0,40.0,37.5,0,14,56.0,20,0,SCR,0,0,0,0,0,0,0,Superfast,Hyderabad Lingampalli MMTS,47122
25.0,40.0,37.5,0,14,56.0,6,0,SCR,0,0,0,0,0,0,0,Superfast,Lingampalli Hyderabad MMTS,47127
25.0,40.0,37.5,0,14,56.0,7,0,SCR,0,0,0,0,0,0,0,Superfast,Lingampalli Hyderabad MMTS,47128
25.0,40.0,37.5,0,14,56.0,7,0,SCR,0,0,0,0,0,0,0,Superfast,Lingampalli Hyderabad MMTS,47129
25.0,40.0,37.5,0,14,56.0,8,0,SCR,0,0,0,0,0,0,0,Superfast,Lingampalli Hyderabad MMTS,47130
25.0,45.0,33.333333333333336,0,14,56.0,9,0,SCR,0,0,0,0,0,0,0,Superfast,Lingampalli Hyderabad MMTS,47132
25.0,40.0,37.5,0,14,56.0,9,0,SCR,0,0,0,0,0,0,0,Superfast,Lingampalli Hyderabad MMTS,47133
24.0,40.0,36.0,0,14,58.333333333333336,10,0,SCR,0,0,0,0,0,0,0,Superfast,Lingampalli Hyderabad MMTS,47134
24.0,40.0,36.0,0,14,58.333333333333336,11,0,SCR,0,0,0,0,0,0,0,Superfast,Lingampalli Hyderabad MMTS,47135
24.0,40.0,36.0,0,14,58.333333333333336,11,0,SCR,0,0,0,0,0,0,0,Superfast,Lingampalli Hyderabad MMTS,47136
25.0,40.0,37.5,0,14,56.0,12,0,SCR,0,0,0,0,0,0,0,Superfast,Lingampalli Hyderabad MMTS,47137
25.0,40.0,37.5,0,14,56.0,12,0,SCR,0,0,0,0,0,0,0,Superfast,Lingampalli Hyderabad MMTS,47138
25.0,40.0,37.5,0,14,56.0,15,0,SCR,0,0,0,0,0,0,0,Superfast,Lingampalli Hyderabad MMTS,47139
25.0,40.0,37.5,0,14,56.0,16,0,SCR,0,0,0,0,0,0,0,Superfast,Lingampalli Hyderabad MMTS,47140
25.0,40.0,37.5,0,14,56.0,16,0,SCR,0,0,0,0,0,0,0,Superfast,Lingampalli Hyderabad MMTS,47141
25.0,40.0,37.5,0,14,56.0,18,0,SCR,0,0,0,0,0,0,0,Superfast,Lingampalli Hyderabad MMTS,47142
37.0,70.0,31.71428571428571,0,23,62.16216216216216,5,0,SCR,0,0,0,0,0,0,0,Superfast,Falaknuma Lingampalli MMTS,47149
37.0,75.0,29.6,0,23,62.16216216216216,5,0,SCR,0,0,0,0,0,0,0,Superfast,Falaknuma Lingampalli MMTS,47150
37.0,75.0,29.6,0,23,62.16216216216216,6,0,SCR,0,0,0,0,0,0,0,Superfast,Falaknuma Lingampalli MMTS,47151
37.0,85.0,26.11764705882353,0,23,62.16216216216216,7,0,SCR,0,0,0,0,0,0,0,Superfast,MATRABHOOMI LADIES SPL MMTS,47152
37.0,70.0,31.71428571428571,0,23,62.16216216216216,7,0,SCR,0,0,0,0,0,0,0,Superfast,Falaknuma Lingampalli MMTS,47153
37.0,80.0,27.75,0,23,62.16216216216216,7,0,SCR,0,0,0,0,0,0,0,Superfast,Falaknuma Lingampalli MMTS,47154
37.0,75.0,29.6,0,23,62.16216216216216,9,0,SCR,0,0,0,0,0,0,0,Superfast,Falaknuma Lingampalli MMTS,47155
37.0,75.0,29.6,0,23,62.16216216216216,10,0,SCR,0,0,0,0,0,0,0,Superfast,Falaknuma Lingampalli MMTS*,47156
37.0,80.0,27.75,0,23,62.16216216216216,10,0,SCR,0,0,0,0,0,0,0,Superfast,Falaknuma Lingampalli MMTS,47157
37.0,70.0,31.71428571428571,1,23,62.16216216216216,12,0,SCR,1,0,0,0,0,0,1,Superfast,Falaknuma Lingampalli MMTS,47158
37.0,75.0,29.6,0,23,62.16216216216216,21,0,SCR,1,0,0,0,0,0,0,Superfast,Lingampalli Falaknuma MMTS,47159
37.0,75.0,29.6,0,23,62.16216216216216,13,0,SCR,1,0,0,0,0,0,0,Superfast,Falaknuma Lingampalli MMTS,47160
37.0,75.0,29.6,0,23,62.16216216216216,14,0,SCR,0,0,0,0,0,0,0,Superfast,Falaknuma Lingampalli MMTS,47161
37.0,85.0,26.11764705882353,0,23,62.16216216216216,16,0,SCR,0,0,0,0,0,0,0,Superfast,Falaknuma Lingampalli MMTS,47162
37.0,75.0,29.6,0,23,62.16216216216216,17,0,SCR,0,0,0,0,0,0,0,Superfast,Falaknuma Lingampalli MMTS,47163
37.0,85.0,26.11764705882353,0,23,62.16216216216216,17,0,SCR,0,0,0,0,0,0,0,Superfast,Falaknuma Lingampalli MMTS,47164
37.0,75.0,29.6,0,23,62.16216216216216,10,0,SCR,0,0,0,0,0,0,0,Superfast,Falaknuma Lingampalli MMTS,47165
37.0,75.0,29.6,0,23,62.16216216216216,18,0,SCR,0,0,0,0,0,0,0,Superfast,Falaknuma Lingampalli MMTS,47166
14.0,30.0,28.0,0,11,78.57142857142857,22,1,SCR,0,0,0,0,0,0,0,Superfast,Secunderabad Lingampalli MMTS,47168
37.0,75.0,29.6,0,23,62.16216216216216,21,0,SCR,1,0,0,0,0,0,0,Superfast,Falaknuma Lingampalli MMTS,47170
37.0,75.0,29.6,0,23,62.16216216216216,4,1,SCR,1,0,0,0,0,0,0,Superfast,Lingampalli Falaknuma MMTS,47171
25.0,40.0,37.5,0,14,56.0,21,0,SCR,0,0,0,0,0,0,0,Superfast,Hyderabad Lingampalli MMTS,47124
25.0,40.0,37.5,0,14,56.0,21,0,SCR,1,0,0,0,0,0,0,Superfast,Hyderabad Lingampalli MMTS,47125
25.0,55.0,27.272727272727273,0,14,56.0,18,0,SCR,0,0,0,0,0,0,0,Superfast,Lingampalli Hyderabad MMTS,47143
25.0,40.0,37.5,0,14,56.0,18,0,SCR,0,0,0,0,0,0,0,Superfast,Lingampalli Hyderabad MMTS,47144
25.0,40.0,37.5,0,14,56.0,19,0,SCR,0,0,0,0,0,0,0,Superfast,Lingampalli Hyderabad MMTS,47145
25.0,40.0,37.5,0,14,56.0,20,0,SCR,0,0,0,0,0,0,0,Superfast,Lingampalli Hyderabad MMTS,47146
25.0,40.0,37.5,0,14,56.0,21,0,SCR,0,0,0,0,0,0,0,Superfast,Lingampalli Hyderabad MMTS,47147
25.0,40.0,37.5,0,14,56.0,22,1,SCR,0,0,0,0,0,0,0,Superfast,Lingampalli Hyderabad MMTS,47148
37.0,80.0,27.75,0,23,62.16216216216216,7,0,SCR,0,0,0,0,0,0,0,Superfast,Lingampalli Falaknuma MMTS,47174
37.0,75.0,29.6,0,23,62.16216216216216,7,0,SCR,0,0,0,0,0,0,0,Superfast,Lingampalli Falaknuma MMTS,47175
37.0,75.0,29.6,0,22,59.45945945945946,8,0,SCR,0,0,0,0,0,0,0,Superfast,Lingampalli Falaknuma MMTS,47176
37.0,85.0,26.11764705882353,0,23,62.16216216216216,9,0,SCR,0,0,0,0,0,0,0,Superfast,Lingampalli Falaknuma MMTS,47177
37.0,75.0,29.6,0,23,62.16216216216216,9,0,SCR,0,0,0,0,0,0,0,Superfast,Lingampalli Falaknuma MMTS,47178
40.0,80.0,30.0,0,23,57.5,10,0,SCR,0,0,0,0,0,0,0,Superfast,Lingampalli Falaknuma MMTS,47179
37.0,75.0,29.6,0,23,62.16216216216216,12,0,SCR,0,0,0,0,0,0,0,Superfast,Lingampalli Falaknuma MMTS,47180
37.0,75.0,29.6,0,23,62.16216216216216,12,0,SCR,0,0,0,0,0,0,0,Superfast,Lingampalli Falaknuma MMTS,47181
37.0,75.0,29.6,0,23,62.16216216216216,13,0,SCR,0,0,0,0,0,0,0,Superfast,Lingampalli Falaknuma MMTS,47182
37.0,75.0,29.6,0,23,62.16216216216216,14,0,SCR,0,0,0,0,0,0,0,Superfast,Lingampalli Falaknuma MMTS,47183
37.0,70.0,31.71428571428571,0,23,62.16216216216216,14,0,SCR,0,0,0,0,0,0,0,Superfast,Lingampalli Falaknuma MMTS,47184
37.0,80.0,27.75,0,23,62.16216216216216,15,0,SCR,0,0,0,0,0,0,0,Superfast,Lingampalli Falaknuma MMTS,47185
37.0,80.0,27.75,0,23,62.16216216216216,17,0,SCR,0,0,0,0,0,0,0,Superfast,Lingampalli Falaknuma MMTS,47187
37.0,75.0,29.6,0,23,62.16216216216216,17,0,SCR,0,0,0,0,0,0,0,Superfast,Lingampalli Falaknuma Matrabhoomi Ladies MMTS,47188
37.0,70.0,31.71428571428571,0,23,62.16216216216216,11,0,SCR,0,0,0,0,0,0,0,Superfast,Lingampalli Falaknuma MMTS,47189
37.0,75.0,29.6,0,23,62.16216216216216,18,0,SCR,0,0,0,0,0,0,0,Superfast,Lingampalli-Falaknuma Matrubhoomi Ladies Spl MMTS,47190
37.0,80.0,27.75,0,23,62.16216216216216,19,0,SCR,0,0,0,0,0,0,0,Superfast,Lingampalli Falaknuma MMTS,47191
37.0,70.0,31.71428571428571,0,23,62.16216216216216,20,0,SCR,0,0,0,0,0,0,0,Superfast,Lingampalli Falaknuma MMTS,47192
23.0,45.0,30.666666666666668,0,13,56.52173913043478,22,1,SCR,0,0,0,0,0,0,0,Superfast,Lingampalli Secunderabad MMTS,47195
8.0,25.0,19.2,0,8,100.0,5,0,SCR,0,0,0,0,0,0,0,Superfast,Secunderabad Hyderabad MMTS,47196
22.0,60.0,22.0,0,18,81.81818181818181,8,0,SCR,0,0,0,0,0,0,0,Superfast,Falaknuma Hyderabad MMTS,47197
37.0,80.0,27.75,0,23,62.16216216216216,11,0,SCR,0,0,0,0,0,0,0,Superfast,Falaknuma Secunderabad MMTS,47198
22.0,65.0,20.30769230769231,0,18,81.81818181818181,13,0,SCR,0,0,0,0,0,0,0,Superfast,Falaknuma Hyderabad MMTS,47199
22.0,75.0,17.6,0,18,81.81818181818181,14,0,SCR,0,0,0,0,0,0,0,Superfast,Falaknuma Hyderabad MMTS,47200
22.0,65.0,20.30769230769231,0,18,81.81818181818181,16,0,SCR,0,0,0,0,0,0,0,Superfast,Falaknuma Hyderabad MMTS,47201
22.0,60.0,22.0,0,18,81.81818181818181,20,0,SCR,0,0,0,0,0,0,0,Superfast,Falaknuma Hyderabad MMTS,47202
37.0,75.0,29.6,0,23,62.16216216216216,20,0,SCR,0,0,0,0,0,0,0,Superfast,Falaknuma Lingampalli MMTS,47203
14.0,30.0,28.0,0,11,78.57142857142857,22,1,SCR,1,0,0,0,0,0,0,Superfast,Falaknuma Secunderabad MMTS,47204
22.0,75.0,17.6,0,18,81.81818181818181,5,0,SCR,0,0,0,0,0,0,0,Superfast,HYB Falaknuma Local,47206
22.0,70.0,18.857142857142858,0,18,81.81818181818181,9,0,SCR,0,0,0,0,0,0,0,Superfast,Hyderabad Falaknuma MMTS,47208
22.0,65.0,20.30769230769231,0,18,81.81818181818181,12,0,SCR,0,0,0,0,0,0,0,Superfast,Hyderabad Falaknuma MMTS,47209
37.0,80.0,27.75,0,23,62.16216216216216,8,0,SCR,1,0,0,0,0,0,0,Superfast,Falaknuma - Lingampalli Mathrubhoomi (LAdies Spl),47211
37.0,75.0,29.6,0,23,62.16216216216216,11,0,SCR,1,0,0,0,0,0,0,Superfast,Falaknuma - Lingampalli MMTS,47214
37.0,85.0,26.11764705882353,0,23,62.16216216216216,14,0,SCR,1,0,0,0,0,0,0,Superfast,Falaknuma - Lingampalli MMTS,47216
37.0,75.0,29.6,0,23,62.16216216216216,17,0,SCR,1,0,0,0,0,0,0,Superfast,Falaknuma - Lingampalli MMTS,47218
37.0,75.0,29.6,0,23,62.16216216216216,21,0,SCR,1,0,0,0,0,0,0,Superfast,Falaknuma - Lingampalli MMTS,47220
422.0,530.0,47.77358490566037,0,48,11.374407582938389,5,0,KR,1,0,0,0,0,0,0,Passenger,Ratnagiri Dadar Passenger,50104
118.0,165.0,42.90909090909091,0,19,16.10169491525424,19,0,NR,1,0,0,0,0,0,0,Passenger,Hapur Moradabad Passenger,54306
535.0,955.0,33.61256544502618,2,87,16.261682242990656,20,0,SWR,1,0,0,0,1,0,1,Passenger,TIRUPATI - CHAMARAJANAGAR Fast Passenger,56214
1001.0,900.0,66.73333333333333,4,142,14.185814185814186,17,0,ER,1,1,1,1,1,0,0,Superfast,Sampoorna Kranti Express,12393
536.0,670.0,48.0,3,92,17.16417910447761,11,0,ECR,1,0,1,1,1,0,0,Express,Howrah-Darbhanga Express,15235
575.0,805.0,42.85714285714286,1,73,12.695652173913043,14,0,SER,1,0,0,0,1,0,0,Express,Varanasi-Ranchi Express,18612
280.0,325.0,51.692307692307686,0,37,13.214285714285715,6,0,WR,0,0,0,0,0,0,0,Express,InterCity Express,19303
37.0,90.0,24.666666666666668,0,23,62.16216216216216,20,0,SCR,0,0,0,0,0,0,0,Superfast,Lingampalli Falaknuma MMTS,47193
37.0,80.0,27.75,0,23,62.16216216216216,21,0,SCR,0,0,0,0,0,0,0,Superfast,Lingampalli Falaknuma MMTS,47194
37.0,75.0,29.6,0,23,62.16216216216216,17,0,SCR,1,0,0,0,0,0,0,Superfast,Lingampalli Falaknuma MMTS,47210
37.0,75.0,29.6,0,23,62.16216216216216,10,0,SCR,1,0,0,0,0,0,0,Superfast,Lingampalli Falaknuma MMTS,47212
37.0,80.0,27.75,0,23,62.16216216216216,6,0,SCR,1,0,0,0,0,0,0,Superfast,Lingampalli Falaknuma MMTS,47213
37.0,80.0,27.75,0,23,62.16216216216216,13,0,SCR,1,0,0,0,0,0,0,Superfast,Lingampalli Falaknuma MMTS,47215
37.0,75.0,29.6,0,23,62.16216216216216,16,0,SCR,1,0,0,0,0,0,0,Superfast,Lingampalli Falaknuma MMTS,47217
37.0,75.0,29.6,0,23,62.16216216216216,19,0,SCR,1,0,0,0,0,0,0,Superfast,Lingampalli Falaknuma MMTS,47219
110.0,135.0,48.888888888888886,0,9,8.181818181818182,17,0,KR,1,0,0,0,0,0,0,Passenger,Sawantwadi Madgaon Passenger,50107
110.0,125.0,52.8,0,9,8.181818181818182,6,0,KR,1,0,0,0,0,0,0,Passenger,Madgaon Sawantwadi Passenger,50108
429.0,645.0,39.906976744186046,1,82,19.114219114219114,22,1,CR,1,0,0,0,1,0,0,Passenger,MumbaiCST-Pandharpur Fast Passenger,51027
429.0,615.0,41.853658536585364,1,82,19.114219114219114,17,0,CR,1,0,0,0,1,0,0,Passenger,Pandharpur-Mumbai Fast Passenger,51028
565.0,835.0,40.59880239520958,1,101,17.876106194690266,22,1,CR,1,0,0,0,1,0,0,Passenger,Bijapur Fast Passenger,51029
564.0,790.0,42.835443037974684,1,101,17.907801418439718,15,0,CR,1,0,0,0,1,0,0,Passenger,Bijapur Mumbai Fast Passenger,51030
455.0,720.0,37.916666666666664,2,83,18.24175824175824,22,1,CR,1,0,0,1,1,0,0,Passenger,Mumbai Sainagar Shirdi Fast Pass(Via Daund),51033
455.0,690.0,39.56521739130435,2,83,18.24175824175824,16,0,CR,1,0,0,1,1,0,0,Passenger,Sainagar Shirdi-Mumbai Fast Passenger(Via Daund),51034
375.0,520.0,43.269230769230774,2,60,16.0,19,0,CR,0,0,0,1,1,0,0,Passenger,Dhule Dadar Passenger Composite,51116
326.0,530.0,36.90566037735849,0,38,11.656441717791411,10,0,CR,1,0,0,0,0,0,0,Passenger,Katni Chopan Mix Passenger,51117
326.0,570.0,34.31578947368421,0,37,11.349693251533743,7,0,CR,1,0,0,0,0,0,0,Passenger,Chopan Katni Passenger,51118
6.0,15.0,24.0,0,2,33.333333333333336,1,1,CR,1,0,0,0,0,0,0,Passenger,Badnera Amravati Passenger,51135
6.0,15.0,24.0,0,2,33.333333333333336,2,1,CR,1,0,0,0,0,0,0,Passenger,Amravati Badnera Passenger,51136
9.0,15.0,36.0,0,2,22.22222222222222,3,1,CR,1,0,0,0,0,0,0,Passenger,Badnera Amravati Passenger,51137
6.0,15.0,24.0,0,2,33.333333333333336,4,1,CR,1,0,0,0,0,0,0,Passenger,Amravati Badnera Passenger,51138
6.0,15.0,24.0,0,2,33.333333333333336,6,0,CR,1,0,0,0,0,0,0,Passenger,Badnera Amravati Passenger,51139
6.0,15.0,24.0,0,2,33.333333333333336,7,0,CR,1,0,0,0,0,0,0,Passenger,Amravati Badnera Passenger,51140
6.0,15.0,24.0,0,2,33.333333333333336,11,0,CR,1,0,0,0,0,0,0,Passenger,Badnera Amravati Passenger,51141
6.0,15.0,24.0,0,2,33.333333333333336,11,0,CR,1,0,0,0,0,0,0,Passenger,Amravati Badnera Passenger,51142
6.0,15.0,24.0,0,2,33.333333333333336,18,0,CR,1,0,0,0,0,0,0,Passenger,Badnera Amravati Mix Passenger,51145
6.0,15.0,24.0,0,2,33.333333333333336,18,0,CR,1,0,0,0,0,0,0,Passenger,Amravati Badnera Passenger,51146
6.0,15.0,24.0,0,2,33.333333333333336,19,0,CR,1,0,0,0,0,0,0,Passenger,Badnera Amravati Passenger,51147
6.0,15.0,24.0,0,2,33.333333333333336,20,0,CR,1,0,0,0,0,0,0,Passenger,Amravati Badnera Passenger,51148
6.0,15.0,24.0,0,2,33.333333333333336,22,1,CR,1,0,0,0,0,0,0,Passenger,Badnera Amravati Passenger,51149
6.0,15.0,24.0,0,2,33.333333333333336,23,1,CR,1,0,0,0,0,0,0,Passenger,Amravati Badnera Passenger,51150
262.0,330.0,47.63636363636363,0,32,12.213740458015266,4,1,CR,1,0,0,0,0,0,0,Passenger,Devlali Bhusaval Passenger,51181
262.0,345.0,45.56521739130435,0,32,12.213740458015266,17,0,CR,1,0,0,0,0,0,0,Passenger,Bhusaval Devlali Passenger,51182
657.0,1075.0,36.669767441860465,1,82,12.480974124809741,9,0,CR,1,0,0,0,1,0,0,Passenger,BHUSAVAL - KATNI Passenger,51187
657.0,1120.0,35.19642857142857,0,81,12.32876712328767,22,1,CR,1,0,0,0,0,0,0,Passenger,KATNI - BHUSAVAL Passenger,51188
611.0,1230.0,29.804878048780488,0,72,11.783960720130933,19,0,CR,1,0,0,0,0,0,0,Passenger,ALLAHABAD - ITARSI Passenger,51190
314.0,425.0,44.32941176470588,0,34,10.828025477707007,14,0,CR,1,0,0,0,0,0,0,Passenger,Bhusaval Wardha Passenger,51197
314.0,540.0,34.888888888888886,0,34,10.828025477707007,23,1,CR,1,0,0,0,0,0,0,Passenger,Wardha Bhusaval Passenger,51198
194.0,335.0,34.74626865671642,0,31,15.97938144329897,3,1,NR,1,0,0,0,0,0,0,Passenger,Saharanpur Moradabad Passenger,54316
142.0,310.0,27.483870967741932,0,24,16.901408450704228,4,1,NR,1,0,0,0,0,0,0,Passenger,ALIGARH -  MORADABAD PASSENGER,54391
161.0,315.0,30.666666666666668,0,23,14.285714285714285,4,1,NR,1,0,0,0,0,0,0,Passenger,NAJIBABAD - MORADABAD PASSENGER,54396
2176.0,1695.0,77.02654867256638,3,270,12.408088235294116,16,0,NR,1,1,1,1,0,0,0,Premium,Delhi H.Nizamuddin-Chennai Central Rajdhani Expres,12434
613.0,660.0,55.72727272727273,0,46,7.504078303425775,6,0,KR,1,0,0,0,0,0,0,Passenger,Diva Sawantwadi Passenger,50105
442.0,750.0,35.36,0,72,16.289592760180994,5,0,CR,1,0,0,0,0,0,0,Passenger,Mumbai Bhusaval Passenger,51153
442.0,790.0,33.56962025316456,0,72,16.289592760180994,7,0,CR,1,0,0,0,0,0,0,Passenger,Bhusaval Mumbai Passenger,51154
322.0,565.0,34.19469026548673,0,39,12.111801242236025,20,0,CR,1,0,0,0,0,0,0,Passenger,Bhusaval Itarsi Passenger,51157
225.0,360.0,37.5,0,25,11.11111111111111,6,0,WCR,1,0,0,0,0,0,0,Passenger,Bhusaval Amravati Passenger,51183
132.0,195.0,40.61538461538461,0,16,12.121212121212121,7,0,CR,0,0,0,0,0,0,0,Passenger,Wardha Balharshah Passenger,51195
115.0,190.0,36.31578947368421,0,15,13.043478260869566,17,0,WCR,1,0,0,0,0,0,0,Passenger,Chhindwara Amla Passenger,51254
47.0,90.0,31.333333333333332,0,7,14.893617021276597,14,0,WCR,1,0,0,0,0,0,0,Passenger,Junnor Deo Chhindwara Passenger,51255
47.0,90.0,31.333333333333332,0,7,14.893617021276597,12,0,WCR,1,0,0,0,0,0,0,Passenger,Chhindwara Junnor Deo Passenger,51256
78.0,127.0,36.8503937007874,0,12,15.384615384615383,18,0,WCR,1,0,0,0,0,0,0,Passenger,Wardha Nagpur Passenger,51259
78.0,95.0,49.26315789473684,0,12,15.384615384615383,8,0,WCR,1,0,0,0,0,0,0,Passenger,Nagpur Wardha Passenger,51260
101.0,310.0,19.548387096774192,0,12,11.881188118811881,9,0,WCR,1,0,0,0,0,0,0,Passenger,Wardha Amravati Passenger,51262
392.0,605.0,38.87603305785124,0,45,11.479591836734695,4,1,WCR,1,0,0,0,0,0,0,Passenger,Nagpur Bhusaval Passenger,51286
168.0,260.0,38.769230769230774,0,20,11.904761904761905,18,0,CR,1,0,0,0,0,0,0,Passenger,Nagpur Amla Passenger,51293
168.0,285.0,35.36842105263158,0,20,11.904761904761905,4,1,CR,1,0,0,0,0,0,0,Passenger,Amla Nagpur Passenger,51294
44.0,80.0,33.0,0,6,13.636363636363637,5,0,CR,0,0,0,0,0,0,0,Passenger,Daund Baramati Shuttle,51323
76.0,110.0,41.45454545454545,0,12,15.789473684210526,9,0,CR,0,0,0,0,0,0,0,Passenger,Pune-Daund Shuttle,51325
44.0,80.0,33.0,0,6,13.636363636363637,14,0,CR,0,0,0,0,0,0,0,Passenger,Daund -Baramati Shuttle.,51327
43.0,80.0,32.25,0,6,13.953488372093023,22,1,CR,0,0,0,0,0,0,0,Passenger,Baramati Daund Passenger,51348
76.0,105.0,43.42857142857143,0,12,15.789473684210526,7,0,CR,0,0,0,0,0,0,0,Passenger,Daund-Pune Fast Shuttle,51350
76.0,108.0,42.22222222222222,0,12,15.789473684210526,20,0,CR,0,0,0,0,0,0,0,Passenger,Pune -Daund Shuttle.,51353
313.0,560.0,33.535714285714285,1,35,11.182108626198083,0,1,CR,1,0,0,0,1,0,0,Passenger,Pune Manmad Passenger(Via Daund),51401
313.0,580.0,32.37931034482759,1,35,11.182108626198083,21,0,CR,1,0,0,0,1,0,0,Passenger,Manmad-Pune Passenger(Via Daund),51402
213.0,350.0,36.51428571428572,0,24,11.267605633802818,17,0,CR,1,0,0,0,0,0,0,Passenger,Miraj- Castle Rock Passenger,51405
213.0,340.0,37.588235294117645,0,24,11.267605633802818,5,0,CR,1,0,0,0,0,0,0,Passenger,Castle Rock Miraj Passenge,51406
47.0,75.0,37.6,0,7,14.893617021276597,16,0,CR,1,0,0,0,0,0,0,Passenger,Miraj-Kolhapur Passenger,51407
47.0,85.0,33.17647058823529,0,7,14.893617021276597,21,0,CR,1,0,0,0,0,0,0,Passenger,Kolhapur Miraj Passenger,51408
229.0,375.0,36.64,0,29,12.663755458515285,14,0,CR,0,0,0,0,0,0,0,Passenger,Bellary-Dharwar Passenger,51411
208.0,355.0,35.154929577464785,0,25,12.019230769230768,8,0,CR,0,0,0,0,0,0,0,Passenger,Hubli Bellary Passenger,51412
91.0,170.0,32.11764705882353,0,20,21.978021978021978,15,0,CR,1,0,0,0,0,0,0,Passenger,Karjat Pune Passenger,51417
91.0,190.0,28.736842105263158,0,20,21.978021978021978,10,0,CR,1,0,0,0,0,0,0,Passenger,Pune Karjat Passenger,51418
280.0,450.0,37.333333333333336,0,34,12.142857142857144,7,0,CR,1,0,0,0,0,0,0,Passenger,Miraj Hubli Passenger,51419
280.0,435.0,38.62068965517241,0,34,12.142857142857144,12,0,CR,1,0,0,0,0,0,0,Passenger,Hubli Miraj Passenger,51420
123.0,145.0,50.896551724137936,0,14,11.382113821138212,18,0,CR,1,0,0,0,0,0,0,Passenger,Igatpuri Manmad Shuttle,51423
123.0,190.0,38.8421052631579,0,14,11.382113821138212,14,0,CR,1,0,0,0,0,0,0,Passenger,Manmad Igatpuri Shuttle,51424
438.0,670.0,39.223880597014926,0,50,11.415525114155251,7,0,CR,1,0,0,0,0,0,0,Passenger,ParliVaijnath-Miraj Passenger,51425
438.0,570.0,46.10526315789474,0,50,11.415525114155251,20,0,CR,1,0,0,0,0,0,0,Passenger,Miraj-Parli Vaijnath Passenger,51426
47.0,80.0,35.25,0,7,14.893617021276597,13,0,CR,1,0,0,0,0,0,0,Passenger,Miraj C Shahu Maharaj Passenger,51427
47.0,75.0,37.6,0,7,14.893617021276597,10,0,CR,1,0,0,0,0,0,0,Passenger,C Shahu Maharaj Miraj Passenger,51428
54.0,105.0,30.857142857142858,0,9,16.666666666666664,20,0,CR,1,0,0,0,0,0,0,Passenger,Sangli-Kolhapur Passenger,51429
54.0,100.0,32.4,0,9,16.666666666666664,18,0,CR,1,0,0,0,0,0,0,Passenger,C Shahu Maharaj Sangli Passenger,51430
189.0,315.0,36.0,0,22,11.640211640211641,6,0,CR,1,0,0,0,0,0,0,Passenger,Miraj -Londa Passenger,51431
189.0,275.0,41.23636363636364,0,22,11.640211640211641,11,0,CR,1,0,0,0,0,0,0,Passenger,Londa-Miraj Passenger,51432
54.0,145.0,22.344827586206897,0,10,18.51851851851852,13,0,NR,1,0,0,0,0,0,0,Passenger,Gajraula Moradabad Passenger,54394
45.0,165.0,16.363636363636363,0,8,17.77777777777778,15,0,NR,1,0,0,0,0,0,0,Passenger,Moradabad Sambahal Hatim Sarai Pass,54397
116.0,290.0,24.0,0,14,12.06896551724138,7,0,NER,1,0,0,0,0,0,0,Passenger,KGM-MB PASS.,55302
131.0,380.0,20.68421052631579,0,18,13.740458015267174,16,0,NER,1,0,0,0,0,0,0,Passenger,KATHGODAM - MORADABAD Pass,55304
1206.0,1305.0,55.44827586206897,4,175,14.51077943615257,14,0,ER,1,1,1,1,1,0,0,Superfast,Vikramshila Express,12368
225.0,360.0,37.5,0,25,11.11111111111111,13,0,WCR,1,0,0,0,0,0,0,Passenger,Amravati Bhusaval Passenger,51284
119.0,190.0,37.578947368421055,0,16,13.445378151260504,7,0,CR,0,0,0,0,0,0,0,Passenger,Baramati-Daund- Pune Passenger,51324
120.0,200.0,36.0,0,16,13.333333333333334,16,0,CR,0,0,0,0,0,0,0,Passenger,Baramati-Daund- Pune Shutte,51326
318.0,615.0,31.024390243902438,0,41,12.893081761006288,9,0,CR,1,0,0,0,0,0,0,Passenger,Pune -Shree Chatrapati Shahu M(T) Kolhapur Pass,51409
318.0,700.0,27.25714285714286,0,41,12.893081761006288,4,1,CR,1,0,0,0,0,0,0,Passenger,Shree Chatrapati Shahu M(T) Kolhapur- Pune Passenger,51410
771.0,1195.0,38.71129707112971,0,83,10.765239948119326,14,0,CR,1,0,0,0,0,0,0,Passenger,Pune-Nizamabad Pass,51421
759.0,1275.0,35.71764705882353,0,83,10.935441370223979,23,1,CR,1,0,0,0,0,0,0,Passenger,Nizamabad Pune Passenger,51422
533.0,950.0,33.66315789473684,0,63,11.819887429643527,13,0,CR,1,0,0,0,0,0,0,Passenger,Nizamabad Pandharpur Passenger,51433
533.0,1025.0,31.200000000000003,0,63,11.819887429643527,6,0,CR,1,0,0,0,0,0,0,Passenger,Pandharpur Nizamabad Passenger,51434
181.0,270.0,40.22222222222222,0,23,12.707182320441989,5,0,CR,1,0,0,0,0,0,0,Passenger,Satara C Shahu Maharaj Passenger,51441
181.0,300.0,36.2,0,23,12.707182320441989,16,0,CR,1,0,0,0,0,0,0,Passenger,C Shahu Maharaj Pune Passenger,51442
137.0,160.0,51.375,1,16,11.678832116788321,21,0,CR,1,0,0,0,1,0,0,Passenger,Pandharpur Miraj Passenger,51445
137.0,160.0,51.375,0,16,11.678832116788321,18,0,CR,1,0,0,0,0,0,0,Passenger,Miraj Pandharpur Passenger,51446
263.0,445.0,35.460674157303366,0,33,12.547528517110267,8,0,CR,1,0,0,0,0,0,0,Passenger,Pune Solapur Passenger,51449
264.0,435.0,36.41379310344828,1,33,12.5,23,1,CR,1,0,0,0,1,0,0,Passenger,Solapur Pune Passenger,51450
264.0,510.0,31.058823529411764,1,33,12.5,22,1,CR,1,0,0,0,1,0,0,Passenger,Pune Solapur Passenger,51455
263.0,415.0,38.024096385542165,0,33,12.547528517110267,12,0,CR,1,0,0,0,0,0,0,Passenger,Sholapur Pune Passenger,51456
21.0,45.0,28.0,0,5,23.80952380952381,21,0,CR,0,0,0,0,0,0,0,Passenger,Dharwad hubli Passenger,51458
137.0,205.0,40.09756097560976,0,17,12.40875912408759,9,0,CR,1,0,0,0,0,0,0,Passenger,Miraj Belgaum Passenger,51461
137.0,175.0,46.971428571428575,0,17,12.40875912408759,6,0,CR,1,0,0,0,0,0,0,Passenger,Belgaum Miraj Passenger,51462
137.0,210.0,39.142857142857146,0,17,12.40875912408759,19,0,CR,1,0,0,0,0,0,0,Passenger,Miraj Belgaum Passenger,51463
137.0,210.0,39.142857142857146,0,17,12.40875912408759,14,0,CR,1,0,0,0,0,0,0,Passenger,Belgaum Miraj Passenger,51464
263.0,470.0,33.57446808510638,0,29,11.02661596958175,5,0,CR,1,0,0,0,0,0,0,Passenger,Bina Katni Passenger,51601
263.0,505.0,31.24752475247525,0,29,11.02661596958175,22,1,CR,1,0,0,0,0,0,0,Passenger,Katni Bina Passenger,51602
254.0,481.0,31.68399168399168,0,30,11.811023622047244,16,0,CR,1,0,0,0,0,0,0,Passenger,Katni Chirmiri Passenger,51605
118.0,185.0,38.27027027027027,0,14,11.864406779661017,7,0,CR,1,0,0,0,0,0,0,Passenger,Bina Guna Passenger,51607
118.0,205.0,34.53658536585366,0,14,11.864406779661017,10,0,WCR,1,0,0,0,0,0,0,Passenger,Guna Bina Passenger,51608
118.0,180.0,39.333333333333336,0,11,9.322033898305085,15,0,WCR,1,0,0,0,0,0,0,Passenger,Bina Guna Passenger,51609
118.0,180.0,39.333333333333336,0,14,11.864406779661017,18,0,CR,1,0,0,0,0,0,0,Passenger,Guna Bina Passenger,51610
303.0,555.0,32.75675675675676,0,38,12.541254125412543,8,0,WCR,1,0,0,0,0,0,0,Passenger,KOTA - BINA Passenger,51611
303.0,515.0,35.300970873786405,0,35,11.551155115511552,10,0,CR,1,0,0,0,0,0,0,Passenger,BINA - KOTA Passenger,51612
455.0,810.0,33.7037037037037,0,70,15.384615384615385,17,0,WCR,1,0,0,0,0,0,0,Passenger,KATNI - KOTA Passenger,51614
138.0,245.0,33.79591836734694,0,18,13.043478260869566,17,0,WCR,1,0,0,0,0,0,0,Passenger,Bina Bhopal Passenger,51632
434.0,585.0,44.51282051282051,0,47,10.829493087557603,13,0,CR,1,0,0,0,0,0,0,Passenger,SATNA - ITARSI Passenger,51674
326.0,560.0,34.92857142857142,0,36,11.042944785276074,20,0,CR,1,0,0,0,0,0,0,Passenger,Katni Chopan Fast Passenger,51675
326.0,527.0,37.1157495256167,0,36,11.042944785276074,23,1,CR,1,0,0,0,0,0,0,Passenger,Chopan Katni Passenger,51676
83.0,140.0,35.57142857142857,0,12,14.457831325301205,10,0,CR,1,0,0,0,0,0,0,Passenger,Chopan Shaktinagar Passenger,51677
83.0,160.0,31.125,0,12,14.457831325301205,13,0,CR,1,0,0,0,0,0,0,Passenger,Shaktinagar Chopan Passenger,51678
33.0,55.0,36.0,0,5,15.15151515151515,8,0,CR,1,0,0,0,0,0,0,Passenger,Khandwa Bir Shuttle,51683
33.0,50.0,39.6,0,5,15.15151515151515,6,0,CR,1,0,0,0,0,0,0,Passenger,Bir Khandwa Shuttle,51684
33.0,50.0,39.6,0,5,15.15151515151515,13,0,CR,1,0,0,0,0,0,0,Passenger,Khandwa Bir Shuttle,51685
33.0,45.0,44.0,0,5,15.15151515151515,10,0,CR,1,0,0,0,0,0,0,Passenger,Bir Khandwa Shuttle,51686
33.0,50.0,39.6,0,5,15.15151515151515,18,0,CR,1,0,0,0,0,0,0,Passenger,Khandwa Bir Shuttle,51687
33.0,55.0,36.0,0,5,15.15151515151515,15,0,CR,1,0,0,0,0,0,0,Passenger,Bir Khandwa Shuttle,51688
33.0,45.0,44.0,0,5,15.15151515151515,20,0,CR,1,0,0,0,0,0,0,Passenger,Khandwa Bir Shuttle,51689
238.0,340.0,42.0,0,27,11.344537815126051,7,0,WCR,1,0,0,0,0,0,0,Passenger,JABALPUR - REWA Passenger,51701
53.0,205.0,15.51219512195122,0,12,22.641509433962263,5,0,ER,1,0,0,0,0,0,0,Passenger,Bhagalpur Banka Passenger,53450
137.0,275.0,29.890909090909094,0,19,13.86861313868613,17,0,CR,1,0,0,0,0,0,0,Passenger,Pune Satara Passenger,51435
137.0,280.0,29.357142857142854,0,19,13.86861313868613,4,1,CR,1,0,0,0,0,0,0,Passenger,Satara Pune Passenger,51436
120.0,190.0,37.89473684210527,0,17,14.166666666666668,7,0,CR,1,0,0,0,0,0,0,Passenger,Pune-Daund- Baramati Passenger,51451
120.0,195.0,36.92307692307692,0,17,14.166666666666668,10,0,CR,1,0,0,0,0,0,0,Passenger,Baramati-Daund-Pune Passenger,51452
188.0,280.0,40.285714285714285,0,22,11.702127659574469,16,0,CR,0,0,0,0,0,0,0,Passenger,Sagar Katni Passenger,51603
33.0,45.0,44.0,0,5,15.15151515151515,19,0,CR,1,0,0,0,0,0,0,Passenger,Bir Khandwa Shuttle,51690
466.0,795.0,35.16981132075472,1,49,10.515021459227468,21,0,WCR,1,0,0,0,1,0,0,Passenger,Rewa Bilaspur Fast Passenger,51751
466.0,775.0,36.07741935483871,1,48,10.300429184549357,17,0,WCR,1,0,0,0,1,0,0,Passenger,Bilaspur Rewa Fast Passenger,51752
401.0,745.0,32.29530201342282,1,41,10.224438902743143,21,0,WCR,1,0,0,0,1,0,0,Passenger,Rewa Chirmiri Fast Passenger,51753
401.0,945.0,25.46031746031746,1,40,9.975062344139651,14,0,SECR,1,0,0,0,1,0,0,Passenger,Chirmiri Rewa Fast Passenger,51754
22.0,60.0,22.0,0,3,13.636363636363637,10,0,Unknown,1,0,0,0,0,0,0,Passenger,Chirmiri Manendragarh Passenger,51755
22.0,60.0,22.0,0,3,13.636363636363637,13,0,Unknown,1,0,0,0,0,0,0,Passenger,Manendragarh Chirmiri Passenger,51756
77.0,125.0,36.96,0,12,15.584415584415584,6,0,WCR,1,0,0,0,0,0,0,Passenger,Satna Manikpur Passenger,51763
77.0,115.0,40.17391304347826,0,12,15.584415584415584,8,0,WCR,1,0,0,0,0,0,0,Passenger,Manikpur Satna Passenger,51764
77.0,140.0,33.0,0,12,15.584415584415584,16,0,WCR,1,0,0,0,0,0,0,Passenger,Satna Manikpur Passenger,51765
77.0,125.0,36.96,0,12,15.584415584415584,19,0,WCR,1,0,0,0,0,0,0,Passenger,Manikpur Satna Passenger,51766
99.0,110.0,54.0,0,10,10.1010101010101,14,0,WCR,1,0,0,0,0,0,0,Passenger,Katni Satna Passenger,51767
99.0,140.0,42.42857142857142,0,10,10.1010101010101,11,0,WCR,1,0,0,0,0,0,0,Passenger,Satna Katni Passenger,51768
79.0,145.0,32.689655172413794,0,16,20.253164556962023,6,0,NCR,1,0,0,0,0,0,0,Passenger,Gwalior Bhind Passenger,51777
79.0,150.0,31.6,0,16,20.253164556962023,9,0,NCR,1,0,0,0,0,0,0,Passenger,Bhind Gwalior Passenger,51778
79.0,145.0,32.689655172413794,0,16,20.253164556962023,14,0,NCR,1,0,0,0,0,0,0,Passenger,Gwalior Bhind Passenger,51779
79.0,155.0,30.58064516129032,0,16,20.253164556962023,15,0,NCR,1,0,0,0,0,0,0,Passenger,Bhind Gwalior Passenger,51780
199.0,305.0,39.14754098360656,0,23,11.557788944723619,5,0,NCR,1,0,0,0,0,0,0,Passenger,Mahoba Kanpur Pass,51801
191.0,305.0,37.57377049180328,0,23,12.041884816753928,16,0,NCR,1,0,0,0,0,0,0,Passenger,Kanpur Mahoba Passenger,51802
53.0,65.0,48.92307692307693,0,6,11.320754716981131,22,1,NCR,1,0,0,0,0,0,0,Passenger,Mahoba Banda Passenger,51803
53.0,65.0,48.92307692307693,0,6,11.320754716981131,4,1,NCR,1,0,0,0,0,0,0,Passenger,Banda Mahoba Passenger,51804
191.0,255.0,44.94117647058823,0,19,9.947643979057592,17,0,NCR,1,0,0,0,0,0,0,Passenger,Jhansi Banda Passenger,51805
191.0,280.0,40.92857142857142,0,19,9.947643979057592,5,0,NCR,1,0,0,0,0,0,0,Passenger,Banda Jhansi Passenger,51806
99.0,150.0,39.6,0,11,11.11111111111111,22,1,NCR,1,0,0,0,0,0,0,Passenger,Banda Manikpur Passenger,51807
99.0,170.0,34.94117647058823,0,11,11.11111111111111,1,1,NCR,1,0,0,0,0,0,0,Passenger,Manikpur Banda Passenger,51808
232.0,365.0,38.136986301369866,0,29,12.5,14,0,NCR,1,0,0,0,0,0,0,Passenger,Kanpur Tundla Passenger,51809
232.0,430.0,32.372093023255815,0,29,12.5,6,0,NCR,1,0,0,0,0,0,0,Passenger,Tundla Kanpur Passenger,51810
153.0,235.0,39.06382978723404,0,19,12.418300653594772,15,0,NCR,1,0,0,0,0,0,0,Passenger,Bina Jhansi Passenger,51811
153.0,240.0,38.25,0,19,12.418300653594772,7,0,NCR,1,0,0,0,0,0,0,Passenger,Jhansi Bina Passenger,51812
294.0,510.0,34.588235294117645,0,39,13.26530612244898,2,1,NCR,1,0,0,0,0,0,0,Passenger,Jhansi Lucknow Passenger,51813
294.0,465.0,37.935483870967744,0,39,13.26530612244898,16,0,NCR,1,0,0,0,0,0,0,Passenger,Lucknow-Jhansi Passenger,51814
216.0,305.0,42.49180327868853,0,24,11.11111111111111,7,0,NCR,1,0,0,0,0,0,0,Passenger,Jhansi Agra Passenger,51815
150.0,225.0,40.0,0,23,15.333333333333334,6,0,NCR,1,0,0,0,0,0,0,Passenger,BANDIKUI AGRA PASS,51818
390.0,695.0,33.669064748201436,0,41,10.512820512820513,7,0,NCR,1,0,0,0,0,0,0,Passenger,Jhansi Allahabad Passenger,51819
201.0,285.0,42.31578947368421,0,20,9.950248756218906,7,0,NCR,1,0,0,0,0,0,0,Passenger,JHANSI - KHUJURAHO Passenger,51821
201.0,340.0,35.470588235294116,0,20,9.950248756218906,12,0,NCR,1,0,0,0,0,0,0,Passenger,KHUJURAHO - JHANSI Passenger,51822
383.0,1030.0,22.310679611650485,0,45,11.74934725848564,18,0,NCR,1,0,0,0,0,0,0,Passenger,Jhansi Itarsi Passenger,51828
320.0,585.0,32.82051282051282,0,33,10.3125,8,0,CR,1,0,0,0,0,0,0,Passenger,Nagpur Itarsi Passenger,51829
298.0,515.0,34.71844660194174,0,32,10.738255033557047,12,0,CR,1,0,0,0,0,0,0,Passenger,Itarsi Nagpur Passenger,51830
216.0,315.0,41.142857142857146,0,24,11.11111111111111,18,0,NCR,1,0,0,0,0,0,0,Passenger,Jhansi Agra Passenger,51831
216.0,305.0,42.49180327868853,0,24,11.11111111111111,6,0,NCR,1,0,0,0,0,0,0,Passenger,Agra Jhansi Passenger,51832
13.0,35.0,22.285714285714285,0,2,15.384615384615383,5,0,NCR,1,0,0,0,0,0,0,Passenger,Ait Konch Passenger,51861
77.0,145.0,31.862068965517242,0,14,18.18181818181818,7,0,NER,1,0,0,0,0,0,0,Passenger,RAMNAGAR - MORADABAD Fast Passenger,55306
334.0,600.0,33.4,0,55,16.467065868263475,7,0,NCR,1,0,0,0,0,0,0,Passenger,Farukhabad Allahabad kanpur Passenger,51823
334.0,605.0,33.12396694214876,0,55,16.467065868263475,10,0,NCR,1,0,0,0,0,0,0,Passenger,Farrukhabad Allahabad Passenger,51824
140.0,240.0,35.0,0,25,17.857142857142858,5,0,NCR,1,0,0,0,0,0,0,Passenger,Kanpur Farrukhabaad Passenger,51825
140.0,230.0,36.52173913043478,0,25,17.857142857142858,20,0,NCR,1,0,0,0,0,0,0,Passenger,Farrukhabad Kanpur Passenger,51826
13.0,35.0,22.285714285714285,0,2,15.384615384615383,10,0,NCR,1,0,0,0,0,0,0,Passenger,Ait Konch Passenger,51863
13.0,35.0,22.285714285714285,0,2,15.384615384615383,14,0,NCR,1,0,0,0,0,0,0,Passenger,Konch Ait Passenger,51864
13.0,35.0,22.285714285714285,0,2,15.384615384615383,17,0,NCR,1,0,0,0,0,0,0,Passenger,Ait Konch Passenger,51865
13.0,35.0,22.285714285714285,0,2,15.384615384615383,18,0,NCR,1,0,0,0,0,0,0,Passenger,Konch Ait Passenger,51866
13.0,35.0,22.285714285714285,0,2,15.384615384615383,19,0,Unknown,1,0,0,0,0,0,0,Passenger,Ait Konch Passenger,51867
13.0,35.0,22.285714285714285,0,2,15.384615384615383,20,0,NCR,1,0,0,0,0,0,0,Passenger,Konch Ait Passenger,51868
13.0,35.0,22.285714285714285,0,2,15.384615384615383,21,0,NCR,1,0,0,0,0,0,0,Passenger,Ait Konch Passenger,51869
13.0,35.0,22.285714285714285,0,2,15.384615384615383,4,1,NCR,1,0,0,0,0,0,0,Passenger,Konch Ait Passenger,51870
197.0,463.0,25.52915766738661,0,31,15.736040609137056,8,0,NCR,1,0,0,0,0,0,0,Passenger,Agra Delhi Passenger,51901
197.0,400.0,29.549999999999997,0,31,15.736040609137056,6,0,NCR,1,0,0,0,0,0,0,Passenger,Delhi Agra Passenger,51902
70.0,135.0,31.11111111111111,0,18,25.714285714285715,9,0,NR,1,0,0,0,0,0,0,Passenger,Delhi Rohtak Passenger,51903
70.0,160.0,26.25,0,18,25.714285714285715,15,0,NR,1,0,0,0,0,0,0,Passenger,Rohtak Delhi Passenger,51904
94.0,205.0,27.51219512195122,0,23,24.46808510638298,19,0,NR,1,0,0,0,0,0,0,Passenger,Delhi Shamli Passenger,51905
94.0,160.0,35.25,0,22,23.404255319148938,2,1,NR,1,0,0,0,0,0,0,Passenger,Shamli Delhi Passenger,51906
70.0,120.0,35.0,0,14,20.0,18,0,NR,1,0,0,0,0,0,0,Passenger,Shamli Saharanpur Passenger,51907
70.0,135.0,31.11111111111111,0,14,20.0,16,0,NR,1,0,0,0,0,0,0,Passenger,Saharanpur Shamli Passenger,51908
164.0,325.0,30.276923076923076,0,33,20.121951219512198,6,0,NR,1,0,0,0,0,0,0,Passenger,Saharanpur Delhi Passenger,51910
164.0,300.0,32.8,0,35,21.34146341463415,12,0,NR,1,0,0,0,0,0,0,Passenger,Delhi Shamli Saharanpur Passenger,51911
164.0,315.0,31.238095238095237,0,35,21.34146341463415,18,0,NR,1,0,0,0,0,0,0,Passenger,Saharanpur Delhi Passenger,51912
164.0,295.0,33.35593220338983,0,39,23.78048780487805,18,0,NR,1,0,0,0,0,0,0,Passenger,DELHI - SAHARANPUR Passenger,51913
164.0,285.0,34.526315789473685,0,37,22.5609756097561,3,1,NR,1,0,0,0,0,0,0,Passenger,SAHARANPUR - DELHI Passenger,51914
52.0,105.0,29.714285714285715,0,15,28.846153846153847,23,1,NR,1,0,0,0,0,0,0,Passenger,Delhi - Farukh Nagar Passenger,51915
52.0,105.0,29.714285714285715,0,15,28.846153846153847,4,1,NR,1,0,0,0,0,0,0,Passenger,Farukh Nagar - Delhi Passenger,51916
122.0,175.0,41.82857142857143,0,11,9.01639344262295,9,0,NCR,1,0,0,0,0,0,0,Passenger,Mathura Alwar Passenger,51971
122.0,180.0,40.666666666666664,0,11,9.01639344262295,13,0,NCR,1,0,0,0,0,0,0,Passenger,Alwar Mathura Passenger,51972
183.0,275.0,39.92727272727273,0,19,10.382513661202186,7,0,NCR,1,0,0,0,0,0,0,Passenger,Mathura Alwar Bandikui Passenger,51973
183.0,260.0,42.23076923076923,0,19,10.382513661202186,15,0,NCR,1,0,0,0,0,0,0,Passenger,Bandikui Mathura Passenger,51974
105.0,125.0,50.4,0,13,12.38095238095238,21,0,NER,1,0,0,0,0,0,0,Passenger,Kasganj-Mathura Passenger,51975
105.0,135.0,46.666666666666664,0,13,12.38095238095238,6,0,NER,1,0,0,0,0,0,0,Passenger,Mathura-KasGanj Passenger,51976
63.0,185.0,20.43243243243243,0,11,17.46031746031746,14,0,WR,1,0,0,0,0,0,0,Passenger,Waghai Bilimora Mix Passenger,52002
63.0,180.0,21.0,0,11,17.46031746031746,19,0,WR,1,0,0,0,0,0,0,Passenger,Bilimora Waghai Mix Passenger,52003
63.0,200.0,18.9,0,11,17.46031746031746,6,0,WR,1,0,0,0,0,0,0,Passenger,Waghai Bilimora Mix Passenger,52004
63.0,180.0,21.0,0,11,17.46031746031746,10,0,Unknown,1,0,0,0,0,0,0,Passenger,Bilimora Waghai Pass,52011
63.0,185.0,20.43243243243243,0,11,17.46031746031746,14,0,Unknown,1,0,0,0,0,0,0,Passenger,Waghai Bilimora Pass,52012
63.0,180.0,21.0,0,11,17.46031746031746,19,0,Unknown,1,0,0,0,0,0,0,Passenger,Bilimora Waghai Pass,52013
63.0,200.0,18.9,0,11,17.46031746031746,6,0,Unknown,1,0,0,0,0,0,0,Passenger,Waghai Bilimora Pass,52014
49.0,190.0,15.473684210526317,0,11,22.448979591836736,17,0,WR,1,0,0,0,0,0,0,Passenger,Dabhoi Miyagam Passenger,52020
28.0,110.0,15.272727272727273,0,7,24.999999999999996,7,0,WR,1,0,0,0,0,0,0,Passenger,Moti Koral Miyagam Mix Passenger,52021
28.0,145.0,11.586206896551724,0,7,24.999999999999996,17,0,WR,1,0,0,0,0,0,0,Passenger,Miyagam Moti Koral Mix Passenger,52022
70.0,280.0,14.999999999999998,0,11,15.714285714285715,4,1,WR,1,0,0,0,0,0,0,Passenger,Malsar Dabhoi Mix Passenger,52023
70.0,365.0,11.506849315068493,0,11,15.714285714285715,13,0,WR,1,0,0,0,0,0,0,Passenger,Dabhoi Malsar Mix Passenger,52024
76.0,140.0,32.57142857142857,0,12,15.789473684210526,10,0,NER,1,0,0,0,0,0,0,Passenger,RAMNAGAR - MORADABAD PASSENGER,55308
77.0,125.0,36.96,0,8,10.38961038961039,13,0,NER,1,0,0,0,0,0,0,Passenger,RAMNAGAR - MORADABAD PASSENGER,55310
118.0,175.0,40.45714285714286,0,14,11.864406779661017,18,0,NCR,1,0,0,0,0,0,0,Passenger,Gwalior Agra Fast Passenger,51881
345.0,630.0,32.857142857142854,0,29,8.405797101449275,11,0,NCR,1,0,0,0,0,0,0,Passenger,Bina Gwalior Passenger,51883
345.0,565.0,36.63716814159292,0,29,8.405797101449275,8,0,NCR,1,0,0,0,0,0,0,Passenger,Gwalior Bina Passenger,51884
17.0,45.0,22.666666666666668,0,3,17.64705882352941,16,0,WR,1,0,0,0,0,0,0,Passenger,Dabhoi Chandod Mix Passenger,52025
17.0,50.0,20.4,0,3,17.64705882352941,9,0,WR,1,0,0,0,0,0,0,Passenger,Chandod Dabhoi Mix Passenger,52026
41.0,130.0,18.923076923076923,0,9,21.951219512195124,13,0,WR,1,0,0,0,0,0,0,Passenger,Choranda Dabhoi Mix Passenger,52027
41.0,180.0,13.666666666666666,0,9,21.951219512195124,9,0,WR,1,0,0,0,0,0,0,Passenger,Dabhoi Choranda Mix Passenger,52028
51.0,180.0,17.0,0,11,21.56862745098039,6,0,WR,1,0,0,0,0,0,0,Passenger,Jambusar Pratapnagar Mix Passenger,52033
51.0,180.0,17.0,0,11,21.56862745098039,18,0,WR,1,0,0,0,0,0,0,Passenger,Pratapnagar Jambusar Mix Passenger,52034
51.0,180.0,17.0,0,11,21.56862745098039,14,0,WR,1,0,0,0,0,0,0,Passenger,Jambusar Pratapnagar Passenger,52035
51.0,180.0,17.0,0,11,21.56862745098039,10,0,WR,1,0,0,0,0,0,0,Passenger,Pratapnagar Jambusar Passenger,52036
62.0,190.0,19.578947368421055,0,10,16.129032258064516,9,0,WR,1,0,0,0,0,0,0,Passenger,Nadiad Bhadran Mix Passenger,52037
62.0,195.0,19.076923076923077,0,10,16.129032258064516,14,0,WR,1,0,0,0,0,0,0,Passenger,Bhadran Nadiad Mix Passenger,52038
32.0,100.0,19.2,0,7,21.875,9,0,WR,1,0,0,0,0,0,0,Passenger,Miyagam Dabhoi Mix Passenger,52041
32.0,95.0,20.210526315789476,0,7,21.875,12,0,WR,1,0,0,0,0,0,0,Passenger,Dabhoi Jn Miyagam Jn NG Passenger,52042
32.0,85.0,22.588235294117645,0,9,28.125,17,0,WR,1,0,0,0,0,0,0,Passenger,Miyagam Dabhoi Mix Passenger,52045
32.0,90.0,21.333333333333332,0,9,28.125,5,0,WR,1,0,0,0,0,0,0,Passenger,Dabhoi Miyagam Mix Passenger,52046
62.0,270.0,13.777777777777779,0,11,17.741935483870968,14,0,WR,1,0,0,0,0,0,0,Passenger,Umarpada Kosamba Passenger,52048
82.0,170.0,28.941176470588236,0,7,8.536585365853659,9,0,NWR,1,0,0,0,0,0,0,Passenger,MAVLI - BARI SADRI PASSENGER,52072
151.0,395.0,22.936708860759495,0,15,9.933774834437086,2,1,NWR,1,0,0,0,0,0,0,Passenger,Marwar Mavli Passenger,52073
151.0,395.0,22.936708860759495,0,15,9.933774834437086,16,0,NWR,1,0,0,0,0,0,0,Passenger,Mavli Marwar Passenger,52074
152.0,390.0,23.384615384615383,0,15,9.868421052631579,13,0,NWR,1,0,0,0,0,0,0,Passenger,Marwar Mavli Passenger,52075
152.0,395.0,23.08860759493671,0,15,9.868421052631579,6,0,NWR,1,0,0,0,0,0,0,Passenger,Mavli Marwar Passenger,52076
229.0,415.0,33.10843373493976,0,28,12.22707423580786,16,0,NWR,1,0,0,0,0,0,0,Passenger,Loharu Jaipur Passenger,52082
229.0,470.0,29.23404255319149,0,28,12.22707423580786,10,0,NWR,1,0,0,0,0,0,0,Passenger,Jaipur Loharu Passenger,52083
229.0,410.0,33.51219512195122,0,28,12.22707423580786,8,0,NWR,1,0,0,0,0,0,0,Passenger,Loharu Jaipur Passenger,52084
198.0,320.0,37.125,0,23,11.616161616161616,6,0,NWR,1,0,0,0,0,0,0,Passenger,Jaipur Churu Passenger,52085
198.0,325.0,36.55384615384615,0,23,11.616161616161616,12,0,NWR,1,0,0,0,0,0,0,Passenger,Churu Jaipur Passenger,52086
91.0,130.0,42.0,0,9,9.89010989010989,16,0,NWR,1,0,0,0,0,0,0,Passenger,Sikar Churu Passenger,52087
91.0,140.0,39.0,0,9,9.89010989010989,8,0,NWR,1,0,0,0,0,0,0,Passenger,Churu Sikar Passenger,52088
21.0,120.0,10.5,1,2,9.523809523809524,7,0,CR,1,0,0,0,0,0,1,Passenger,Neral Matheran Passenger,52101
126.0,95.0,79.57894736842105,1,2,1.5873015873015872,7,0,CR,1,0,0,0,0,0,1,Passenger,Matheran Neral Passenger,52102
126.0,130.0,58.15384615384616,1,2,1.5873015873015872,9,0,CR,1,0,0,0,0,0,1,Passenger,Neral Matheran Passenger,52103
21.0,105.0,12.0,1,2,9.523809523809524,9,0,CR,1,0,0,0,0,0,1,Passenger,Matheran Neral Passenger,52104
126.0,115.0,65.73913043478261,1,2,1.5873015873015872,10,0,CR,1,0,0,0,0,0,1,Passenger,Neral Matheran Passenger,52105
126.0,95.0,79.57894736842105,1,2,1.5873015873015872,13,0,CR,1,0,0,0,0,0,1,Passenger,Matheran Neral Passenger,52106
21.0,95.0,13.263157894736842,1,2,9.523809523809524,15,0,CR,1,0,0,0,0,0,1,Passenger,Matheran Neral Passenger,52108
126.0,115.0,65.73913043478261,1,2,1.5873015873015872,17,0,CR,1,0,0,0,0,0,1,Passenger,Neral Matheran Passenger,52109
126.0,100.0,75.6,1,2,1.5873015873015872,16,0,CR,1,0,0,0,0,0,1,Passenger,Matheran Neral Passenger,52110
56.0,125.0,26.88,0,7,12.499999999999998,8,0,CR,1,0,0,0,0,0,0,Passenger,Pachora Jamner Passenger,52121
56.0,140.0,24.0,0,7,12.499999999999998,13,0,CR,1,0,0,0,0,0,0,Passenger,Pachora Jamner Passenger,52123
218.0,275.0,47.56363636363637,0,15,6.880733944954128,7,0,CR,1,0,0,0,0,0,0,Passenger,Murtajapur Yavatmal Passenger,52131
218.0,255.0,51.294117647058826,0,15,6.880733944954128,12,0,CR,1,0,0,0,0,0,0,Passenger,Yavatmal Murtajapur Passenger,52132
76.0,210.0,21.714285714285715,0,12,15.789473684210526,7,0,CR,1,0,0,0,0,0,0,Passenger,Murtajapur Achalpur Passenger,52137
76.0,210.0,21.714285714285715,0,12,15.789473684210526,11,0,CR,1,0,0,0,0,0,0,Passenger,Achalpur Murtajapur Passenger,52138
39.0,200.0,11.7,0,6,15.384615384615383,8,0,CR,1,0,0,0,0,0,0,Passenger,Pulgaon Arvi Passenger,52143
39.0,200.0,11.7,0,6,15.384615384615383,12,0,CR,1,0,0,0,0,0,0,Passenger,Arvi Pulgaon Passenger,52144
50.0,100.0,30.0,0,9,18.0,17,0,NER,1,0,0,0,0,0,0,Passenger,KASHIPUR - MORADABAD PASSENGER,55312
2589.0,3295.0,47.14415781487102,3,440,16.994978756276556,23,1,NR,1,0,1,1,1,0,0,Express,DIBRUGARH - OLD DELHI Brahmaputra Exp,14055
1528.0,2170.0,42.24884792626728,3,277,18.1282722513089,17,0,NFR,1,0,1,1,1,0,0,Express,HOWRAH - DIBRUGARH Kamrup Exp,15959
56.0,135.0,24.88888888888889,0,7,12.499999999999998,10,0,CR,1,0,0,0,0,0,0,Passenger,Jamner Pachora Passenger,52122
56.0,120.0,28.0,0,7,12.499999999999998,17,0,CR,1,0,0,0,0,0,0,Passenger,Jamner Pachora Passenger,52124
200.0,600.0,20.0,0,28,14.0,6,0,NCR,1,0,0,0,0,0,0,Passenger,Gwalior Sheopur Passenger,52171
207.0,615.0,20.195121951219512,0,28,13.52657004830918,6,0,NCR,1,0,0,0,0,0,0,Passenger,Sheopur Gwalior Passenger,52172
92.0,275.0,20.072727272727274,0,16,17.391304347826086,6,0,NCR,1,0,0,0,0,0,0,Passenger,Sabalgarh Gwalior Passenger,52174
92.0,240.0,23.0,0,15,16.304347826086957,9,0,NCR,1,0,0,0,0,0,0,Passenger,Gwalior Sabalgarh Fast Passenger,52175
115.0,290.0,23.793103448275865,0,13,11.304347826086957,6,0,NCR,1,0,0,0,0,0,0,Passenger,Sabalgarh Sheopur Passenger,52177
115.0,300.0,23.0,0,13,11.304347826086957,14,0,NCR,1,0,0,0,0,0,0,Passenger,Sheopur Sabalgarh Passenger,52178
58.0,145.0,24.0,0,8,13.793103448275863,10,0,Unknown,0,0,0,0,0,0,0,Passenger,Dhaulpur Tantpur Passenger,52181
26.0,70.0,22.285714285714285,0,5,19.23076923076923,13,0,NCR,0,0,0,0,0,0,0,Passenger,Tantpur Mohari Bari Passenger,52182
38.0,100.0,22.8,0,6,15.789473684210526,14,0,NCR,0,0,0,0,0,0,0,Passenger,Bari Mohari Sirmuttra Passenger,52183
188.0,415.0,27.180722891566266,0,29,15.425531914893618,6,0,NER,1,0,0,0,0,0,0,Passenger,Kasganj Lalkuan Passenger,52201
188.0,450.0,25.066666666666666,0,29,15.425531914893618,14,0,NER,1,0,0,0,0,0,0,Passenger,Lalkuan Kasganj Passenger,52202
223.0,575.0,23.269565217391303,0,33,14.798206278026907,10,0,NER,1,0,0,0,0,0,0,Passenger,Kasganj Tanakpur Passenger,52203
223.0,615.0,21.75609756097561,0,33,14.798206278026907,6,0,NER,1,0,0,0,0,0,0,Passenger,Tanakpur-Bareilly Passenger,52204
162.0,390.0,24.923076923076923,0,26,16.049382716049383,13,0,NER,1,0,0,0,0,0,0,Passenger,Kasganj Pilibhit Passenger,52205
162.0,380.0,25.578947368421055,0,27,16.666666666666664,5,0,NER,1,0,0,0,0,0,0,Passenger,Pilibhit Kasganj Passenger,52206
162.0,365.0,26.63013698630137,0,26,16.049382716049383,15,0,NER,1,0,0,0,0,0,0,Passenger,Kasganj Pilibhit Passenger,52207
162.0,405.0,24.0,0,27,16.666666666666664,7,0,NER,1,0,0,0,0,0,0,Passenger,Pilibhit Kasganj Passenger,52208
84.0,170.0,29.64705882352941,0,12,14.285714285714286,14,0,NER,1,0,0,0,0,0,0,Passenger,Bareilly Lalkuan Passenger,52209
84.0,165.0,30.545454545454547,0,12,14.285714285714286,7,0,NER,1,0,0,0,0,0,0,Passenger,Lalkuan Bareilly Passenger,52210
84.0,160.0,31.5,0,12,14.285714285714286,17,0,NER,1,0,0,0,0,0,0,Passenger,Bareilly Lal Kuan Passenger,52211
84.0,180.0,28.0,0,12,14.285714285714286,10,0,NER,1,0,0,0,0,0,0,Passenger,Lal Kuan Bareilly Passenger,52212
125.0,275.0,27.272727272727273,0,20,16.0,14,0,NER,1,0,0,0,0,0,0,Passenger,Mailani Bareilly Passenger,52214
58.0,120.0,29.0,0,10,17.24137931034483,11,0,NER,1,0,0,0,0,0,0,Passenger,Bareilly Pilibhit Passenger,52215
58.0,140.0,24.857142857142854,0,10,17.24137931034483,12,0,NER,1,0,0,0,0,0,0,Passenger,Pilibhit Bareilly Passenger,52216
104.0,185.0,33.729729729729726,0,18,17.307692307692307,21,0,NER,1,0,0,0,0,0,0,Passenger,Kasganj Bareilly Passenger,52217
104.0,180.0,34.666666666666664,0,18,17.307692307692307,19,0,NER,1,0,0,0,0,0,0,Passenger,Bareilly Kasganj Passenger,52218
61.0,120.0,30.5,0,7,11.475409836065573,15,0,NER,1,0,0,0,0,0,0,Passenger,Pilibhit Tanakpur Passenger,52219
61.0,120.0,30.5,0,7,11.475409836065573,12,0,NER,1,0,0,0,0,0,0,Passenger,Tanakpur Pilibhit Passenger,52220
67.0,130.0,30.923076923076927,0,12,17.91044776119403,15,0,NER,1,0,0,0,0,0,0,Passenger,Pilibhit Mailani Passenger,52221
67.0,115.0,34.95652173913043,0,9,13.432835820895521,4,1,NER,1,0,0,0,0,0,0,Passenger,Mailani Pilibhit Passenger,52222
67.0,130.0,30.923076923076927,0,12,17.91044776119403,18,0,NER,1,0,0,0,0,0,0,Passenger,Pilibhit Mailani Passenger,52223
127.0,255.0,29.88235294117647,0,15,11.811023622047244,4,1,NER,1,0,0,0,0,0,0,Passenger,Lakhimpur Pilibhit Passenger,52224
127.0,255.0,29.88235294117647,0,15,11.811023622047244,22,1,NER,1,0,0,0,0,0,0,Passenger,Pilibhit Lakhimpur Passenger,52225
67.0,130.0,30.923076923076927,0,11,16.417910447761194,17,0,NER,0,0,0,0,0,0,0,Passenger,Mailani Pilibhit Passenger,52226
61.0,145.0,25.24137931034483,0,7,11.475409836065573,7,0,NER,0,0,0,0,0,0,0,Passenger,Pilibhit Tanakpur Passenger,52227
145.0,340.0,25.588235294117645,0,19,13.10344827586207,6,0,NER,1,0,0,0,0,0,0,Passenger,Shahjahanpur Tanakpur Passenger,52229
145.0,380.0,22.894736842105264,0,19,13.10344827586207,10,0,NER,1,0,0,0,0,0,0,Passenger,Tanakpur Shahjahanpur Passenger,52230
84.0,150.0,33.6,0,13,15.476190476190476,7,0,NER,1,0,0,0,0,0,0,Passenger,Pilibhit Shahjahanpur Passenger,52231
84.0,150.0,33.6,0,13,15.476190476190476,11,0,NER,1,0,0,0,0,0,0,Passenger,Shahjahanpur Pilibhit Passenger,52232
84.0,160.0,31.5,0,16,19.047619047619047,10,0,NER,1,0,0,0,0,0,0,Passenger,Pilibhit Shahjahanpur Passenger,52233
84.0,160.0,31.5,0,16,19.047619047619047,13,0,NER,1,0,0,0,0,0,0,Passenger,Shahjahanpur Pilibhit Passenger,52234
84.0,160.0,31.5,0,14,16.666666666666668,18,0,NER,1,0,0,0,0,0,0,Passenger,Pilibhit Shahjahanpur Passenger,52235
77.0,115.0,40.17391304347826,0,6,7.792207792207792,3,1,NER,1,0,0,0,0,0,0,Passenger,RAMNAGAR - MORADABAD PASSENGER,55324
92.0,220.0,25.090909090909093,0,15,16.304347826086957,14,0,NCR,1,0,0,0,0,0,0,Passenger,Sabalgarh Gwalior Fast Passenger,52176
70.0,175.0,24.0,0,9,12.857142857142858,7,0,NCR,1,0,0,0,0,0,0,Passenger,Sirmuttra Dhaulpur Passenger,52180
70.0,175.0,24.0,0,9,12.857142857142858,16,0,NCR,0,0,0,0,0,0,0,Passenger,Sirmuttra Dhaulpur Passenger,52184
84.0,150.0,33.6,0,13,15.476190476190476,17,0,NER,1,0,0,0,0,0,0,Passenger,Shahjahanpur Pilibhit Passenger,52236
258.0,505.0,30.653465346534656,0,35,13.565891472868216,4,1,NER,1,0,0,0,0,0,0,Passenger,PILIBHIT - AISHBAGH PASS,52237
269.0,540.0,29.88888888888889,0,29,10.780669144981413,5,0,NER,1,0,0,0,0,0,0,Passenger,TIKUNIA - AISHBAGH PASSENGER,52239
267.0,540.0,29.666666666666668,0,32,11.985018726591761,14,0,NER,1,0,0,0,0,0,0,Passenger,AISHBAGH - TIKUNIA PASSENGER,52240
193.0,390.0,29.692307692307693,0,23,11.917098445595855,11,0,NER,1,0,0,0,0,0,0,Passenger,Mailani Aishbagh Passenger,52241
193.0,370.0,31.297297297297295,0,23,11.917098445595855,10,0,NER,1,0,0,0,0,0,0,Passenger,Aishbagh Mailani Passenger,52242
316.0,745.0,25.449664429530202,0,38,12.025316455696203,8,0,NER,1,0,0,0,0,0,0,Passenger,PILIBHIT - AISHBAGH PASSENGER,52243
191.0,385.0,29.766233766233764,0,23,12.041884816753928,17,0,NER,1,0,0,0,0,0,0,Passenger,MAILANI  - AISHBAGH PASSENGER,52245
192.0,375.0,30.72,0,24,12.5,17,0,NER,1,0,0,0,0,0,0,Passenger,AISHBAGH - MAILANI PASSENGER,52246
107.0,230.0,27.913043478260867,0,12,11.214953271028037,20,0,NER,1,0,0,0,0,0,0,Passenger,Mailani Sitapur Passenger,52247
106.0,220.0,28.90909090909091,0,15,14.150943396226415,10,0,NER,1,0,0,0,0,0,0,Passenger,Sitapur Mailani Passenger,52248
86.0,185.0,27.89189189189189,0,14,16.27906976744186,5,0,NER,1,0,0,0,0,0,0,Passenger,Sitapur Aishbagh Passenger,52249
86.0,180.0,28.666666666666668,0,14,16.27906976744186,5,0,NER,1,0,0,0,0,0,0,Passenger,AISHBAGH - SITAPUR  PASSENGER,52250
86.0,185.0,27.89189189189189,0,14,16.27906976744186,17,0,NER,1,0,0,0,0,0,0,Passenger,SITAPUR - AISHBAGH PASSENGER,52251
86.0,155.0,33.29032258064516,0,12,13.953488372093023,13,0,NER,1,0,0,0,0,0,0,Passenger,Aishbagh Sitapur Passenger,52252
330.0,450.0,44.0,0,27,8.181818181818182,3,1,NER,1,0,0,0,0,0,0,Passenger,Mailani Gonda Passenger,52254
455.0,770.0,35.45454545454545,0,46,10.10989010989011,6,0,NER,0,0,0,0,0,0,0,Passenger,Gonda Bareilly Passenger,52255
330.0,440.0,45.0,0,27,8.181818181818182,11,0,NER,1,0,0,0,0,0,0,Passenger,Gonda Mailani Passenger,52257
330.0,465.0,42.58064516129032,0,27,8.181818181818182,6,0,NER,1,0,0,0,0,0,0,Passenger,Mailani Gonda Passenger,52258
330.0,445.0,44.49438202247191,0,26,7.878787878787879,16,0,NER,1,0,0,0,0,0,0,Passenger,Gonda Mailani Passenger,52259
330.0,450.0,44.0,0,27,8.181818181818182,17,0,NER,1,0,0,0,0,0,0,Passenger,Mailani Gonda Passenger,52260
114.0,230.0,29.73913043478261,0,13,11.403508771929825,8,0,NER,1,0,0,0,0,0,0,Passenger,Gonda Nepalganj Passenger,52261
114.0,240.0,28.5,0,13,11.403508771929825,5,0,NER,1,0,0,0,0,0,0,Passenger,Nepalganj Gonda Passenger,52262
114.0,225.0,30.4,0,13,11.403508771929825,13,0,NER,1,0,0,0,0,0,0,Passenger,Gonda Nepalganj Passenger,52263
114.0,230.0,29.73913043478261,0,13,11.403508771929825,15,0,NER,1,0,0,0,0,0,0,Passenger,Nepalganj Gonda Passenger,52264
114.0,215.0,31.813953488372093,0,13,11.403508771929825,18,0,NER,1,0,0,0,0,0,0,Passenger,Gonda Nepalganj Passenger,52265
114.0,240.0,28.5,0,13,11.403508771929825,17,0,NER,1,0,0,0,0,0,0,Passenger,Nepalganj Gonda Passenger,52266
114.0,185.0,36.97297297297297,0,11,9.649122807017545,4,1,NER,1,0,0,0,0,0,0,Passenger,Gonda Nepalganj Passenger,52267
114.0,205.0,33.36585365853659,0,11,9.649122807017545,7,0,NER,1,0,0,0,0,0,0,Passenger,Nepalganj Gonda Passenger,52268
179.0,400.0,26.849999999999998,0,24,13.40782122905028,3,1,NER,1,0,0,0,0,0,0,Passenger,Anand Nagar Gonda Fast Passenger,52269
179.0,375.0,28.64,0,25,13.966480446927374,5,0,NER,1,0,0,0,0,0,0,Passenger,Gonda Anandnagar Passenger,52270
179.0,395.0,27.18987341772152,0,25,13.966480446927374,8,0,NER,1,0,0,0,0,0,0,Passenger,Anand Nagar Gonda Passenger,52271
179.0,405.0,26.51851851851852,0,25,13.966480446927374,7,0,NER,1,0,0,0,0,0,0,Passenger,Gonda Anandnagar Passenger,52272
179.0,395.0,27.18987341772152,0,23,12.849162011173185,12,0,NER,1,0,0,0,0,0,0,Passenger,Gonda Anandnagar Passenger,52274
179.0,390.0,27.53846153846154,0,22,12.290502793296088,18,0,NER,1,0,0,0,0,0,0,Passenger,Gonda Anandnagar Passenger,52276
30.0,60.0,30.0,0,4,13.333333333333334,15,0,NER,1,0,0,0,0,0,0,Passenger,Palia Kalan Mailani Passenger,52277
30.0,50.0,36.0,0,4,13.333333333333334,14,0,NER,1,0,0,0,0,0,0,Passenger,Mailani Palia Kalan Passenger,52278
105.0,255.0,24.705882352941178,0,13,12.38095238095238,1,1,NER,1,0,0,0,0,0,0,Passenger,Chhapra-Thawe Passenger,52280
105.0,265.0,23.773584905660375,0,13,12.38095238095238,21,0,NER,1,0,0,0,0,0,0,Passenger,Chhapra Thawe Passenger,52282
105.0,270.0,23.333333333333332,0,13,12.38095238095238,5,0,NER,1,0,0,0,0,0,0,Passenger,Thawe Chhapra Passenger,52283
105.0,255.0,24.705882352941178,0,13,12.38095238095238,13,0,NER,1,0,0,0,0,0,0,Passenger,Thawe Chhapra Passenger,52285
105.0,260.0,24.230769230769234,0,13,12.38095238095238,12,0,NER,1,0,0,0,0,0,0,Passenger,Chhapra Thawe Passenger,52286
84.0,175.0,28.8,0,12,14.285714285714286,5,0,NER,1,0,0,0,0,0,0,Passenger,Thawe Chhapra Passenger,52287
85.0,185.0,27.567567567567565,0,13,15.294117647058824,19,0,NER,1,0,0,0,0,0,0,Passenger,Chhapra Thawe Passenger,52288
113.0,205.0,33.07317073170732,0,18,15.92920353982301,12,0,NR,1,0,0,0,0,0,0,Passenger,Bareilly Moradabad Passenger,54311
179.0,390.0,27.53846153846154,0,25,13.966480446927374,13,0,NER,1,0,0,0,0,0,0,Passenger,Anand Nagar Gonda Passenger,52273
179.0,360.0,29.833333333333332,0,25,13.966480446927374,21,0,NER,1,0,0,0,0,0,0,Passenger,Anand Nagar Gonda Passenger,52275
105.0,255.0,24.705882352941178,0,13,12.38095238095238,17,0,NER,1,0,0,0,0,0,0,Passenger,Bareilly Lal Kuan Passenger,52295
84.0,130.0,38.769230769230774,0,9,10.714285714285715,6,0,NER,1,0,0,0,0,0,0,Passenger,Pilibhit Shahjahanpur Passenger,52297
84.0,140.0,36.0,0,9,10.714285714285715,9,0,NER,1,0,0,0,0,0,0,Passenger,Shahjahanpur Pilibhit Passenger,52298
27.0,120.0,13.5,0,8,29.629629629629626,6,0,Unknown,1,0,0,0,0,0,0,Passenger,Balgona-Katwa Fast Local,52301
27.0,120.0,13.5,0,8,29.629629629629626,3,1,Unknown,1,0,0,0,0,0,0,Passenger,Katwa Balgona Local,52302
112.0,430.0,15.627906976744185,0,11,9.821428571428571,3,1,Unknown,1,0,0,0,0,0,0,Passenger,Saharsa-Forbesganj Passenger,52322
112.0,420.0,16.0,0,11,9.821428571428571,10,0,Unknown,1,0,0,0,0,0,0,Passenger,Forbesganj-Saharsa Passenger,52323
112.0,420.0,16.0,0,11,9.821428571428571,8,0,ECR,1,0,0,0,0,0,0,Passenger,Saharsa-forbesganj Passenger,52324
112.0,420.0,16.0,0,11,9.821428571428571,13,0,ECR,1,0,0,0,0,0,0,Passenger,Forbesganj-Saharsa Passenger,52325
112.0,415.0,16.19277108433735,0,11,9.821428571428571,13,0,Unknown,1,0,0,0,0,0,0,Passenger,Saharsa-Forbesganj Passenger,52326
112.0,420.0,16.0,0,11,9.821428571428571,18,0,Unknown,1,0,0,0,0,0,0,Passenger,Forbesganj-Saharsa Passenger,52327
112.0,460.0,14.608695652173912,0,11,9.821428571428571,16,0,Unknown,1,0,0,0,0,0,0,Passenger,Saharsa-Forbesganj Passenger,52328
112.0,420.0,16.0,0,11,9.821428571428571,21,0,Unknown,1,0,0,0,0,0,0,Passenger,Forbesganj-Saharsa Passenger,52329
112.0,415.0,16.19277108433735,0,11,9.821428571428571,18,0,Unknown,1,0,0,0,0,0,0,Passenger,Saharsa-Forbesganj Passenger,52330
213.0,375.0,34.08,0,30,14.084507042253522,14,0,NR,1,0,0,0,0,0,0,Passenger,BAIJNATHPAPROLA  - PATHANKOT PASSENGER,52468
170.0,550.0,18.545454545454547,0,29,17.058823529411764,2,1,NR,1,0,0,0,0,0,0,Passenger,Kangra Valley Rail Passenger,52471
147.0,455.0,19.384615384615387,0,27,18.367346938775512,13,0,NR,1,0,0,0,0,0,0,Passenger,Kangra Valley Rail Passenger,52467
213.0,380.0,33.631578947368425,0,24,11.267605633802818,17,0,NR,1,0,0,0,0,0,0,Passenger,Kangra Valley Rail Passenger,52470
3002.0,3285.0,54.8310502283105,3,389,12.95802798134577,20,0,SR,1,0,1,1,1,0,0,Express,BIKANER - KOCHUVELI Express,16311
170.0,610.0,16.721311475409838,0,34,20.0,7,0,NR,1,0,0,0,0,0,0,Passenger,JOGINDER NAGAR - PATHANKOT PASSENGER,52472
170.0,615.0,16.585365853658537,0,32,18.823529411764707,12,0,NR,1,0,0,0,0,0,0,Passenger,Kangra Valley Rail Passenger,52474
40.0,110.0,21.81818181818182,0,5,12.5,7,0,Unknown,1,0,0,0,0,0,0,Passenger,Raxaul-Narkatiaganj Passenger,52507
40.0,110.0,21.81818181818182,0,5,12.5,4,1,Unknown,1,0,0,0,0,0,0,Passenger,Narkatiganj Raxaul Passenger,52508
40.0,110.0,21.81818181818182,0,5,12.5,12,0,Unknown,1,0,0,0,0,0,0,Passenger,Raxaul Narkatiaganj Passenger,52509
40.0,105.0,22.857142857142858,0,5,12.5,10,0,Unknown,1,0,0,0,0,0,0,Passenger,Narkatiaganj Raxaul Passenger,52510
40.0,115.0,20.869565217391305,0,5,12.5,18,0,Unknown,1,0,0,0,0,0,0,Passenger,Raxaul Narkatiaganj Passenger,52511
40.0,110.0,21.81818181818182,0,5,12.5,15,0,Unknown,1,0,0,0,0,0,0,Passenger,Narkatiaganj Raxaul Passenger,52512
43.0,165.0,15.636363636363637,0,8,18.6046511627907,3,1,Unknown,1,0,0,0,0,0,0,Passenger,Jhanjharpur Laukaha Bazar Passenger,52515
43.0,145.0,17.793103448275865,0,8,18.6046511627907,21,0,Unknown,1,0,0,0,0,0,0,Passenger,Laukaha Bazar Jhanjharpur Passenger,52516
19.0,65.0,17.53846153846154,0,4,21.05263157894737,6,0,Unknown,1,0,0,0,0,0,0,Passenger,Laukaha Bazar Sakri Passenger,52518
19.0,60.0,19.0,0,4,21.05263157894737,17,0,Unknown,1,0,0,0,0,0,0,Passenger,Sakri Laukaha Bazar Passenger,52519
19.0,70.0,16.285714285714285,0,4,21.05263157894737,9,0,Unknown,1,0,0,0,0,0,0,Passenger,Laukaha Bazar Sakri Passenger,52520
19.0,60.0,19.0,0,4,21.05263157894737,22,1,Unknown,1,0,0,0,0,0,0,Passenger,Sakri Laukaha Bazar Passenger,52521
19.0,63.0,18.095238095238095,0,4,21.05263157894737,15,0,Unknown,1,0,0,0,0,0,0,Passenger,Laukaha Bazar Sakri Passenger,52522
51.0,150.0,20.4,0,8,15.686274509803921,2,1,ECR,1,0,0,0,0,0,0,Passenger,Sakri Nirmali Passenger,52523
51.0,160.0,19.125,0,8,15.686274509803921,5,0,Unknown,1,0,0,0,0,0,0,Passenger,Nirmali Sakri Pass,52524
51.0,165.0,18.545454545454547,0,8,15.686274509803921,6,0,Unknown,1,0,0,0,0,0,0,Passenger,Sakri Nirmali Pass,52525
51.0,150.0,20.4,0,8,15.686274509803921,9,0,Unknown,1,0,0,0,0,0,0,Passenger,Nirmali Sakri Passenger,52526
51.0,175.0,17.485714285714288,0,8,15.686274509803921,10,0,Unknown,1,0,0,0,0,0,0,Passenger,Sakri Nirmali Pass,52527
51.0,175.0,17.485714285714288,0,8,15.686274509803921,15,0,Unknown,1,0,0,0,0,0,0,Passenger,Nirmali Sakri Pass,52528
51.0,175.0,17.485714285714288,0,8,15.686274509803921,14,0,Unknown,1,0,0,0,0,0,0,Passenger,Sakri Nirmali Pass,52529
51.0,150.0,20.4,0,8,15.686274509803921,18,0,Unknown,1,0,0,0,0,0,0,Passenger,Nirmali Sakri Pass,52530
51.0,165.0,18.545454545454547,0,8,15.686274509803921,18,0,Unknown,1,0,0,0,0,0,0,Passenger,Sakri Nirmali Pass,52531
51.0,150.0,20.4,0,8,15.686274509803921,22,1,Unknown,1,0,0,0,0,0,0,Passenger,Nirmali Sakri Pass,52532
27.0,120.0,13.5,0,7,25.925925925925924,11,0,Unknown,1,0,0,0,0,0,0,Passenger,Bihariganj Banmankhi Passenger,52534
27.0,120.0,13.5,0,7,25.925925925925924,13,0,Unknown,1,0,0,0,0,0,0,Passenger,Banmankhi Bihariganj Passenger,52535
64.0,240.0,16.0,0,12,18.75,16,0,Unknown,1,0,0,0,0,0,0,Passenger,Bihariganj Purnia Passenger,52536
27.0,120.0,13.5,0,7,25.925925925925924,13,0,Unknown,1,0,0,0,0,0,0,Passenger,Purnia Bihariganj Passenger,52537
63.0,230.0,16.434782608695652,0,9,14.285714285714286,6,0,Unknown,1,0,0,0,0,0,0,Passenger,Bihariganj Purnia Passenger,52538
31.0,160.0,11.625,1,5,16.129032258064516,9,0,Unknown,1,0,0,0,0,0,1,Passenger,Darjeeling Kurseong Toy Train,52540
88.0,435.0,12.137931034482758,1,12,13.636363636363637,9,0,Unknown,1,0,0,0,0,0,1,Passenger,Kurseong Darjeeling Toy Train,52541
31.0,175.0,10.62857142857143,1,5,16.129032258064516,10,0,Unknown,1,0,0,0,0,0,1,Passenger,Darjeeling Kurseong Toy Train,52544
31.0,170.0,10.941176470588236,1,5,16.129032258064516,15,0,NFR,1,0,0,0,0,0,1,Passenger,Kurseong Darjeeling Toy Train,52545
2.0,11.0,10.90909090909091,1,4,200.0,17,0,NFR,0,0,0,0,0,0,1,Passenger,Darjeeling Joyride,52547
2.0,14.0,8.571428571428571,1,4,200.0,12,0,NFR,0,0,0,0,0,0,1,Passenger,Darjeeling Himalayan Toy Train,52548
2.0,14.0,8.571428571428571,1,4,200.0,15,0,NFR,0,0,0,0,0,0,1,Passenger,Darjeeling Himalayan Toy Train,52549
56.0,150.0,22.4,0,9,16.07142857142857,15,0,Unknown,1,0,0,0,0,0,0,Passenger,Murliganj-Purnia Passenger,52552
56.0,145.0,23.17241379310345,0,9,16.07142857142857,20,0,Unknown,1,0,0,0,0,0,0,Passenger,Purnia Murliganj Passenger,52553
56.0,180.0,18.666666666666668,0,3,5.357142857142857,11,0,NFR,1,0,0,0,0,0,0,Passenger,JIRIBAM - SILCHAR MG Passenger,52566
1057.0,1370.0,46.291970802919714,4,158,14.947965941343424,21,0,SER,1,1,1,1,1,0,0,Express,HOWRAH - JAGDALPUR Samaleshwari Exp,18005
56.0,135.0,24.88888888888889,0,9,16.07142857142857,4,1,Unknown,1,0,0,0,0,0,0,Passenger,Muraliganj Purnia Passenger,52554
34.0,115.0,17.73913043478261,0,6,17.64705882352941,22,1,ECR,1,0,0,0,0,0,0,Passenger,Budhma Banmankhi Passenger,52556
34.0,115.0,17.73913043478261,0,6,17.64705882352941,4,1,ECR,1,0,0,0,0,0,0,Passenger,Banmankhi Budhma Passenger,52557
34.0,115.0,17.73913043478261,0,6,17.64705882352941,6,0,ECR,1,0,0,0,0,0,0,Passenger,Budhma Banmankhi Passenger,52558
257.0,615.0,25.073170731707318,1,34,13.229571984435799,11,0,NFR,1,0,0,0,0,1,0,Passenger,Agartala Silchar Passenger,52563
257.0,555.0,27.783783783783782,1,34,13.229571984435799,10,0,NFR,1,0,0,0,0,1,0,Passenger,Silchar Agartala Passenger,52564
56.0,195.0,17.23076923076923,0,3,5.357142857142857,7,0,NFR,1,0,0,0,0,0,0,Passenger,SILCHAR - JIRIBAM MG Passenger,52565
94.0,285.0,19.789473684210527,0,12,12.765957446808512,7,0,Unknown,1,0,0,0,0,0,0,Passenger,Badarpur Bhairabhi Passenger,52567
94.0,300.0,18.8,0,12,12.765957446808512,13,0,Unknown,1,0,0,0,0,0,0,Passenger,Bhairabhi Badarpur Passenger,52568
51.0,130.0,23.53846153846154,0,10,19.607843137254903,16,0,Unknown,1,0,0,0,0,0,0,Passenger,Karimganj Dullabcherra Passenger,52569
51.0,140.0,21.857142857142854,0,10,19.607843137254903,5,0,Unknown,1,0,0,0,0,0,0,Passenger,Dullabcherra Karimganj Passenger,52570
28.0,160.0,10.5,0,5,17.857142857142854,13,0,NFR,1,0,0,0,0,0,0,Passenger,Karimganj Dullabcherra Passenger,52571
51.0,145.0,21.10344827586207,0,10,19.607843137254903,13,0,NFR,1,0,0,0,0,0,0,Passenger,Dullabcherra Karimganj Passenger,52572
141.0,240.0,35.25,1,13,9.21985815602837,16,0,NFR,1,0,0,0,0,1,0,Passenger,Agartala Dharmanagar Passenger,52575
141.0,250.0,33.839999999999996,1,13,9.21985815602837,6,0,NFR,1,0,0,0,0,1,0,Passenger,Dharmanagar Agartala Passenger,52576
116.0,280.0,24.857142857142854,0,18,15.517241379310345,7,0,NFR,1,0,0,0,0,0,0,Passenger,Dharmanagar Silchar Passenger,52577
116.0,235.0,29.617021276595747,0,18,15.517241379310345,17,0,NFR,1,0,0,0,0,0,0,Passenger,Silchar Dharmanagar Passenger,52578
141.0,235.0,36.0,1,13,9.21985815602837,6,0,NFR,1,0,0,0,0,1,0,Passenger,Agartala Dharmanagar Passenger,52579
141.0,260.0,32.53846153846154,1,13,9.21985815602837,11,0,NFR,1,0,0,0,0,1,0,Passenger,Dharmanagar Agartala Passenger,52580
67.0,170.0,23.64705882352941,0,19,28.35820895522388,19,0,WR,1,0,0,0,0,0,0,Passenger,Mahesana Ahmedabad Passenger,52901
69.0,150.0,27.6,0,20,28.985507246376812,5,0,WR,1,0,0,0,0,0,0,Passenger,Mahesana Ahmedabad Passenger,52903
69.0,160.0,25.875,0,20,28.985507246376812,19,0,WR,1,0,0,0,0,0,0,Passenger,Ahmedabad Mahesana Passenger,52904
69.0,170.0,24.352941176470587,0,20,28.985507246376812,13,0,WR,1,0,0,0,0,0,0,Passenger,Ahmedabad Mahesana Passenger,52906
69.0,165.0,25.09090909090909,0,20,28.985507246376812,12,0,WR,1,0,0,0,0,0,0,Passenger,Mahesana Ahmedabad Passenger,52907
69.0,160.0,25.875,0,20,28.985507246376812,11,0,WR,1,0,0,0,0,0,0,Passenger,Ahmedabad Mahesana Passenger,52908
69.0,155.0,26.709677419354836,0,20,28.985507246376812,14,0,WR,1,0,0,0,0,0,0,Passenger,Mahesana Ahmedabad Passenger,52909
69.0,165.0,25.09090909090909,0,20,28.985507246376812,4,1,WR,1,0,0,0,0,0,0,Passenger,Ahmedabad Mahesana Fast Passenger,52910
129.0,255.0,30.352941176470587,0,24,18.6046511627907,6,0,WR,1,0,0,0,0,0,0,Passenger,Ranuj Ahmedabad Fast Passenger,52911
129.0,235.0,32.93617021276596,0,24,18.6046511627907,17,0,WR,1,0,0,0,0,0,0,Passenger,Ahmedabad Ranuj Fast Passenger,52912
125.0,300.0,25.0,0,24,19.2,12,0,WR,1,0,0,0,0,0,0,Passenger,Patan Ahmedabad Passenger,52913
125.0,290.0,25.862068965517242,0,24,19.2,6,0,WR,1,0,0,0,0,0,0,Passenger,Ahmedabad Ranuj Passenger,52914
73.0,80.0,54.75,0,13,17.808219178082194,13,0,WR,1,0,0,0,0,0,0,Passenger,Nandol Dehegam Ahmedabad Passenger,52915
73.0,90.0,48.666666666666664,0,13,17.808219178082194,11,0,WR,1,0,0,0,0,0,0,Passenger,Ahmedabad Nandol Dehegam Passenger,52916
73.0,80.0,54.75,0,13,17.808219178082194,5,0,WR,1,0,0,0,0,0,0,Passenger,Nandol Dehegam Ahmedabad Passenger,52917
73.0,80.0,54.75,0,13,17.808219178082194,21,0,WR,1,0,0,0,0,0,0,Passenger,Ahmedabad Nandol Dehegam Passenger,52918
133.0,205.0,38.926829268292686,0,22,16.541353383458645,13,0,WR,1,0,0,0,0,0,0,Passenger,Himmatnagar Ahmedabad Passenger,52919
133.0,220.0,36.27272727272727,0,22,16.541353383458645,8,0,WR,1,0,0,0,0,0,0,Passenger,Ahmedabad Himmatnagar Passenger,52920
133.0,210.0,38.0,0,22,16.541353383458645,6,0,WR,1,0,0,0,0,0,0,Passenger,Himmatnagar Ahmedabad Passenger,52921
133.0,200.0,39.9,0,22,16.541353383458645,18,0,WR,1,0,0,0,0,0,0,Passenger,Ahmedabad Himmatnagar Pass,52922
188.0,340.0,33.17647058823529,0,28,14.893617021276597,15,0,WR,1,0,0,0,0,0,0,Passenger,Khed Brahma Ahmedabad Passenger,52923
188.0,325.0,34.707692307692305,0,28,14.893617021276597,8,0,WR,1,0,0,0,0,0,0,Passenger,Ahmedabad Khed Brahma Passenger,52924
188.0,330.0,34.18181818181818,0,28,14.893617021276597,15,0,WR,1,0,0,0,0,0,0,Passenger,Ahmedabad Khed Brahma Passenger,52926
298.0,690.0,25.91304347826087,1,35,11.74496644295302,9,0,WR,1,0,0,0,1,0,0,Passenger,Udaipur Ahmedabad Fast Passenger,52927
298.0,635.0,28.15748031496063,0,35,11.74496644295302,7,0,WR,1,0,0,0,0,0,0,Passenger,Mewar Fast Passenger,52928
190.0,420.0,27.142857142857142,0,17,8.947368421052632,9,0,WR,1,0,0,0,0,0,0,Passenger,Veraval Dhasa Passenger,52929
190.0,355.0,32.112676056338024,0,17,8.947368421052632,12,0,WR,1,0,0,0,0,0,0,Passenger,Dhasa Veraval Passenger,52930
685.0,740.0,55.54054054054054,3,91,13.284671532846716,17,0,NR,0,0,1,1,1,0,0,Premium,Rajasthan Sampark Kranti Express,22464
105.0,155.0,40.64516129032258,0,11,10.476190476190476,7,0,WR,1,0,0,0,0,0,0,Passenger,Jetalsar Dhasa Passenger,52931
105.0,145.0,43.44827586206897,0,11,10.476190476190476,17,0,WR,1,0,0,0,0,0,0,Passenger,Dhasa Jetalsar Passenger,52932
190.0,385.0,29.61038961038961,0,17,8.947368421052632,13,0,WR,0,0,0,0,0,0,0,Passenger,Veraval Dhasa Passenger,52933
155.0,260.0,35.769230769230774,0,20,12.903225806451612,16,0,WR,1,0,0,0,0,0,0,Passenger,Ahmedabad Botad Passenger,52935
23.0,40.0,34.5,0,4,17.391304347826086,11,0,WR,1,0,0,0,0,0,0,Passenger,Fatehabad Chowk Ujjain Passenger,52937
155.0,230.0,40.43478260869565,0,20,12.903225806451612,17,0,WR,1,0,0,0,0,0,0,Passenger,Botad Ahmedabad Passenger,52938
155.0,235.0,39.57446808510638,0,20,12.903225806451612,7,0,WR,1,0,0,0,0,0,0,Passenger,Gandhigram Botad Passenger,52939
155.0,210.0,44.285714285714285,0,12,7.741935483870967,7,0,WR,1,0,0,0,0,0,0,Passenger,SBI-BTD - GANDHIGRAM PASSENGER,52942
155.0,200.0,46.5,0,20,12.903225806451612,17,0,WR,1,0,0,0,0,0,0,Passenger,Ahmedabad Botad Passenger,52943
155.0,215.0,43.25581395348837,0,20,12.903225806451612,19,0,WR,1,0,0,0,0,0,0,Passenger,Ahmedabad Botad Passenger,52945
190.0,350.0,32.57142857142858,0,17,8.947368421052632,7,0,WR,0,0,0,0,0,0,0,Passenger,Dhasa Veraval Passenger,52946
105.0,140.0,45.0,0,11,10.476190476190476,20,0,WR,1,0,0,0,0,0,0,Passenger,Wansjaliya Dhassa Passenger,52947
105.0,135.0,46.666666666666664,0,11,10.476190476190476,7,0,WR,1,0,0,0,0,0,0,Passenger,Dhasa Wansjaliya Passenger,52948
94.0,215.0,26.232558139534884,0,12,12.765957446808512,16,0,WR,1,0,0,0,0,0,0,Passenger,Veraval Delvada Passenger,52949
94.0,195.0,28.923076923076923,0,12,12.765957446808512,8,0,WR,1,0,0,0,0,0,0,Passenger,Delvada Veraval Passenger,52950
158.0,370.0,25.62162162162162,0,19,12.025316455696203,14,0,WR,1,0,0,0,0,0,0,Passenger,Delvada Junagadh Passenger,52951
158.0,365.0,25.972602739726028,0,19,12.025316455696203,7,0,WR,1,0,0,0,0,0,0,Passenger,Junagadh Delvada Passenger,52952
71.0,225.0,18.933333333333334,0,9,12.67605633802817,14,0,WR,1,0,0,0,0,0,0,Passenger,Kodinar Veraval Passenger,52953
71.0,155.0,27.483870967741932,0,9,12.67605633802817,12,0,WR,1,0,0,0,0,0,0,Passenger,Veraval Kodinar Passenger,52954
134.0,250.0,32.16,0,12,8.955223880597014,6,0,WR,1,0,0,0,0,0,0,Passenger,Khijadiya Junagarh Pass,52955
134.0,230.0,34.95652173913043,0,12,8.955223880597014,18,0,WR,1,0,0,0,0,0,0,Passenger,JUNAGADH KHIJADIYA PASS,52956
147.0,235.0,37.53191489361702,0,23,15.646258503401361,10,0,WR,1,0,0,0,0,0,0,Passenger,Ratlam Mhow Fast Passenger,52957
147.0,255.0,34.588235294117645,0,21,14.285714285714286,5,0,WR,1,0,0,0,0,0,0,Passenger,Mhow Ratlam Fast Passenger,52958
147.0,260.0,33.92307692307693,0,21,14.285714285714286,20,0,WR,1,0,0,0,0,0,0,Passenger,Ratlam Mhow Fast Passenger,52959
147.0,250.0,35.279999999999994,0,21,14.285714285714286,15,0,WR,1,0,0,0,0,0,0,Passenger,Mhow Ratlam Fast Passenger,52960
147.0,285.0,30.94736842105263,0,21,14.285714285714286,15,0,WR,1,0,0,0,0,0,0,Passenger,Ratlam Mhow Fast Passenger,52961
147.0,285.0,30.94736842105263,1,21,14.285714285714286,7,0,WR,1,0,0,0,1,0,0,Passenger,Mhow Ratlam Fast Passenger,52962
147.0,235.0,37.53191489361702,0,21,14.285714285714286,7,0,WR,1,0,0,0,0,0,0,Passenger,Ratlam Mhow Fast Passenger,52963
147.0,260.0,33.92307692307693,0,21,14.285714285714286,20,0,WR,1,0,0,0,0,0,0,Passenger,Mhow Ratlam Fast Passenger,52964
147.0,255.0,34.588235294117645,1,21,14.285714285714286,17,0,WR,1,0,0,0,1,0,0,Passenger,Ratlam Mhow Fast Passenger,52965
147.0,235.0,37.53191489361702,0,21,14.285714285714286,12,0,WR,1,0,0,0,0,0,0,Passenger,Mhow Ratlam Passenger,52966
29.0,70.0,24.857142857142854,0,7,24.13793103448276,6,0,Unknown,1,0,0,0,0,0,0,Passenger,Indore Mhow Fast Passenger,52967
29.0,50.0,34.8,0,7,24.13793103448276,5,0,WR,1,0,0,0,0,0,0,Passenger,Mhow Indore Fast Passenger,52968
23.0,40.0,34.5,0,4,17.391304347826086,16,0,WR,1,0,0,0,0,0,0,Passenger,Ujjain Fatehabad Passenger,52969
23.0,40.0,34.5,0,4,17.391304347826086,18,0,WR,1,0,0,0,0,0,0,Passenger,Fatehabad Chowk Ujjain Passenger,52970
91.0,190.0,28.736842105263158,0,15,16.483516483516482,6,0,WR,1,0,0,0,0,0,0,Passenger,Ujjain Mhow Passenger,52971
91.0,170.0,32.11764705882353,0,14,15.384615384615383,18,0,WR,1,0,0,0,0,0,0,Passenger,Mhow Ujjain Passenger,52972
431.0,1050.0,24.62857142857143,1,47,10.904872389791183,22,1,WR,1,0,0,0,1,0,0,Passenger,Ratlam Akola Passenger,52973
431.0,990.0,26.12121212121212,1,47,10.904872389791183,6,0,WR,1,0,0,0,1,0,0,Passenger,Ratlam Akola Passenger,52975
431.0,925.0,27.956756756756757,1,47,10.904872389791183,13,0,WR,1,0,0,0,1,0,0,Passenger,Akola Ratlam Fast Pass,52976
29.0,50.0,34.8,0,7,24.13793103448276,11,0,WR,0,0,0,0,0,0,0,Passenger,Indore Mhow Fast Passenger,52977
29.0,50.0,34.8,0,9,31.03448275862069,9,0,WR,1,0,0,0,0,0,0,Passenger,Mhow-Indore Passenger,52978
29.0,65.0,26.76923076923077,0,9,31.03448275862069,14,0,WR,1,0,0,0,0,0,0,Passenger,Indore Mhow Passenger,52979
29.0,55.0,31.636363636363637,0,9,31.03448275862069,13,0,WR,1,0,0,0,0,0,0,Passenger,MHOW - INDM Passenger,52980
29.0,50.0,34.8,0,9,31.03448275862069,18,0,WR,1,0,0,0,0,0,0,Passenger,Indore Mhow Fast Passenger,52981
29.0,50.0,34.8,0,9,31.03448275862069,16,0,WR,1,0,0,0,0,0,0,Passenger,Mhow Indore MG Fast Passenger,52982
68.0,150.0,27.2,0,12,17.64705882352941,15,0,WR,1,0,0,0,0,0,0,Passenger,Fatehabad Mhow Passenger,52983
203.0,325.0,37.47692307692307,0,32,15.763546798029559,6,0,NR,1,0,0,0,0,0,0,Express,Rai Bareli Jaunpur Express,14202
2333.0,2655.0,52.72316384180791,3,314,13.459065580797258,10,0,NFR,0,0,1,1,1,0,0,Express,Guwahati Barmer Express Slip,15632-Slip
2574.0,2885.0,53.53206239168111,3,355,13.791763791763792,23,1,ECoR,1,0,1,1,1,0,0,Express,AMRITSAR - VISAKHAPATNAM Hirakud Exp,18508
2333.0,2850.0,49.11578947368421,2,370,15.859408486926705,23,1,NFR,0,0,0,1,1,0,0,Express,Bikaner Guwahati Express,25631
68.0,130.0,31.384615384615387,0,12,17.64705882352941,13,0,Unknown,1,0,0,0,0,0,0,Passenger,Mhow Fatehabad Fast Passenger,52984
29.0,55.0,31.636363636363637,0,9,31.03448275862069,20,0,WR,1,0,0,0,0,0,0,Passenger,Indore Mg Mhow Passenger,52985
29.0,50.0,34.8,0,9,31.03448275862069,19,0,WR,1,0,0,0,0,0,0,Passenger,Mhow Indore MG Pass,52986
292.0,815.0,21.496932515337424,1,27,9.246575342465754,11,0,WR,1,0,0,0,1,0,0,Passenger,Mhow Akola Fast Passenger,52987
292.0,765.0,22.901960784313726,1,27,9.246575342465754,23,1,WR,1,0,0,0,1,0,0,Passenger,Akola Mhow Fast Passenger,52988
91.0,185.0,29.513513513513512,0,14,15.384615384615383,19,0,WR,1,0,0,0,0,0,0,Passenger,Ujjain Mhow Passenger,52989
91.0,195.0,28.0,0,17,18.681318681318682,6,0,WR,1,0,0,0,0,0,0,Passenger,Mhow Ujjain Passenger,52990
204.0,475.0,25.768421052631577,0,29,14.215686274509803,13,0,WR,1,0,0,0,0,0,0,Passenger,Ujjain Khandwa Passenger,52991
204.0,390.0,31.384615384615383,0,29,14.215686274509803,6,0,WR,1,0,0,0,0,0,0,Passenger,Khandwa Ujjain Passenger Express,52992
292.0,730.0,24.0,1,27,9.246575342465754,20,0,WR,1,0,0,0,1,0,0,Passenger,Mhow Akola Passenger,52993
292.0,680.0,25.76470588235294,1,27,9.246575342465754,19,0,WR,1,0,0,0,1,0,0,Passenger,Akola Mhow Passenger,52994
217.0,380.0,34.26315789473684,0,64,29.493087557603687,16,0,ER,1,0,0,0,0,0,0,Passenger,Howrah Azimganj Passenger,53001
217.0,430.0,30.27906976744186,0,62,28.571428571428573,20,0,ER,1,0,0,0,0,0,0,Passenger,Azimganj Howrah Passenger,53002
339.0,625.0,32.544000000000004,1,82,24.188790560471976,21,0,ER,1,0,0,0,1,0,0,Passenger,Howrah Malda Town Fast Passenger,53003
339.0,675.0,30.133333333333333,0,82,24.188790560471976,17,0,ER,1,0,0,0,0,0,0,Passenger,Malda Howrah Fast Passenger,53004
73.0,109.0,40.18348623853211,0,18,24.65753424657534,3,1,ER,0,0,0,0,0,0,0,Passenger,Azimganj Katwa Passenger,53006
134.0,300.0,26.8,0,30,22.388059701492537,8,0,ER,1,0,0,0,0,0,0,Passenger,Katwa Rampurhat Passenger,53007
134.0,335.0,24.0,0,30,22.388059701492537,8,0,ER,1,0,0,0,0,0,0,Passenger,Rampurhat Katwa Passenger,53008
73.0,135.0,32.44444444444444,0,21,28.767123287671232,5,0,ER,0,0,0,0,0,0,0,Passenger,Azimganj Katwa Passenger,53010
73.0,143.0,30.62937062937063,0,23,31.506849315068493,7,0,ER,0,0,0,0,0,0,0,Passenger,Azimganj Katwa Passenger,53012
73.0,127.0,34.488188976377955,0,23,31.506849315068493,8,0,ER,0,0,0,0,0,0,0,Passenger,Azimganj Katwa Passenger,53014
73.0,140.0,31.285714285714285,0,18,24.65753424657534,14,0,ER,1,0,0,0,0,0,0,Passenger,Azimganj Katwa Passenger,53016
73.0,140.0,31.285714285714285,0,21,28.767123287671232,19,0,ER,1,0,0,0,0,0,0,Passenger,Katwa Azimganj Passenger,53017
73.0,150.0,29.2,0,23,31.506849315068493,15,0,ER,1,0,0,0,0,0,0,Passenger,Azimganj Katwa Passenger,53018
226.0,485.0,27.958762886597935,0,42,18.58407079646018,11,0,ER,1,0,0,0,0,0,0,Passenger,Bhagalpur Azimganj Passenger,53022
94.0,210.0,26.857142857142858,0,18,19.148936170212767,21,0,ER,1,0,0,0,0,0,0,Passenger,Azimganj Barharwa Passenger,53035
651.0,1300.0,30.046153846153846,0,119,18.27956989247312,11,0,ER,1,0,0,0,0,0,0,Passenger,Howrah-Rajgir Fast Passenger,53043
676.0,1410.0,28.76595744680851,0,120,17.75147928994083,12,0,ER,1,0,0,0,0,0,0,Passenger,Rajgir-Howrah Fast Passenger,53044
288.0,350.0,49.371428571428574,0,57,19.791666666666668,16,0,ER,1,0,0,0,0,0,0,Passenger,Mayurakshi Fast Passenger,53045
288.0,365.0,47.34246575342466,0,57,19.791666666666668,5,0,ER,1,0,0,0,0,0,0,Passenger,Mayurakshi Fast Passenger,53046
219.0,295.0,44.54237288135593,1,52,23.744292237442924,16,0,ER,1,0,0,0,0,1,0,Passenger,Viswabharati Fast Passenger,53047
219.0,300.0,43.8,1,52,23.744292237442924,5,0,ER,1,0,0,0,0,1,0,Passenger,Viswabharati Fast Passenger,53048
455.0,890.0,30.674157303370784,0,81,17.802197802197803,12,0,ER,1,0,0,0,0,0,0,Passenger,Mokameh Howrah Passenger,53050
345.0,685.0,30.218978102189784,0,51,14.782608695652174,6,0,ER,1,0,0,0,0,0,0,Passenger,Barddhaman-Hatia Passenger,53061
333.0,795.0,25.132075471698112,0,53,15.915915915915916,7,0,ER,1,0,0,0,0,0,0,Passenger,Hatia Barddhaman Passenger,53062
212.0,355.0,35.83098591549295,0,31,14.622641509433961,14,0,ER,1,0,0,0,0,0,0,Passenger,Barharwa Barddhaman Passenger,53064
112.0,155.0,43.354838709677416,0,19,16.96428571428571,9,0,ER,1,0,0,0,0,0,0,Passenger,Barddhaman Rampurhat Passenger,53065
112.0,155.0,43.354838709677416,0,19,16.96428571428571,14,0,ER,1,0,0,0,0,0,0,Passenger,Rampurhat Barddhaman Passenger,53066
112.0,160.0,42.0,0,19,16.96428571428571,17,0,ER,1,0,0,0,0,0,0,Passenger,Barddhaman Rampurhat Passenger,53067
181.0,415.0,26.16867469879518,0,26,14.3646408839779,4,1,ECR,1,0,0,0,0,0,0,Passenger,Buxar Islampur Passenger,53208
94.0,155.0,36.387096774193544,0,16,17.02127659574468,4,1,ECR,1,0,0,0,0,0,0,Passenger,Buxar Mughal Sarai Passenger,53213
94.0,160.0,35.25,0,16,17.02127659574468,9,0,ECR,1,0,0,0,0,0,0,Passenger,Buxar Mughal Sarai Passenger,53215
94.0,145.0,38.896551724137936,0,16,17.02127659574468,16,0,ECR,1,0,0,0,0,0,0,Passenger,Buxar Mughal Sarai Passenger,53217
2147.0,2370.0,54.35443037974684,3,342,15.92920353982301,23,1,SER,1,0,1,1,1,0,0,Express,HOWRAH - VASCO DA GAMA Amravati Exp,18047
891.0,1110.0,48.16216216216216,2,120,13.468013468013467,17,0,CR,0,0,0,1,1,0,0,Passenger,Ballarshah Wardha Mumbai Passenger,51196
112.0,165.0,40.72727272727273,0,19,16.96428571428571,9,0,ER,1,0,0,0,0,0,0,Passenger,Rampurhat Barddhaman Passenger,53068
112.0,152.0,44.21052631578947,0,19,16.96428571428571,6,0,ER,1,0,0,0,0,0,0,Passenger,Rampurhat Barddhaman Passenger,53070
133.0,217.0,36.774193548387096,0,22,16.541353383458645,20,0,ER,1,0,0,0,0,0,0,Passenger,Rampurhat Sahibganj Passenger,53073
133.0,225.0,35.46666666666667,0,22,16.541353383458645,4,1,ER,1,0,0,0,0,0,0,Passenger,Sahibganj Rampurhat Passenger,53074
568.0,1180.0,28.881355932203387,0,102,17.95774647887324,7,0,ER,1,0,0,0,0,0,0,Passenger,Muzaffarpur Sealdah Passenger,53132
227.0,385.0,35.37662337662338,0,54,23.788546255506606,11,0,ER,1,0,0,0,0,0,0,Passenger,Sealdah Rampurhat Passenger,53135
227.0,415.0,32.81927710843373,0,54,23.788546255506606,13,0,ER,1,0,0,0,0,0,0,Passenger,Rampurhat Sealdah Passenger,53136
79.0,125.0,37.919999999999995,0,13,16.455696202531644,4,1,ER,1,0,0,0,0,0,0,Passenger,Rampurhat- Barharwa Passenger,53137
241.0,340.0,42.52941176470588,1,53,21.991701244813278,23,1,ER,1,0,0,0,1,0,0,Passenger,KolkataChitpur-Chittaranjan Passenger,53139
241.0,305.0,47.40983606557377,1,53,21.991701244813278,8,0,ER,1,0,0,0,1,0,0,Passenger,Chittranjan-KolkataChitpur Passenger,53140
154.0,220.0,42.0,0,30,19.48051948051948,3,1,ER,1,0,0,0,0,0,0,Passenger,Lalgola Ranaghat Passenger,53152
154.0,255.0,36.23529411764706,0,30,19.48051948051948,11,0,ER,1,0,0,0,0,0,0,Passenger,Ranaghat Lalgola Passenger,53153
154.0,235.0,39.319148936170215,0,30,19.48051948051948,11,0,ER,1,0,0,0,0,0,0,Passenger,Lalgola Ranaghat Passenger,53154
154.0,225.0,41.06666666666667,0,30,19.48051948051948,17,0,ER,1,0,0,0,0,0,0,Passenger,Ranaghat Lalgola Passenger,53155
154.0,274.0,33.722627737226276,0,30,19.48051948051948,17,0,ER,1,0,0,0,0,0,0,Passenger,LGL Ranaghat Passenger,53156
227.0,430.0,31.674418604651162,2,54,23.788546255506606,21,0,ER,1,0,0,0,1,0,1,Passenger,Lalgola Sealdah Passenger,53172
227.0,343.0,39.708454810495624,0,54,23.788546255506606,7,0,ER,1,0,0,0,0,0,0,Passenger,Sealdah Lalgola Passenger,53173
227.0,345.0,39.47826086956522,0,54,23.788546255506606,4,1,ER,1,0,0,0,0,0,0,Passenger,Lalgola Sealdah Passenger,53174
227.0,378.0,36.03174603174603,1,54,23.788546255506606,12,0,ER,1,0,0,0,0,0,1,Passenger,Sealdah Lalgola Passenger,53175
227.0,315.0,43.23809523809524,0,54,23.788546255506606,17,0,ER,1,0,0,0,0,0,0,Passenger,Sealdah Lalgola Fast Passenger,53177
227.0,405.0,33.629629629629626,0,54,23.788546255506606,8,0,ER,1,0,0,0,0,0,0,Passenger,Lalgola Sealdah Fast Passenger,53178
227.0,350.0,38.91428571428572,0,53,23.348017621145374,14,0,ER,0,0,0,0,0,0,0,Passenger,Kolkata Lalgola Passenger,53179
227.0,385.0,35.37662337662338,0,54,23.788546255506606,13,0,ER,1,0,0,0,0,0,0,Passenger,Lalgola Kolkata Passenger,53180
227.0,355.0,38.36619718309859,2,54,23.788546255506606,23,1,ER,1,0,0,0,1,0,1,Passenger,Lalgola Passenger,53181
117.0,195.0,36.0,0,17,14.529914529914532,5,0,ECR,1,0,0,0,0,0,0,Passenger,Patna Buxar Passenger,53203
117.0,285.0,24.63157894736842,0,25,21.36752136752137,9,0,ECR,1,0,0,0,0,0,0,Passenger,Buxar Patna Passenger,53204
117.0,275.0,25.527272727272727,0,17,14.529914529914532,14,0,ECR,1,0,0,0,0,0,0,Passenger,Patna Buxar Passenger,53205
117.0,295.0,23.796610169491522,0,17,14.529914529914532,12,0,ECR,1,0,0,0,0,0,0,Passenger,Buxar Patna Passenger,53206
181.0,550.0,19.745454545454546,0,37,20.441988950276244,14,0,ECR,1,0,0,0,0,0,0,Passenger,Islampur Buxar Passenger,53207
94.0,200.0,28.2,0,16,17.02127659574468,5,0,ECR,1,0,0,0,0,0,0,Passenger,Mughal Sarai Buxar Passenger,53214
94.0,200.0,28.2,0,16,17.02127659574468,8,0,ECR,1,0,0,0,0,0,0,Passenger,Mughal Sarai Buxar Passenger,53216
94.0,180.0,31.333333333333332,0,16,17.02127659574468,13,0,ECR,1,0,0,0,0,0,0,Passenger,Mughal Sarai Buxar Passenger,53218
94.0,225.0,25.066666666666666,0,17,18.085106382978726,23,1,ECR,1,0,0,0,0,0,0,Passenger,Buxar Mughal Sarai Passenger,53219
196.0,390.0,30.153846153846153,0,39,19.89795918367347,5,0,ECR,1,0,0,0,0,0,0,Passenger,Darbhanga-Patna Kamala Ganga Fast Passenger,53227
197.0,450.0,26.266666666666666,0,37,18.781725888324875,15,0,ECR,1,0,0,0,0,0,0,Passenger,Kamla Ganga Fast Passenger,53228
108.0,275.0,23.563636363636366,0,25,23.148148148148145,5,0,ECR,1,0,0,0,0,0,0,Passenger,Rajgir Danapur Passenger,53229
108.0,275.0,23.563636363636366,0,25,23.148148148148145,17,0,ECR,1,0,0,0,0,0,0,Passenger,Danapur Rajgir Passenger,53230
108.0,260.0,24.923076923076923,0,25,23.148148148148145,7,0,ECR,1,0,0,0,0,0,0,Passenger,Danapur Rajgir Passenger,53231
108.0,360.0,18.0,0,25,23.148148148148145,16,0,ECR,1,0,0,0,0,0,0,Passenger,Rajgir Danapur Passenger,53232
59.0,90.0,39.333333333333336,0,13,22.033898305084747,16,0,Unknown,1,0,0,0,0,0,0,Passenger,ASANSOL DHANBAD PASS,53321
59.0,85.0,41.64705882352941,0,13,22.033898305084747,13,0,ECR,1,0,0,0,0,0,0,Passenger,Dhanbad-Asansol Passenger MEMU,53322
455.0,835.0,32.69461077844311,0,62,13.626373626373628,5,0,ECR,1,0,0,0,0,0,0,Passenger,NSCB GOMOH - CHOPAN Passenger,53343
455.0,770.0,35.45454545454545,0,62,13.626373626373628,6,0,ECR,1,0,0,0,0,0,0,Passenger,CHOPAN - NSCB GOMOH Passenger,53344
223.0,460.0,29.08695652173913,0,24,10.762331838565023,4,1,ECR,1,0,0,0,0,0,0,Passenger,CHOPAN - ALLAHABAD Passenger,53345
223.0,475.0,28.16842105263158,0,24,10.762331838565023,14,0,ECR,1,0,0,0,0,0,0,Passenger,ALLAHABAD - CHOPAN Passenger,53346
467.0,575.0,48.73043478260869,4,78,16.70235546038544,21,0,ER,1,1,1,1,1,0,0,Express,Jamalpur Express,13071
717.0,1325.0,32.467924528301886,2,81,11.297071129707113,8,0,SECR,1,0,0,0,1,0,1,Express,Bilaspur Express Cum Passenger,18235
502.0,580.0,51.931034482758626,3,102,20.318725099601597,19,0,ECoR,1,0,1,1,1,0,0,Express,Sri Jagannath Express,18409
1592.0,1845.0,51.77235772357724,3,259,16.268844221105528,11,0,SER,1,0,1,1,1,0,0,Express,East Coast Express,18645
1754.0,1915.0,54.9556135770235,3,239,13.62599771949829,17,0,WR,1,0,1,1,1,0,0,Express,Shipra Express,19306
1882.0,1995.0,56.6015037593985,2,267,14.187035069075451,18,0,ER,0,0,0,1,1,0,0,Superfast,Bikaner-Howrah SF Express,22308
552.0,840.0,39.42857142857143,1,98,17.753623188405797,16,0,ER,1,0,0,0,1,0,0,Passenger,Rajgir Howrah Passenger,23040
57.0,90.0,38.0,0,21,36.8421052631579,10,0,Unknown,1,0,0,0,0,0,0,Passenger,Howrah-Tarakeswar Local,37355
71.0,115.0,37.04347826086956,1,25,35.21126760563381,9,0,Unknown,1,0,0,0,0,0,1,Passenger,Panskura Howrah EMU,38442
10.0,20.0,30.0,0,4,40.0,2,1,SR,1,0,0,0,0,0,0,Passenger,Avadi Pattabiram East EMU,43891
216.0,360.0,36.0,0,24,11.11111111111111,14,0,NCR,1,0,0,0,0,0,0,Passenger,Agra Jhansi Passenger,51816
455.0,740.0,36.89189189189189,1,81,17.802197802197803,22,1,ER,1,0,0,0,1,0,0,Passenger,Howrah Mokameh Passenger,53049
27.0,95.0,17.05263157894737,0,6,22.22222222222222,8,0,ECR,1,0,0,0,0,0,0,Passenger,SINDRI TOWN DHANBAD PASSSENGE,53323
27.0,55.0,29.454545454545457,0,6,22.22222222222222,6,0,ECR,1,0,0,0,0,0,0,Passenger,Dhanbad Sindri Town Passenger,53324
27.0,65.0,24.923076923076923,0,6,22.22222222222222,11,0,ECR,1,0,0,0,0,0,0,Passenger,Sindri Town Dhanbad Passenger,53325
27.0,65.0,24.923076923076923,0,6,22.22222222222222,10,0,ECR,1,0,0,0,0,0,0,Passenger,Dhanbad Sindri Town Passenger,53326
56.0,145.0,23.17241379310345,0,11,19.642857142857142,14,0,ECR,1,0,0,0,0,0,0,Passenger,Sindri Town Gomoh Passenger,53327
56.0,115.0,29.217391304347824,0,11,19.642857142857142,17,0,ECR,1,0,0,0,0,0,0,Passenger,Gomoh Sindri Town Passenger,53328
27.0,65.0,24.923076923076923,0,6,22.22222222222222,20,0,ECR,1,0,0,0,0,0,0,Passenger,Sindri Town Dhanbad Passenger,53333
27.0,65.0,24.923076923076923,0,6,22.22222222222222,13,0,ECR,1,0,0,0,0,0,0,Passenger,DHANBAD SINDRI TOWN PASSENGER,53334
161.0,340.0,28.41176470588235,0,27,16.770186335403725,15,0,ECR,1,0,0,0,0,0,0,Passenger,Ranchi Dhanbad Passenger,53336
269.0,360.0,44.833333333333336,0,36,13.382899628252789,5,0,ECR,1,0,0,0,0,0,0,Passenger,Garhbeta Ranchi Passenger,53337
269.0,360.0,44.833333333333336,0,35,13.011152416356877,15,0,ECR,1,0,0,0,0,0,0,Passenger,Ranchi Garhbeta Passenger,53338
34.0,110.0,18.545454545454547,0,10,29.41176470588235,11,0,ECR,1,0,0,0,0,0,0,Passenger,Dhanbad Chandrapura Passenger,53339
34.0,105.0,19.428571428571427,0,10,29.41176470588235,13,0,ECR,1,0,0,0,0,0,0,Passenger,Chandrapura Dhanbad Passenger,53340
101.0,305.0,19.868852459016395,0,20,19.801980198019802,17,0,ECR,1,0,0,0,0,0,0,Passenger,Dhanbad-Muri Passenger,53341
101.0,270.0,22.444444444444443,0,20,19.801980198019802,4,1,ECR,1,0,0,0,0,0,0,Passenger,Muri-Dhanbad Passenger,53342
255.0,420.0,36.42857142857143,0,33,12.941176470588236,9,0,ECR,1,0,0,0,0,0,0,Passenger,Gomoh Barwadih Passenger,53347
255.0,480.0,31.875,0,33,12.941176470588236,5,0,ECR,1,0,0,0,0,0,0,Passenger,Barwadih Gomoh Passenger,53348
164.0,250.0,39.36,0,23,14.02439024390244,5,0,ECR,1,0,0,0,0,0,0,Passenger,Dehri on Sone Barwadih Passenger,53350
303.0,535.0,33.981308411214954,0,26,8.58085808580858,3,1,ECR,0,0,0,0,0,0,0,Passenger,Barwadih-Chunar Passenger,53351
103.0,190.0,32.526315789473685,0,8,7.766990291262136,14,0,ECR,0,0,0,0,0,0,0,Passenger,Chunar Chopan Passenger,53352
319.0,495.0,38.666666666666664,0,44,13.793103448275863,15,0,Unknown,0,0,0,0,0,0,0,Passenger,Dehari On Sone - Barkakana Passenger,53358
100.0,200.0,30.0,0,16,16.0,18,0,ECR,1,0,0,0,0,0,0,Passenger,Gomoh Barka Kana Passenger,53359
100.0,200.0,30.0,0,16,16.0,3,1,ECR,1,0,0,0,0,0,0,Passenger,Barkakana-NSBC Gomoh Passenger,53360
456.0,742.0,36.8733153638814,0,60,13.157894736842106,5,0,ECR,1,0,0,0,0,0,0,Passenger,Barka Kana Varanasi Passenger,53361
456.0,780.0,35.07692307692308,0,60,13.157894736842106,7,0,ECR,1,0,0,0,0,0,0,Passenger,Varanasi-Barkakana Passenger,53362
85.0,130.0,39.23076923076923,0,13,15.294117647058824,13,0,ECR,1,0,0,0,0,0,0,Passenger,Dehri On Sone Gaya Passenger,53364
105.0,195.0,32.30769230769231,0,18,17.142857142857142,6,0,ER,1,0,0,0,0,0,0,Passenger,Sahibganj- Malda Town Passenger,53401
106.0,210.0,30.285714285714285,0,13,12.264150943396226,16,0,ER,1,0,0,0,0,0,0,Passenger,Malda Town- Sahibganj Passenger,53402
435.0,1040.0,25.096153846153847,0,50,11.49425287356322,5,0,ER,0,0,0,0,0,0,0,Passenger,Rampurhat Gaya Passenger,53403
133.0,245.0,32.57142857142858,0,22,16.541353383458645,19,0,Unknown,1,0,0,0,0,0,0,Passenger,Sahibganj- Rampurhat Passenger,53406
53.0,85.0,37.41176470588235,0,10,18.867924528301884,12,0,ER,1,0,0,0,0,0,0,Passenger,Sahibganj Barharwa Passenger,53412
233.0,360.0,38.833333333333336,0,39,16.738197424892704,5,0,ER,1,0,0,0,0,0,0,Passenger,Barddhaman MaldaTown Passenger,53417
233.0,400.0,34.949999999999996,0,39,16.738197424892704,15,0,ER,1,0,0,0,0,0,0,Passenger,Malda Town Barddhaman Passenger,53418
72.0,105.0,41.142857142857146,0,9,12.5,7,0,ER,1,0,0,0,0,0,0,Passenger,Jasidih-Dumka Passenger,53551
72.0,105.0,41.142857142857146,0,9,12.5,13,0,ER,1,0,0,0,0,0,0,Passenger,Jasidih-Dumka Passenger,53553
155.0,200.0,46.5,0,20,12.903225806451612,9,0,ER,0,0,0,0,0,0,0,Passenger,asansol jhajha mEMU,53567
1733.0,2000.0,51.989999999999995,3,236,13.618003462204271,10,0,CR,1,0,1,1,1,0,0,Express,MUMBAI LTT - GORAKHPUR Exp,11055
624.0,850.0,44.04705882352941,4,67,10.737179487179487,20,0,NCR,1,1,1,1,1,0,0,Express,Gwalior-Varanasi Bundelkhand Express,11107
1752.0,2145.0,49.00699300699301,0,285,16.267123287671232,16,0,NER,1,0,0,0,0,0,0,Express,AHMEDABAD - MUZAFFARPUR Jan Sadharan Exp,15270
145.0,215.0,40.46511627906977,0,22,15.172413793103448,4,1,SWR,1,0,0,0,0,0,0,Express,JOLARPETTAI - BANGALORE Exp,16519
22.0,44.0,30.000000000000004,0,10,45.45454545454545,14,0,Unknown,0,0,0,0,0,0,0,Passenger,Dankuni Sealdah Local,32252
115.0,240.0,28.75,0,15,13.043478260869566,8,0,WCR,1,0,0,0,0,0,0,Passenger,Amla Chhindwara Passenger,51253
118.0,160.0,44.25,0,14,11.864406779661017,7,0,NCR,1,0,0,0,0,0,0,Passenger,Agra Gwalior Fast Passenger,51882
92.0,280.0,19.71428571428571,0,16,17.391304347826086,15,0,NCR,1,0,0,0,0,0,0,Passenger,Gwalior Sabalgarh Passenger,52173
11.0,25.0,26.4,0,2,18.181818181818183,6,0,Unknown,1,0,0,0,0,0,0,Passenger,Tinpahar Rajmahal Pass,53481
11.0,25.0,26.4,0,2,18.181818181818183,2,1,Unknown,1,0,0,0,0,0,0,Passenger,Rajmahal Tinpahar Passenger,53482
11.0,28.0,23.57142857142857,0,3,27.272727272727273,9,0,Unknown,1,0,0,0,0,0,0,Passenger,Tinpahar Rajmahal Pass,53483
11.0,25.0,26.4,0,2,18.181818181818183,6,0,Unknown,1,0,0,0,0,0,0,Passenger,Rajmahal Tinpahar Passenger,53484
11.0,28.0,23.57142857142857,0,3,27.272727272727273,13,0,Unknown,1,0,0,0,0,0,0,Passenger,Tinpahar Rajmahal Pass,53485
11.0,25.0,26.4,0,2,18.181818181818183,16,0,Unknown,1,0,0,0,0,0,0,Passenger,Tinpahar Rajmahal Pass,53487
11.0,28.0,23.57142857142857,0,3,27.272727272727273,17,0,Unknown,1,0,0,0,0,0,0,Passenger,Rajmahal Tinpahar Passenger,53490
11.0,25.0,26.4,0,2,18.181818181818183,21,0,Unknown,1,0,0,0,0,0,0,Passenger,Tinpahar Rajmahal Pass,53491
11.0,25.0,26.4,0,2,18.181818181818183,20,0,ER,1,0,0,0,0,0,0,Passenger,Rajmahal Tinpahar Passenger,53492
11.0,25.0,26.4,0,2,18.181818181818183,23,1,Unknown,1,0,0,0,0,0,0,Passenger,Tinpahar Rajmahal Pass,53493
11.0,25.0,26.4,0,2,18.181818181818183,22,1,ER,1,0,0,0,0,0,0,Passenger,Rajmahal-Teenpahar Pass.,53494
38.0,70.0,32.57142857142857,0,7,18.42105263157895,3,1,Unknown,1,0,0,0,0,0,0,Passenger,Madhupur Giridih Pass,53511
38.0,55.0,41.45454545454545,0,7,18.42105263157895,4,1,Unknown,1,0,0,0,0,0,0,Passenger,GIRIDIH MADHUPUR PASS,53512
36.0,60.0,36.0,0,7,19.444444444444446,8,0,Unknown,1,0,0,0,0,0,0,Passenger,MADHUPUR GIRIDIH PASS,53513
36.0,60.0,36.0,0,7,19.444444444444446,9,0,ER,1,0,0,0,0,0,0,Passenger,Giridih-Madhupur Passenger,53514
38.0,60.0,38.0,0,7,18.42105263157895,16,0,Unknown,1,0,0,0,0,0,0,Passenger,MADHUPUR GIRIDIH PASS,53517
38.0,55.0,41.45454545454545,0,7,18.42105263157895,17,0,Unknown,1,0,0,0,0,0,0,Passenger,GIRIDIH MADHUPUR PASS,53518
38.0,55.0,41.45454545454545,0,7,18.42105263157895,21,0,Unknown,1,0,0,0,0,0,0,Passenger,MADHUPUR GIRIDIH PASS,53519
36.0,55.0,39.27272727272727,0,7,19.444444444444446,22,1,Unknown,1,0,0,0,0,0,0,Passenger,Giridih-Madhupur Passenger,53520
34.0,95.0,21.473684210526315,0,6,17.64705882352941,6,0,ER,1,0,0,0,0,0,0,Passenger,Andal-Jasidih Passenger,53547
136.0,240.0,34.0,0,19,13.970588235294116,13,0,ER,1,0,0,0,0,0,0,Passenger,Jasidih Andal Passenger,53548
72.0,105.0,41.142857142857146,0,9,12.5,9,0,ER,1,0,0,0,0,0,0,Passenger,Dumka-Jasidih Passenger,53552
72.0,105.0,41.142857142857146,0,9,12.5,17,0,ER,1,0,0,0,0,0,0,Passenger,Dumka-Jasidih Passenger,53554
85.0,135.0,37.77777777777778,0,13,15.294117647058824,15,0,ECR,1,0,0,0,0,0,0,Passenger,Dehri On Sone Gaya Passenger,53602
85.0,145.0,35.17241379310345,0,13,15.294117647058824,16,0,ECR,1,0,0,0,0,0,0,Passenger,Gaya Dehri On Sone Passenger,53603
85.0,135.0,37.77777777777778,0,13,15.294117647058824,10,0,ECR,1,0,0,0,0,0,0,Passenger,Dehri-on-Sone Gaya Passenger,53604
85.0,125.0,40.8,0,14,16.47058823529412,7,0,ECR,1,0,0,0,0,0,0,Passenger,Gaya Dehri on Sone Passenger,53607
58.0,175.0,19.885714285714286,0,9,15.517241379310345,18,0,ECR,1,0,0,0,0,0,0,Passenger,Dildarnagar Mughal Sarai Passenger,53641
19.0,50.0,22.8,0,4,21.05263157894737,8,0,ECR,1,0,0,0,0,0,0,Passenger,Dildarnagar Tarighat Passenger,53643
19.0,55.0,20.727272727272727,0,4,21.05263157894737,9,0,ECR,1,0,0,0,0,0,0,Passenger,Tarighat Dildarnagar Passenger,53644
19.0,50.0,22.8,0,4,21.05263157894737,12,0,ECR,1,0,0,0,0,0,0,Passenger,Dildarnagar Tarighat Passenger,53645
19.0,45.0,25.333333333333332,0,4,21.05263157894737,13,0,ECR,1,0,0,0,0,0,0,Passenger,Tarighat Dildarnagar Passenger,53646
19.0,45.0,25.333333333333332,0,2,10.526315789473685,17,0,NCR,1,0,0,0,0,0,0,Passenger,Dildarnagar Tarighat Passenger,53647
73.0,155.0,28.258064516129032,0,20,27.397260273972602,18,0,NR,1,0,0,0,0,0,0,Passenger,Tilak Bridge Rohtak Shuttle,54001
73.0,149.0,29.395973154362416,0,20,27.397260273972602,6,0,NR,1,0,0,0,0,0,0,Passenger,Rohtak Tilak Bridge Passenger,54002
86.0,182.0,28.351648351648354,0,24,27.906976744186046,17,0,NR,1,0,0,0,0,0,0,Passenger,Rewari Passenger,54011
86.0,185.0,27.89189189189189,0,24,27.906976744186046,6,0,NR,1,0,0,0,0,0,0,Passenger,Rewari Tilak Bridge Passenger,54012
124.0,217.0,34.285714285714285,0,20,16.129032258064516,18,0,NR,0,0,0,0,0,0,0,Passenger,Tilak Bridge Delhi Bulandshahr Passenger,54022
116.0,160.0,43.5,1,25,21.551724137931036,12,0,SCR,0,0,0,0,1,0,0,Passenger,Hyderabad-Tandur Passenger,57517
69.0,125.0,33.12,0,20,28.985507246376812,7,0,WR,1,0,0,0,0,0,0,Express,Ahmedabad Mahesana InterCity,19916
94.0,170.0,33.17647058823529,0,21,22.340425531914896,3,1,ER,1,0,0,0,0,0,0,Passenger,Barharwa Azimganj Passenger,53036
120.0,180.0,40.0,0,18,15.0,9,0,Unknown,1,0,0,0,0,0,0,Passenger,Dehri on Sone Mughal Sarai Passenger,53609
164.0,270.0,36.44444444444444,0,23,14.02439024390244,5,0,Unknown,1,0,0,0,0,0,0,Passenger,Barwadih Dehri on Sone Passenger,53611
164.0,285.0,34.526315789473685,0,23,14.02439024390244,19,0,Unknown,1,0,0,0,0,0,0,Passenger,Dehri on Sone Barwadih Passenger,53612
205.0,300.0,41.0,0,30,14.634146341463415,4,1,ECR,1,0,0,0,0,0,0,Passenger,Mughal Sarai Gaya Fast Passenger,53614
183.0,385.0,28.519480519480517,0,20,10.92896174863388,13,0,Unknown,1,0,0,0,0,0,0,Passenger,GAYA JAMALPUR PASS,53616
182.0,445.0,24.539325842696627,0,44,24.175824175824175,13,0,ECR,1,0,0,0,0,0,0,Passenger,JHAJHA - GAYA Passenger,53623
182.0,425.0,25.694117647058825,0,42,23.076923076923077,5,0,ECR,1,0,0,0,0,0,0,Passenger,GAYA - JHAJHA Passenger,53624
129.0,310.0,24.96774193548387,0,12,9.30232558139535,4,1,ECR,1,0,0,0,0,0,0,Passenger,Kiul Gaya Passenger,53625
129.0,290.0,26.689655172413794,0,12,9.30232558139535,7,0,ECR,1,0,0,0,0,0,0,Passenger,Gaya Kiul Passenger,53626
129.0,265.0,29.20754716981132,0,12,9.30232558139535,6,0,ECR,1,0,0,0,0,0,0,Passenger,Kiul Gaya Passenger,53627
129.0,345.0,22.434782608695652,0,12,9.30232558139535,11,0,ECR,1,0,0,0,0,0,0,Passenger,Gaya Kiul Passenger,53628
129.0,285.0,27.157894736842106,0,16,12.403100775193797,13,0,ECR,1,0,0,0,0,0,0,Passenger,Kiul Gaya Passenger,53629
129.0,283.0,27.34982332155477,0,12,9.30232558139535,19,0,ECR,1,0,0,0,0,0,0,Passenger,Gaya Kiul Passenger,53630
129.0,245.0,31.59183673469388,0,14,10.852713178294573,18,0,ECR,1,0,0,0,0,0,0,Passenger,Kiul Gaya Passenger,53631
129.0,275.0,28.145454545454548,0,12,9.30232558139535,20,0,ECR,1,0,0,0,0,0,0,Passenger,Gaya Kiul Passenger,53632
58.0,95.0,36.631578947368425,0,9,15.517241379310345,6,0,ECR,1,0,0,0,0,0,0,Passenger,Mughal Sarai Dildarnagar Passenger,53642
19.0,45.0,25.333333333333332,0,2,10.526315789473685,17,0,NCR,1,0,0,0,0,0,0,Passenger,Tarighat Dildarnagar Passenger,53648
92.0,195.0,28.307692307692307,0,29,31.52173913043478,19,0,ECR,1,0,0,0,0,0,0,Passenger,Patna Gaya Passenger,53653
92.0,195.0,28.307692307692307,0,30,32.608695652173914,6,0,ECR,1,0,0,0,0,0,0,Passenger,Gaya Patna Passenger MEMU,53654
146.0,290.0,30.20689655172414,0,21,14.383561643835616,15,0,Unknown,1,0,0,0,0,0,0,Passenger,Patna-Sasaram Passenger,53659
93.0,200.0,27.9,0,12,12.903225806451612,12,0,NR,1,0,0,0,0,0,0,Passenger,H Nizamuddin Kosi Kalan,54003
93.0,130.0,42.92307692307693,0,12,12.903225806451612,9,0,NR,1,0,0,0,0,0,0,Passenger,H Nizamuddin Kosi Kalan,54004
141.0,270.0,31.333333333333332,0,27,19.148936170212767,4,1,NR,1,0,0,0,0,0,0,Passenger,JIND - ROHTAK  Passenger (UnReserved),54006
141.0,255.0,33.1764705882353,0,27,19.148936170212767,9,0,NR,1,0,0,0,0,0,0,Passenger,ROHTAK - PANIPAT - JIND Passenger (UnReserved),54007
141.0,250.0,33.839999999999996,0,25,17.73049645390071,10,0,NR,1,0,0,0,0,0,0,Passenger,JIND - ROHTAK PASSENGER,54008
141.0,290.0,29.17241379310345,0,25,17.73049645390071,17,0,NR,1,0,0,0,0,0,0,Passenger,JIND - ROHTAK PASSENGER,54009
49.0,65.0,45.23076923076923,0,7,14.285714285714286,14,0,NR,1,0,0,0,0,0,0,Passenger,Rohtak Bhiwani Passenger,54013
49.0,110.0,26.727272727272727,0,7,14.285714285714286,7,0,NR,1,0,0,0,0,0,0,Passenger,Bhiwani Rohtak Passenger,54014
49.0,85.0,34.588235294117645,0,7,14.285714285714286,17,0,NR,1,0,0,0,0,0,0,Passenger,Rohtak Bhiwani Passenger,54015
49.0,65.0,45.23076923076923,0,7,14.285714285714286,9,0,NR,1,0,0,0,0,0,0,Passenger,Bhiwani Rohtak Passenger,54016
49.0,80.0,36.75,0,7,14.285714285714286,16,0,NR,0,0,0,0,0,0,0,Passenger,Bhiwani Rohtak Passenger,54018
101.0,213.0,28.450704225352116,0,18,17.821782178217823,5,0,NR,0,0,0,0,0,0,0,Passenger,Tilak Bridge Passenger,54021
57.0,85.0,40.23529411764706,0,9,15.789473684210527,7,0,NR,0,0,0,0,0,0,0,Passenger,Rohtak Jind Passenger,54023
127.0,255.0,29.88235294117647,0,25,19.68503937007874,17,0,NR,0,0,0,0,0,0,0,Passenger,Jind Delhi Passenger,54024
245.0,380.0,38.684210526315795,0,29,11.83673469387755,16,0,NR,1,0,0,0,0,0,0,Passenger,Jind Sirsa Passenger,54043
245.0,505.0,29.10891089108911,0,29,11.83673469387755,6,0,NR,1,0,0,0,0,0,0,Passenger,Sirsa Jind Passenger,54044
258.0,550.0,28.145454545454548,0,36,13.953488372093023,3,1,NR,1,0,0,0,0,0,0,Passenger,Jind Firozpur Passenger,54045
258.0,540.0,28.666666666666668,0,36,13.953488372093023,14,0,NR,1,0,0,0,0,0,0,Passenger,Jind Firozpur Passenger,54046
124.0,175.0,42.51428571428572,0,17,13.709677419354838,10,0,NR,1,0,0,0,0,0,0,Passenger,Ludhiana Firozpur Passenger,54051
124.0,170.0,43.76470588235294,0,17,13.709677419354838,13,0,NR,1,0,0,0,0,0,0,Passenger,Ludhiana Firozpur Passenger,54052
129.0,190.0,40.73684210526316,0,18,13.953488372093023,5,0,NR,1,0,0,0,0,0,0,Passenger,Jakhal Ludhiana Passenger,54053
129.0,200.0,38.699999999999996,0,18,13.953488372093023,19,0,NR,1,0,0,0,0,0,0,Passenger,Ludhiana Jakhal Passenger,54054
274.0,595.0,27.630252100840337,1,47,17.153284671532845,17,0,NR,1,0,0,0,1,0,0,Passenger,Bareilly Delhi Passenger,54077
274.0,555.0,29.62162162162162,1,47,17.153284671532845,23,1,NR,1,0,0,0,1,0,0,Passenger,Shajahanpur Passenger Slip Ex Bareilly,54078
24.0,45.0,32.0,0,3,12.5,20,0,NR,1,0,0,0,0,0,0,Passenger,Najibabad Kotdwara Pass,54091
120.0,190.0,37.89473684210527,0,17,14.166666666666668,18,0,NCR,1,0,0,0,0,0,0,Passenger,Mughal Sarai Allahabad Passenger,54104
127.0,240.0,31.75,0,25,19.68503937007874,11,0,NR,1,0,0,0,0,0,0,Passenger,DELHI - JIND PASSENGER,54031
127.0,230.0,33.130434782608695,0,25,19.68503937007874,7,0,NR,1,0,0,0,0,0,0,Passenger,JIND - DELHI PASSENGER,54032
127.0,265.0,28.754716981132074,0,29,22.834645669291337,17,0,NR,1,0,0,0,0,0,0,Passenger,OLD DELHI - NARWANA Pass,54033
127.0,230.0,33.130434782608695,0,25,19.68503937007874,15,0,NR,1,0,0,0,0,0,0,Passenger,JIND - DELHI Pass,54034
199.0,370.0,32.27027027027027,0,35,17.587939698492463,15,0,NR,1,0,0,0,0,0,0,Passenger,DELHI  - JAKHAL PASSENGER,54035
199.0,380.0,31.42105263157895,0,35,17.587939698492463,4,1,NR,1,0,0,0,0,0,0,Passenger,JAKHAL - DELHI PASSENGER,54036
126.0,205.0,36.87804878048781,0,17,13.492063492063492,7,0,NR,1,0,0,0,0,0,0,Passenger,Kurukshetra Jind Passenger,54037
126.0,185.0,40.86486486486486,0,17,13.492063492063492,4,1,NR,1,0,0,0,0,0,0,Passenger,Jind Kurukshetra Passenger,54038
126.0,195.0,38.76923076923077,0,17,13.492063492063492,12,0,NR,1,0,0,0,0,0,0,Passenger,Kurukshetra Jind Passenger,54039
126.0,185.0,40.86486486486486,0,17,13.492063492063492,8,0,NR,1,0,0,0,0,0,0,Passenger,Jind Kurukshetra Passenger,54040
126.0,185.0,40.86486486486486,0,17,13.492063492063492,18,0,NR,1,0,0,0,0,0,0,Passenger,Kurukshetra Jind Passenger,54041
126.0,185.0,40.86486486486486,0,17,13.492063492063492,13,0,NR,1,0,0,0,0,0,0,Passenger,Jind Kurukshetra Passenger,54042
126.0,165.0,45.81818181818182,0,10,7.936507936507937,21,0,NR,1,0,0,0,0,0,0,Passenger,Jind Kurukshetra Passenger,54047
126.0,200.0,37.8,0,17,13.492063492063492,17,0,NR,1,0,0,0,0,0,0,Passenger,Jind Nrw Kurukshetra Passenger,54048
141.0,260.0,32.53846153846154,0,25,17.73049645390071,4,1,NR,1,0,0,0,0,0,0,Passenger,ROHTAK - JIND PASSENGER,54049
141.0,250.0,33.839999999999996,0,25,17.73049645390071,16,0,NR,1,0,0,0,0,0,0,Passenger,ROHTAK - JIND PASSENGER,54050
164.0,285.0,34.526315789473685,0,29,17.682926829268293,15,0,NR,1,0,0,0,0,0,0,Passenger,Moradabad Delhi Passenger,54055
94.0,205.0,27.51219512195122,0,23,24.46808510638298,21,0,NR,1,0,0,0,0,0,0,Passenger,Delhi Shamli Passenger,54057
94.0,195.0,28.923076923076923,0,22,23.404255319148938,3,1,NR,1,0,0,0,0,0,0,Passenger,Shamli Delhi Passenger,54058
94.0,155.0,36.387096774193544,0,22,23.404255319148938,22,1,NR,1,0,0,0,0,0,0,Passenger,Delhi Shamli Passenger,54059
94.0,210.0,26.857142857142858,0,22,23.404255319148938,6,0,NR,1,0,0,0,0,0,0,Passenger,Shamli Delhi Passenger,54060
43.0,70.0,36.857142857142854,0,7,16.27906976744186,19,0,NR,1,0,0,0,0,0,0,Passenger,Hoshiarpur Jalandhar DMU,54071
43.0,85.0,30.352941176470587,0,7,16.27906976744186,5,0,NR,1,0,0,0,0,0,0,Passenger,Jalandhar Hoshiarpur DMU,54072
409.0,780.0,31.46153846153846,1,64,15.647921760391199,14,0,NR,1,0,0,0,1,0,0,Passenger,Sitapur Delhi Passenger,54075
409.0,835.0,29.38922155688623,1,64,15.647921760391199,23,1,NR,1,0,0,0,1,0,0,Passenger,Delhi - Sitapur Cant Passenger,54076
82.0,155.0,31.741935483870964,0,22,26.82926829268293,7,0,NR,1,0,0,0,0,0,0,Passenger,Delhi Rewari Pass,54085
82.0,195.0,25.23076923076923,0,22,26.82926829268293,10,0,NR,1,0,0,0,0,0,0,Passenger,Rewari Delhi Pass,54086
214.0,430.0,29.86046511627907,0,30,14.018691588785046,3,1,NCR,1,0,0,0,0,0,0,Passenger,Kanpur Allahabad Passenger,54102
152.0,255.0,35.76470588235294,0,21,13.81578947368421,16,0,NCR,1,0,0,0,0,0,0,Passenger,Mughalsarai Allahabad Passenger,54105
152.0,240.0,38.0,0,21,13.81578947368421,7,0,NCR,1,0,0,0,0,0,0,Passenger,Allahabad Mughal Sarai Passenger,54106
113.0,275.0,24.654545454545456,0,19,16.8141592920354,17,0,NCR,1,0,0,0,0,0,0,Passenger,Allahabad Jaunpur Passenger,54107
113.0,300.0,22.6,0,19,16.8141592920354,5,0,NCR,1,0,0,0,0,0,0,Passenger,Allahabad Jaunpur Passenger,54108
223.0,410.0,32.63414634146341,0,35,15.695067264573991,16,0,NCR,1,0,0,0,0,0,0,Passenger,Mughal Sarai Faizabad Passenger,54109
222.0,365.0,36.49315068493151,0,26,11.711711711711711,7,0,NCR,1,0,0,0,0,0,0,Passenger,Jhansi Kanpur Passenger,54157
214.0,357.0,35.96638655462185,0,26,12.149532710280374,6,0,NCR,1,0,0,0,0,0,0,Passenger,Kanpur Jhansi Passenger,54158
191.0,265.0,43.24528301886792,0,19,9.947643979057592,17,0,NCR,1,0,0,0,0,0,0,Passenger,Banda Jhansi Passenger,54160
9.0,25.0,21.599999999999998,0,2,22.22222222222222,16,0,NCR,1,0,0,0,0,0,0,Passenger,Kila Hathras Passenger,54192
9.0,25.0,21.599999999999998,0,2,22.22222222222222,8,0,NCR,1,0,0,0,0,0,0,Passenger,Hathras Kila Passenger,54193
56.0,115.0,29.217391304347824,0,8,14.285714285714285,6,0,NR,1,0,0,0,0,0,0,Passenger,RBL RAGHURAJ SINGH PASS,54221
56.0,140.0,24.0,0,8,14.285714285714285,17,0,NR,1,0,0,0,0,0,0,Passenger,RBL RAGHURAJ SINGH PASS,54223
38.0,50.0,45.6,0,5,13.157894736842104,8,0,NR,1,0,0,0,0,0,0,Passenger,Raibareli Unchahar Passenger,54226
127.0,225.0,33.86666666666667,0,24,18.89763779527559,4,1,NR,1,0,0,0,0,0,0,Passenger,Lucknow-Faizabad Passenger,54232
127.0,215.0,35.44186046511628,0,24,18.89763779527559,17,0,NR,1,0,0,0,0,0,0,Passenger,Lucknow Faizabad Passenger,54234
37.0,65.0,34.15384615384615,0,5,13.513513513513514,8,0,NR,1,0,0,0,0,0,0,Passenger,Mankapur Faizabad Passenger,54239
37.0,70.0,31.71428571428571,0,5,13.513513513513514,17,0,NR,1,0,0,0,0,0,0,Passenger,Mankapur Ayodhya Passenger,54243
519.0,1115.0,27.928251121076237,1,80,15.414258188824661,23,1,NR,1,0,0,0,1,0,0,Passenger,Lucknow Saharanpur Passenger,54251
225.0,470.0,28.72340425531915,0,32,14.222222222222221,4,1,NR,1,0,0,0,0,0,0,Passenger,Lucknow Pratapgarh,54254
198.0,380.0,31.263157894736842,0,27,13.636363636363637,13,0,NR,1,0,0,0,0,0,0,Passenger,Arrah-Sasaram-Mughal Sarai Passenger,54271
79.0,130.0,36.46153846153847,0,13,16.455696202531644,9,0,ER,1,0,0,0,0,0,0,Passenger,Barharwa- Rampurhat Passenger,53138
223.0,395.0,33.87341772151899,0,35,15.695067264573991,3,1,NCR,1,0,0,0,0,0,0,Passenger,Faizabad Mughal Sarai Passenger,54110
77.0,140.0,33.0,0,13,16.883116883116884,7,0,NCR,1,0,0,0,0,0,0,Passenger,Fatehpur Kanpur Passenger,54151
77.0,160.0,28.875,0,13,16.883116883116884,18,0,NCR,1,0,0,0,0,0,0,Passenger,Kanpur Fatehpur Passenger,54152
167.0,350.0,28.62857142857143,0,22,13.173652694610778,3,1,NCR,1,0,0,0,0,0,0,Passenger,Rae Bareli Kanpur Passenger,54153
167.0,368.0,27.228260869565215,0,22,13.173652694610778,16,0,NCR,1,0,0,0,0,0,0,Passenger,Kanpur Rae Bareli Passenger,54154
267.0,395.0,40.55696202531646,0,30,11.235955056179776,14,0,NCR,1,0,0,0,0,0,0,Passenger,Manikpur Kanpur Passenger,54155
259.0,384.0,40.46875,0,30,11.583011583011583,7,0,NCR,1,0,0,0,0,0,0,Passenger,Kanpur Manikpur Passenger,54156
127.0,325.0,23.446153846153845,0,19,14.960629921259843,5,0,NR,1,0,0,0,0,0,0,Passenger,Rae Bareli Kanpur Passenger,54211
189.0,265.0,42.79245283018868,0,25,13.227513227513228,14,0,NR,1,0,0,0,0,0,0,Passenger,Kanpur Rae Bareli Passenger,54212
56.0,105.0,32.0,0,8,14.285714285714285,8,0,NR,1,0,0,0,0,0,0,Passenger,Lalganj Dalmau Rai Bareli Passenger,54222
56.0,110.0,30.545454545454547,0,8,14.285714285714285,20,0,NR,1,0,0,0,0,0,0,Passenger,LalGanj Rae Bareli Passenger,54224
38.0,50.0,45.6,0,5,13.157894736842104,9,0,NR,1,0,0,0,0,0,0,Passenger,Unchahar Raebareli Shuttle,54225
38.0,75.0,30.4,0,5,13.157894736842104,17,0,NR,1,0,0,0,0,0,0,Passenger,Unchahar Raebareli Shuttle,54227
38.0,50.0,45.6,0,5,13.157894736842104,15,0,NR,1,0,0,0,0,0,0,Passenger,Raibareli Unchahar Passenger,54228
127.0,235.0,32.42553191489362,0,24,18.89763779527559,17,0,NR,1,0,0,0,0,0,0,Passenger,Faizabad Lucknow Passenger,54233
43.0,95.0,27.157894736842106,0,7,16.27906976744186,20,0,NR,1,0,0,0,0,0,0,Passenger,Mankapur Ayodhya Passenger,54237
43.0,85.0,30.352941176470587,0,7,16.27906976744186,4,1,NR,1,0,0,0,0,0,0,Passenger,Faizabad Mankapur Passenger,54238
37.0,80.0,27.75,0,5,13.513513513513514,10,0,NR,1,0,0,0,0,0,0,Passenger,Ayodhya Mankapur Passenger,54240
37.0,60.0,37.0,0,5,13.513513513513514,18,0,NR,1,0,0,0,0,0,0,Passenger,Ayodhya Mankapur Passenger,54244
520.0,1185.0,26.329113924050635,0,80,15.384615384615383,8,0,NR,1,0,0,0,0,0,0,Passenger,Saharanpur Lucknow Passenger,54252
225.0,550.0,24.545454545454547,0,32,14.222222222222221,14,0,NR,1,0,0,0,0,0,0,Passenger,Prayag Ghat Lucknow Passenger,54253
257.0,895.0,17.22905027932961,0,43,16.731517509727627,0,1,NR,1,0,0,0,0,0,0,Passenger,VARANASI - LUCKNOW PASSENGER,54255
301.0,570.0,31.68421052631579,0,42,13.953488372093025,11,0,NR,1,0,0,0,0,0,0,Passenger,LUCKNOW - VARANASI PASSENGER,54256
57.0,120.0,28.5,0,11,19.29824561403509,3,1,NR,0,0,0,0,0,0,0,Passenger,Mughal Sarai Jaunpur Passenger,54262
155.0,240.0,38.75,0,23,14.838709677419354,5,0,NR,1,0,0,0,0,0,0,Passenger,Varanasi Sultanpur Passenger,54263
155.0,220.0,42.27272727272727,0,23,14.838709677419354,6,0,NR,1,0,0,0,0,0,0,Passenger,Sultanpur Varanasi Passenger,54264
155.0,245.0,37.95918367346939,0,23,14.838709677419354,16,0,NR,1,0,0,0,0,0,0,Passenger,Varanasi Sultanpur Passenger,54265
155.0,280.0,33.214285714285715,0,23,14.838709677419354,18,0,NR,1,0,0,0,0,0,0,Passenger,Sultanpur Varanasi Passenger,54266
17.0,45.0,22.666666666666668,0,4,23.52941176470588,8,0,NR,1,0,0,0,0,0,0,Passenger,Mughal Sarai Varanasi Passenger,54267
17.0,40.0,25.5,0,4,23.52941176470588,18,0,NR,0,0,0,0,0,0,0,Passenger,Varanasi Mughal Sarai Passenger,54270
98.0,210.0,28.0,0,13,13.26530612244898,4,1,NR,1,0,0,0,0,0,0,Passenger,Arrah Sasaram Passenger,54273
98.0,210.0,28.0,0,13,13.26530612244898,8,0,NR,1,0,0,0,0,0,0,Passenger,Sasaram Arrah Passenger,54274
173.0,365.0,28.438356164383563,0,25,14.450867052023122,5,0,NR,1,0,0,0,0,0,0,Passenger,Partapgarh Lucknow Passenger,54293
173.0,380.0,27.315789473684212,0,25,14.450867052023122,13,0,NR,1,0,0,0,0,0,0,Passenger,Lucknow Partapgarh Passenger,54294
302.0,490.0,36.9795918367347,0,42,13.90728476821192,15,0,NR,1,0,0,0,0,0,0,Passenger,Delhi Kalka Passenger,54303
337.0,745.0,27.140939597315437,0,47,13.946587537091988,7,0,NR,1,0,0,0,0,0,0,Passenger,Kalka Delhi Passenger,54304
82.0,170.0,28.941176470588236,0,22,26.82926829268293,9,0,NR,1,0,0,0,0,0,0,Passenger,Rewari Delhi Passenger,54310
92.0,175.0,31.542857142857144,0,12,13.043478260869565,6,0,NR,0,0,0,0,0,0,0,Passenger,Shahjehanpur Sitapur Passenger,54328
96.0,170.0,33.88235294117647,0,14,14.583333333333334,17,0,NR,1,0,0,0,0,0,0,Passenger,Balamau Shahjahanpur Passenger,54329
96.0,170.0,33.88235294117647,0,14,14.583333333333334,8,0,NR,1,0,0,0,0,0,0,Passenger,Shahjehanpur Balamu Passenger,54330
69.0,120.0,34.5,0,10,14.492753623188406,17,0,NR,1,0,0,0,0,0,0,Passenger,Lucknow Balamau Passenger,54331
69.0,100.0,41.4,0,10,14.492753623188406,7,0,NR,1,0,0,0,0,0,0,Passenger,Balamu Lucknow Passenger,54332
347.0,610.0,34.13114754098361,0,49,14.121037463976945,12,0,NR,1,0,0,0,0,0,0,Passenger,Lucknow Varanasi Passenger,54334
167.0,390.0,25.692307692307693,0,27,16.167664670658684,11,0,NR,1,0,0,0,0,0,0,Passenger,Aligarh Bareilly Passenger,54351
160.0,340.0,28.235294117647058,0,27,16.875,5,0,NR,1,0,0,0,0,0,0,Passenger,Bareilly Aligarh Passenger,54352
389.0,865.0,26.982658959537574,0,21,5.3984575835475574,20,0,NR,1,0,0,0,0,0,0,Passenger,TUNDLA - FARRUKHABAD PASSENGER,54466
1660.0,1265.0,78.73517786561266,4,187,11.265060240963855,13,0,SCR,1,1,1,1,1,0,0,Premium,Secunderabad- Hazrat Nizamuddin Duronto Express,12285
1085.0,990.0,65.75757575757575,3,138,12.71889400921659,14,0,WR,1,0,1,1,1,0,0,Premium,Gujarat Sampark Kranti Express,12918
776.0,995.0,46.79396984924623,3,84,10.824742268041238,16,0,SCR,1,0,1,1,1,0,0,Express,Secunderabad Sainagar Shirdi Express,17002
331.0,500.0,39.72,3,36,10.876132930513595,22,1,SCR,0,0,1,1,1,0,0,Express,Machilipatnam Express Slip,17050-Slip
604.0,625.0,57.984,1,69,11.42384105960265,5,0,CR,1,0,0,0,0,1,0,Superfast,Bhusaval Nagpur (Triweekly) Express,22111
14.0,30.0,28.0,0,11,78.57142857142857,6,0,SCR,0,0,0,0,0,0,0,Superfast,Secunderabad Falaknuma MMTS,47172
14.0,30.0,28.0,0,11,78.57142857142857,4,1,SCR,1,0,0,0,0,0,0,Superfast,Secunderabad Falaknuma MMTS,47205
330.0,440.0,45.0,0,26,7.878787878787879,2,1,NER,1,0,0,0,0,0,0,Passenger,Gonda Mailani Passenger,52253
53.0,90.0,35.333333333333336,0,10,18.867924528301884,12,0,ER,1,0,0,0,0,0,0,Passenger,Barharwa Sahibganj Passenger,53411
85.0,118.0,43.22033898305085,0,13,15.294117647058824,18,0,ECR,1,0,0,0,0,0,0,Passenger,Dehri on Sone Gaya Passenger,53608
127.0,215.0,35.44186046511628,0,24,18.89763779527559,5,0,NR,1,0,0,0,0,0,0,Passenger,Faizabad Lucknow Passenger,54231
198.0,345.0,34.43478260869565,0,27,13.636363636363637,19,0,NR,1,0,0,0,0,0,0,Passenger,Mughal Sarai-Sasaram-Arrah Passenger,54272
140.0,265.0,31.698113207547166,0,17,12.142857142857144,6,0,NR,1,0,0,0,0,0,0,Passenger,Sultanpur Lucknow Passenger,54281
140.0,235.0,35.74468085106383,0,17,12.142857142857144,6,0,NR,1,0,0,0,0,0,0,Passenger,Lucknow Sultanpur Passenger,54282
140.0,275.0,30.545454545454547,0,17,12.142857142857144,18,0,NR,1,0,0,0,0,0,0,Passenger,Sultanpur Lucknow Passenger,54283
140.0,245.0,34.285714285714285,0,17,12.142857142857144,18,0,NR,1,0,0,0,0,0,0,Passenger,Lucknow Sultanpur Passenger,54284
128.0,250.0,30.72,0,18,14.0625,16,0,NR,1,0,0,0,0,0,0,Passenger,Varanasi Partapgarh Passenger,54291
128.0,225.0,34.13333333333333,0,98,76.5625,5,0,NR,1,0,0,0,0,0,0,Passenger,Partapgarh Varanasi Passenger,54292
37.0,65.0,34.15384615384615,0,7,18.91891891891892,9,0,NR,1,0,0,0,0,0,0,Passenger,Hapur Ghaziabad Shuttle,54301
37.0,80.0,27.75,0,7,18.91891891891892,16,0,NR,1,0,0,0,0,0,0,Passenger,Ghaziabad Hapur Passenger,54302
113.0,210.0,32.285714285714285,0,18,15.92920353982301,8,0,NR,1,0,0,0,0,0,0,Passenger,Moradabad Bareilly Passenger,54312
69.0,155.0,26.709677419354836,0,13,18.84057971014493,18,0,NR,1,0,0,0,0,0,0,Passenger,Sitapur Cantt Balamau Passenger,54322
97.0,140.0,41.57142857142857,0,11,11.34020618556701,15,0,NR,1,0,0,0,0,0,0,Passenger,BURHWAL - SITAPUR CANT PASSENGER,54323
97.0,145.0,40.13793103448276,0,14,14.43298969072165,12,0,NR,1,0,0,0,0,0,0,Passenger,SITAPUR - BURHWAL Passenger,54324
186.0,530.0,21.056603773584904,0,31,16.666666666666664,10,0,NR,1,0,0,0,0,0,0,Passenger,Sitapur Kanpur DMU,54325
185.0,565.0,19.646017699115045,0,27,14.594594594594595,5,0,NR,1,0,0,0,0,0,0,Passenger,KANPUR SITAPUR PASS,54326
87.0,140.0,37.285714285714285,0,11,12.64367816091954,17,0,NR,0,0,0,0,0,0,0,Passenger,Sitapur Shahjehanpur Passenger,54327
333.0,720.0,27.75,0,49,14.714714714714715,4,1,NR,1,0,0,0,0,0,0,Passenger,Varanasi Lucknow Passenger,54333
117.0,275.0,25.527272727272727,0,19,16.239316239316242,7,0,NR,1,0,0,0,0,0,0,Passenger,Balamau Kanpur Passenger,54335
132.0,305.0,25.9672131147541,0,21,15.909090909090908,14,0,NR,1,0,0,0,0,0,0,Passenger,Sharanpur Dehradun Passenger,54341
132.0,295.0,26.847457627118644,0,21,15.909090909090908,8,0,NR,1,0,0,0,0,0,0,Passenger,Dehradun Saharanpur Passenger,54342
160.0,350.0,27.42857142857143,0,27,16.875,9,0,NR,1,0,0,0,0,0,0,Passenger,BAREILLY - ALIGARH PASSENGER,54354
78.0,150.0,31.2,0,13,16.666666666666668,6,0,NR,1,0,0,0,0,0,0,Passenger,Roza Bareilly Passenger,54355
78.0,135.0,34.666666666666664,0,13,16.666666666666668,17,0,NR,1,0,0,0,0,0,0,Passenger,Bareilley Roza junction passenger,54356
151.0,330.0,27.454545454545453,0,21,13.90728476821192,5,0,NR,1,0,0,0,0,0,0,Passenger,Prayag Faizabad Passenger,54371
151.0,375.0,24.16,0,21,13.90728476821192,13,0,NR,1,0,0,0,0,0,0,Passenger,Faizabad Prayag Passenger,54372
151.0,335.0,27.044776119402986,0,21,13.90728476821192,17,0,NR,1,0,0,0,0,0,0,Passenger,Faizabad Prayag Passenger,54374
107.0,210.0,30.571428571428573,0,18,16.822429906542055,6,0,NR,1,0,0,0,0,0,0,Passenger,Prayag Jaunpur Passenger,54375
107.0,235.0,27.319148936170215,0,18,16.822429906542055,17,0,NR,1,0,0,0,0,0,0,Passenger,Jaunpur Prayag Passenger,54376
172.0,350.0,29.485714285714288,0,24,13.953488372093023,17,0,NR,1,0,0,0,0,0,0,Passenger,MORADABAD  -  ALIGARH PASSENGER,54392
94.0,200.0,28.2,0,13,13.829787234042554,6,0,NR,1,0,0,0,0,0,0,Passenger,Khurja Meerut Passenger,54401
94.0,180.0,31.333333333333332,0,14,14.893617021276597,12,0,NR,1,0,0,0,0,0,0,Passenger,Khurja Meerut Passenger,54403
418.0,895.0,28.022346368715084,0,66,15.789473684210527,14,0,Unknown,1,0,0,0,0,0,0,Passenger,BANDIKUI - BAREILLY Passenger,54461
160.0,370.0,25.945945945945944,0,66,41.25,20,0,NR,1,0,0,0,0,0,0,Passenger,BAREILLY - BANDIKUI Passenger,54462
579.0,1310.0,26.51908396946565,0,93,16.06217616580311,14,0,NWR,1,0,0,0,0,0,0,Passenger,RISHIKESH - BANDIKUI Passenger,54464
389.0,840.0,27.785714285714285,0,21,5.3984575835475574,15,0,NR,1,0,0,0,0,0,0,Passenger,FARRUKHABAD - TUNDLA PASSENGER,54465
148.0,350.0,25.371428571428574,1,26,17.56756756756757,23,1,SECR,1,0,0,0,1,0,0,Passenger,Chhindwara Ramakon Nagpur Passenger,58838
151.0,355.0,25.52112676056338,0,21,13.90728476821192,8,0,NR,1,0,0,0,0,0,0,Passenger,Prayag Faizabad Passenger,54373
429.0,780.0,33.0,0,60,13.986013986013987,1,1,NR,1,0,0,0,0,0,0,Passenger,Allahabad Passenger,54377
431.0,860.0,30.069767441860463,0,59,13.68909512761021,9,0,NR,1,0,0,0,0,0,0,Passenger,Bareilly Allahabad Passenger,54378
107.0,270.0,23.77777777777778,0,12,11.214953271028037,8,0,NR,1,0,0,0,0,0,0,Passenger,Najibabad Gajraula Passenger,54382
107.0,245.0,26.204081632653065,0,12,11.214953271028037,15,0,NR,1,0,0,0,0,0,0,Passenger,Gajraula Najibabad Passenger,54383
107.0,205.0,31.31707317073171,0,12,11.214953271028037,17,0,NR,1,0,0,0,0,0,0,Passenger,Najibabad Gajraula Passenger,54384
24.0,45.0,32.0,0,3,12.5,9,0,NR,1,0,0,0,0,0,0,Passenger,Najibabad Kotdwara Passenger,54385
24.0,45.0,32.0,0,3,12.5,10,0,NR,1,0,0,0,0,0,0,Passenger,Kotdwara Najibabad Passenger,54386
24.0,45.0,32.0,0,3,12.5,11,0,NR,1,0,0,0,0,0,0,Passenger,Najibabad Kotdwara Pass,54387
24.0,45.0,32.0,0,3,12.5,12,0,NR,1,0,0,0,0,0,0,Passenger,Kotdwara Najibabad Pass,54388
24.0,45.0,32.0,0,3,12.5,17,0,NR,1,0,0,0,0,0,0,Passenger,Najibabad Kotdwara Pass,54389
24.0,45.0,32.0,0,3,12.5,18,0,NR,1,0,0,0,0,0,0,Passenger,Kotdwara Najibabad Pass,54390
94.0,230.0,24.52173913043478,0,14,14.893617021276597,5,0,NR,1,0,0,0,0,0,0,Passenger,Meerut Khurja Passenger,54402
94.0,205.0,27.51219512195122,0,14,14.893617021276597,17,0,NR,1,0,0,0,0,0,0,Passenger,Khurja Meerut Passenger,54405
94.0,170.0,33.17647058823529,0,13,13.829787234042554,17,0,NR,1,0,0,0,0,0,0,Passenger,Meerut Khurja Passenger,54406
167.0,340.0,29.470588235294116,0,38,22.754491017964074,14,0,NWR,1,0,0,0,0,0,0,Passenger,Rewari Meerut Cantt. Passenger,54411
167.0,325.0,30.830769230769228,0,38,22.754491017964074,6,0,NWR,1,0,0,0,0,0,0,Passenger,Meerut NDLS Rewari Passenger,54412
82.0,180.0,27.333333333333332,0,22,26.82926829268293,3,1,NR,1,0,0,0,0,0,0,Passenger,Delhi Rewari Passenger,54413
82.0,155.0,31.741935483870964,0,22,26.82926829268293,7,0,NR,1,0,0,0,0,0,0,Passenger,Rewari Delhi Passenger,54414
82.0,155.0,31.741935483870964,0,22,26.82926829268293,13,0,NR,1,0,0,0,0,0,0,Passenger,Rewari Delhi Sarai Rohilla Passenger,54416
82.0,155.0,31.741935483870964,0,22,26.82926829268293,16,0,NR,1,0,0,0,0,0,0,Passenger,Delhi Rewari Passenger,54417
82.0,155.0,31.741935483870964,0,22,26.82926829268293,17,0,NR,1,0,0,0,0,0,0,Passenger,Rewari Delhi Passenger,54418
82.0,155.0,31.741935483870964,0,22,26.82926829268293,20,0,NR,1,0,0,0,0,0,0,Passenger,Delhi Sarai Rohilla Rewari Passenger,54419
82.0,155.0,31.741935483870964,0,22,26.82926829268293,19,0,NR,1,0,0,0,0,0,0,Passenger,Rewari Delhi Passenger,54420
78.0,135.0,34.666666666666664,0,19,24.358974358974358,12,0,NR,1,0,0,0,0,0,0,Passenger,Rewari Delhi Sarai Rohilla Passenger,54421
78.0,150.0,31.2,0,19,24.358974358974358,5,0,NR,1,0,0,0,0,0,0,Passenger,Rewari Delhi Sarai Rohilla Passenger,54422
579.0,1385.0,25.08303249097473,0,93,16.06217616580311,14,0,NWR,1,0,0,0,0,0,0,Passenger,BANDIKUI - RISHIKESH Passenger,54463
311.0,655.0,28.48854961832061,0,46,14.790996784565918,17,0,NR,1,0,0,0,0,0,0,Passenger,Delhi Rishikesh Passenger,54471
311.0,620.0,30.096774193548384,0,46,14.790996784565918,7,0,NR,1,0,0,0,0,0,0,Passenger,Rishikesh Delhi Passenger,54472
196.0,295.0,39.86440677966102,0,33,16.836734693877553,3,1,NR,1,0,0,0,0,0,0,Passenger,Saharanpur Delhi Passenger,54474
244.0,660.0,22.181818181818183,0,49,20.081967213114755,10,0,NR,1,0,0,0,0,0,0,Passenger,Haridwar Passenger,54475
244.0,655.0,22.35114503816794,0,50,20.491803278688526,5,0,NR,1,0,0,0,0,0,0,Passenger,Haridwar Delhi Passenger,54476
23.0,55.0,25.090909090909093,0,5,21.73913043478261,5,0,NR,1,0,0,0,0,0,0,Passenger,Haridwar Rishikesh Passenger,54481
23.0,60.0,23.0,0,5,21.73913043478261,8,0,NR,1,0,0,0,0,0,0,Passenger,Rishikesh Haridwar Passenger,54482
23.0,50.0,27.599999999999998,0,5,21.73913043478261,10,0,NR,1,0,0,0,0,0,0,Passenger,Haridwar Rishikesh Passenger,54483
23.0,60.0,23.0,0,5,21.73913043478261,15,0,NR,1,0,0,0,0,0,0,Passenger,Rishikesh Haridwar Passenger,54484
23.0,50.0,27.599999999999998,0,5,21.73913043478261,17,0,NR,1,0,0,0,0,0,0,Passenger,Haridwar Rishikesh Passenger,54485
23.0,50.0,27.599999999999998,0,5,21.73913043478261,18,0,NR,1,0,0,0,0,0,0,Passenger,Rishikesh Haridwar Passenger,54486
119.0,235.0,30.382978723404257,0,24,20.168067226890756,5,0,NR,1,0,0,0,0,0,0,Passenger,Bhiwani Delhi Passenger,54502
119.0,210.0,34.0,0,24,20.168067226890756,16,0,NR,1,0,0,0,0,0,0,Passenger,Delhi Bhiwani Passenger,54503
268.0,570.0,28.210526315789473,0,40,14.925373134328357,6,0,NR,1,0,0,0,0,0,0,Passenger,Ambala Delhi Passenger,54506
69.0,110.0,37.63636363636364,0,8,11.594202898550726,18,0,NR,1,0,0,0,0,0,0,Passenger,Ambala Kalka Shuttle,54531
194.0,410.0,28.390243902439025,0,28,14.43298969072165,16,0,NR,1,0,0,0,0,0,0,Passenger,AMBALA MEERUT PASS,54542
200.0,350.0,34.285714285714285,0,26,13.0,12,0,NR,1,0,0,0,0,0,0,Passenger,Ambala Bhatinda Passenger,54551
105.0,185.0,34.05405405405405,0,14,13.333333333333332,15,0,NR,0,0,0,0,0,0,0,Passenger,Ambala Dhuri Passenger,54553
124.0,200.0,37.199999999999996,0,19,15.32258064516129,11,0,NR,1,0,0,0,0,0,0,Passenger,Ludhiana Ferozpur Passenger,54572
77.0,129.0,35.81395348837209,0,15,19.48051948051948,19,0,NR,1,0,0,0,0,0,0,Passenger,Lohian Khas Ludhiana Passenger,54575
77.0,155.0,29.806451612903224,0,15,19.48051948051948,5,0,NR,1,0,0,0,0,0,0,Passenger,Lohian Khas Ludhiana Passenger,54576
73.0,100.0,43.8,0,7,9.589041095890412,8,0,NCR,1,0,0,0,0,0,0,Passenger,Etah Tundla Passenger,54468
73.0,105.0,41.714285714285715,0,8,10.95890410958904,10,0,NCR,1,0,0,0,0,0,0,Passenger,Tundla Barhan Etah Passenger,54469
73.0,120.0,36.5,0,7,9.589041095890412,16,0,NCR,1,0,0,0,0,0,0,Passenger,Etah Tundla Passenger,54470
195.0,350.0,33.42857142857143,0,33,16.923076923076923,18,0,NR,1,0,0,0,0,0,0,Passenger,Delhi Saharanpur Passenger,54473
268.0,605.0,26.57851239669421,0,40,14.925373134328357,10,0,NR,1,0,0,0,0,0,0,Passenger,Delhi Ambala Passenger,54505
170.0,245.0,41.632653061224495,0,17,10.0,7,0,NR,1,0,0,0,0,0,0,Passenger,Ambala Nangal Dam,54511
187.0,370.0,30.324324324324323,0,28,14.973262032085561,13,0,NR,1,0,0,0,0,0,0,Passenger,Delhi Saharanpur Passenger,54521
187.0,300.0,37.4,0,28,14.973262032085561,4,1,NR,1,0,0,0,0,0,0,Passenger,Saharanpur Delhi Passenger,54522
69.0,110.0,37.63636363636364,0,8,11.594202898550726,13,0,NR,1,0,0,0,0,0,0,Passenger,Ambala Kalka Passenger,54532
278.0,645.0,25.86046511627907,0,46,16.546762589928058,3,1,NR,1,0,0,0,0,0,0,Passenger,Nizamuddin Ambala Passenger,54539
278.0,650.0,25.66153846153846,0,45,16.18705035971223,14,0,NR,1,0,0,0,0,0,0,Passenger,Ambala Delhi Passenger,54540
194.0,370.0,31.45945945945946,0,28,14.43298969072165,4,1,NR,1,0,0,0,0,0,0,Passenger,MEERUT AMBALA PASS,54541
95.0,160.0,35.625,0,13,13.68421052631579,6,0,NR,0,0,0,0,0,0,0,Passenger,Dhuri Bathinda Passenger,54555
200.0,320.0,37.5,0,26,13.0,17,0,NR,0,0,0,0,0,0,0,Passenger,Bhatinda Ambala Passenger,54556
53.0,80.0,39.75,0,7,13.20754716981132,7,0,NR,1,0,0,0,0,0,0,Passenger,Ambala Patiala Passenger,54557
53.0,80.0,39.75,0,7,13.20754716981132,17,0,NR,1,0,0,0,0,0,0,Passenger,Patiala Ambala Passenger,54558
105.0,185.0,34.05405405405405,0,10,9.523809523809524,9,0,NR,0,0,0,0,0,0,0,Passenger,Bathinda Fazilka (Via Abohar) Passenger,54559
105.0,200.0,31.5,0,10,9.523809523809524,12,0,Unknown,1,0,0,0,0,0,0,Passenger,Fazilka Bathinda (Via Abohar) Passenger,54560
88.0,130.0,40.61538461538462,0,13,14.772727272727273,6,0,NR,1,0,0,0,0,0,0,Passenger,Firozpur Bhatinda Passenger,54561
88.0,140.0,37.714285714285715,0,13,14.772727272727273,6,0,NR,1,0,0,0,0,0,0,Passenger,Firozpur Bhatinda Passenger,54562
88.0,130.0,40.61538461538462,0,13,14.772727272727273,13,0,NR,1,0,0,0,0,0,0,Passenger,Firozpur Bhatinda Passenger,54563
88.0,140.0,37.714285714285715,0,13,14.772727272727273,17,0,NR,1,0,0,0,0,0,0,Passenger,Firozpur Bhatinda Passenger,54564
17.0,35.0,29.142857142857142,0,4,23.52941176470588,19,0,NR,1,0,0,0,0,0,0,Passenger,Nangal Dam Una Himachal Passenger,54581
346.0,670.0,30.985074626865675,1,49,14.16184971098266,22,1,NR,1,0,0,0,1,0,0,Passenger,Hisar Amritsar Passenger,54601
210.0,315.0,40.0,0,29,13.809523809523808,4,1,NR,1,0,0,0,0,0,0,Passenger,Hisar Ludhiana Passenger,54603
210.0,370.0,34.05405405405405,0,29,13.809523809523808,7,0,NR,1,0,0,0,0,0,0,Passenger,Hisar Ludhiana Passenger,54605
115.0,205.0,33.65853658536585,0,22,19.1304347826087,17,0,NR,1,0,0,0,0,0,0,Passenger,Jalandhar Pathankot Passenger,54621
115.0,185.0,37.2972972972973,0,22,19.1304347826087,8,0,NR,1,0,0,0,0,0,0,Passenger,Pathankot Jalandhar Passenger,54622
104.0,190.0,32.8421052631579,0,19,18.26923076923077,5,0,NR,1,0,0,0,0,0,0,Passenger,Jaijon Doaba Jalandhar Passenger,54625
104.0,180.0,34.666666666666664,0,19,18.26923076923077,16,0,NR,1,0,0,0,0,0,0,Passenger,Jalandhar Jaijon Doaba Passenger,54626
148.0,250.0,35.519999999999996,0,21,14.18918918918919,17,0,NR,1,0,0,0,0,0,0,Passenger,Dhuri Jakhal Hisar Passenger,54631
148.0,225.0,39.46666666666667,0,21,14.18918918918919,5,0,NR,1,0,0,0,0,0,0,Passenger,Dhuri Hisar Passenger,54632
210.0,320.0,39.375,0,29,13.809523809523808,13,0,NR,1,0,0,0,0,0,0,Passenger,Hisar Ludhiana Passenger,54633
210.0,340.0,37.05882352941176,0,29,13.809523809523808,5,0,NR,1,0,0,0,0,0,0,Passenger,Ludhiana Hisar Passenger,54634
210.0,305.0,41.31147540983607,0,29,13.809523809523808,9,0,NR,1,0,0,0,0,0,0,Passenger,Ludhiana Hisar Passenger,54636
43.0,60.0,43.0,0,7,16.27906976744186,11,0,NR,1,0,0,0,0,0,0,Passenger,Hoshiarpur-Jalandhar City DMU,54637
43.0,60.0,43.0,0,7,16.27906976744186,10,0,NR,1,0,0,0,0,0,0,Passenger,Jalandhar City Hoshiarpur DMU,54638
385.0,790.0,29.240506329113927,0,61,15.844155844155845,6,0,NR,1,0,0,0,0,0,0,Passenger,DELHI - FIROZPUR Passenger,54641
385.0,680.0,33.970588235294116,0,61,15.844155844155845,11,0,NR,1,0,0,0,0,0,0,Passenger,FIROZPUR - DELHI Passenger,54642
450.0,175.0,154.2857142857143,0,18,4.0,17,0,NR,1,0,0,0,0,0,0,Passenger,JALANDHAR CITY - FIROZPUR CANT PASSENGER,54643
117.0,13.0,540.0,0,18,15.384615384615385,9,0,NR,1,0,0,0,0,0,0,Passenger,FIROZPUR CANT - JALANDHAR CITY PASSENGER,54644
124.0,175.0,42.51428571428572,0,17,13.709677419354838,20,0,NR,1,0,0,0,0,0,0,Passenger,Ludhiana Firozpur Passenger,54645
53.0,85.0,37.41176470588235,0,6,11.320754716981131,16,0,NR,1,0,0,0,0,0,0,Passenger,Jammu Udhampur Passenger,54653
53.0,90.0,35.333333333333336,0,6,11.320754716981131,18,0,NR,1,0,0,0,0,0,0,Passenger,Udhampur Jammu Passenger,54654
321.0,475.0,40.54736842105263,1,30,9.345794392523365,10,0,NWR,0,0,0,0,1,0,0,Passenger,Bhatinda Lalgarh Passenger,54701
23.0,40.0,34.5,0,4,17.391304347826086,8,0,SR,1,0,0,0,0,0,0,Passenger,Guruvayur Thrissur Passenger,56373
45.0,75.0,36.0,0,12,26.666666666666664,11,0,Unknown,1,0,0,0,0,0,0,Passenger,JAMALPUR KIUL PASS,53423
107.0,175.0,36.68571428571429,0,16,14.953271028037383,4,1,NR,1,0,0,0,0,0,0,Passenger,Amritsar Batala Pathankot DMU,54611
107.0,170.0,37.76470588235294,0,16,14.953271028037383,5,0,NR,1,0,0,0,0,0,0,Passenger,Amritsar Batala Pathankot,54612
107.0,200.0,32.1,0,16,14.953271028037383,6,0,NR,1,0,0,0,0,0,0,Passenger,Amritsar Pathankot DMU,54613
107.0,180.0,35.666666666666664,0,16,14.953271028037383,8,0,NR,1,0,0,0,0,0,0,Passenger,Amritsar Batala Pathankot Passenger,54614
107.0,195.0,32.92307692307692,0,16,14.953271028037383,17,0,NR,1,0,0,0,0,0,0,Passenger,Amritsar Pathankot DMU,54615
107.0,175.0,36.68571428571429,0,16,14.953271028037383,17,0,NR,1,0,0,0,0,0,0,Passenger,Amritsar Batala Pathankot DMU,54616
210.0,360.0,35.0,0,29,13.809523809523808,16,0,NR,1,0,0,0,0,0,0,Passenger,Hisar Ludhiana Passenger,54635
124.0,210.0,35.42857142857143,0,19,15.32258064516129,5,0,NR,1,0,0,0,0,0,0,Passenger,Ludhiana Firozpur Passenger,54646
394.0,560.0,42.21428571428571,1,38,9.644670050761421,9,0,NWR,0,0,0,0,1,0,0,Passenger,Bikaner Abohar Passenger,54702
675.0,1080.0,37.5,1,66,9.777777777777779,19,0,NWR,0,0,0,0,1,0,0,Passenger,Abohar Jodhpur passenger,54703
427.0,670.0,38.23880597014926,0,45,10.538641686182672,13,0,NWR,1,0,0,0,0,0,0,Passenger,Rewari Shri Ganganagar,54751
427.0,660.0,38.81818181818182,0,45,10.538641686182672,1,1,NWR,1,0,0,0,0,0,0,Passenger,Shri Ganganagar Rewari,54752
127.0,195.0,39.07692307692308,0,18,14.173228346456693,10,0,NWR,1,0,0,0,0,0,0,Passenger,Bhatinda Shri Ganganagar Passenger,54753
127.0,215.0,35.44186046511628,0,18,14.173228346456693,6,0,NWR,1,0,0,0,0,0,0,Passenger,Shri Ganganagar Bhatinda Passenger,54754
127.0,205.0,37.170731707317074,0,18,14.173228346456693,7,0,NWR,1,0,0,0,0,0,0,Passenger,Bhatinda Shri Ganganagar Passenger,54755
127.0,230.0,33.130434782608695,0,18,14.173228346456693,15,0,NWR,1,0,0,0,0,0,0,Passenger,Sriganganagar Bathinda Passenger,54756
327.0,620.0,31.64516129032258,0,43,13.149847094801224,6,0,NWR,1,0,0,0,0,0,0,Passenger,Ambala Cantt. Shri Ganganagar Passenger,54757
327.0,525.0,37.371428571428574,0,43,13.149847094801224,11,0,NWR,1,0,0,0,0,0,0,Passenger,Shri Ganganagar Bathinda Passenger,54758
300.0,495.0,36.36363636363637,0,28,9.333333333333334,17,0,NWR,1,0,0,0,0,0,0,Passenger,Bhatinda Rewari Passenger,54781
300.0,475.0,37.89473684210526,0,28,9.333333333333334,9,0,NWR,1,0,0,0,0,0,0,Passenger,Rewari Bhatinda Passenger,54782
423.0,760.0,33.39473684210527,0,46,10.874704491725767,8,0,NWR,1,0,0,0,0,0,0,Passenger,Fazilka Rewari Passenger,54783
433.0,680.0,38.205882352941174,0,48,11.085450346420323,4,1,NWR,1,0,0,0,0,0,0,Passenger,Rewari Fazilka Passenger,54784
88.0,140.0,37.714285714285715,0,14,15.909090909090908,5,0,NR,1,0,0,0,0,0,0,Passenger,Firozpur Fazilka Passenger,54785
88.0,145.0,36.41379310344828,0,14,15.909090909090908,17,0,NR,1,0,0,0,0,0,0,Passenger,Fazilka Fir Passenger,54786
83.0,115.0,43.30434782608695,0,11,13.253012048192772,6,0,NWR,1,0,0,0,0,0,0,Passenger,Bhiwani Rewari Passenger,54787
83.0,115.0,43.30434782608695,0,11,13.253012048192772,21,0,NWR,1,0,0,0,0,0,0,Passenger,Rewari Bhiwani Passenger,54788
280.0,465.0,36.12903225806452,0,31,11.071428571428573,13,0,NWR,1,0,0,0,0,0,0,Passenger,Mathura Alwar Bhiwani Passenger,54791
280.0,470.0,35.74468085106383,0,31,11.071428571428573,4,1,NWR,1,0,0,0,0,0,0,Passenger,Bhiwani Mathura Passenger,54792
76.0,140.0,32.57142857142857,0,12,15.789473684210526,8,0,NWR,0,0,0,0,0,0,0,Passenger,Sawai Madhopur Mathura Passenger,54793
217.0,345.0,37.73913043478261,0,28,12.903225806451614,14,0,NWR,0,0,0,0,0,0,0,Passenger,Mathura Bayana Passenger,54794
496.0,970.0,30.680412371134018,1,78,15.725806451612904,23,1,NWR,1,0,0,0,1,0,0,Passenger,Ahmedabad Ajmer Passenger,54805
496.0,1050.0,28.34285714285714,1,78,15.725806451612904,10,0,NWR,1,0,0,0,1,0,0,Passenger,Ajmer Ahmedabad Passenger,54806
128.0,200.0,38.4,0,19,14.84375,18,0,NWR,1,0,0,0,0,0,0,Passenger,Ajmer Jaipur Passenger,54807
394.0,535.0,44.18691588785047,0,41,10.406091370558375,12,0,NWR,1,0,0,0,0,0,0,Passenger,Rewari-Degana Passenger,54809
394.0,555.0,42.5945945945946,0,41,10.406091370558375,5,0,NWR,1,0,0,0,0,0,0,Passenger,Degana Rewari Pass,54810
993.0,1620.0,36.77777777777778,1,107,10.775427995971803,16,0,NWR,1,0,0,0,1,0,0,Passenger,Bhopal Jodhpur Passenger,54811
993.0,1605.0,37.12149532710281,1,107,10.775427995971803,8,0,NWR,1,0,0,0,1,0,0,Passenger,Jodhpur Bhopal Passenger,54812
161.0,335.0,28.83582089552239,0,24,14.906832298136646,13,0,NER,1,0,0,0,0,0,0,Passenger,Ayodhya Gorakhpur Passenger,55002
147.0,270.0,32.666666666666664,0,23,15.646258503401361,6,0,NER,1,0,0,0,0,0,0,Passenger,Thawe Hajipur Passenger,55008
110.0,225.0,29.333333333333332,0,16,14.545454545454545,5,0,NER,1,0,0,0,0,0,0,Passenger,Bhatni Chhapra Passenger,55009
119.0,230.0,31.043478260869563,0,18,15.126050420168069,18,0,NER,1,0,0,0,0,0,0,Passenger,Gorakhpur Siwan Passenger,55012
205.0,505.0,24.356435643564357,0,34,16.585365853658537,13,0,NER,0,0,0,0,0,0,0,Passenger,Chhapra Varanasi Passenger,55013
219.0,430.0,30.55813953488372,0,30,13.698630136986301,18,0,NER,0,0,0,0,0,0,0,Passenger,Sonpur-Narkatiaganj Passenger,55015
134.0,310.0,25.93548387096774,0,21,15.671641791044776,17,0,NER,1,0,0,0,0,0,0,Passenger,Chhapra-Mau Passenger,55017
180.0,365.0,29.589041095890412,0,26,14.444444444444445,10,0,NER,1,0,0,0,0,0,0,Passenger,Chhapra Gorakhpur Passenger,55019
134.0,245.0,32.816326530612244,0,20,14.925373134328357,16,0,SR,0,0,0,0,0,0,0,Passenger,Coimbatore Thrissur Passenger,56605
53.0,87.0,36.55172413793104,0,13,24.528301886792452,10,0,Unknown,1,0,0,0,0,0,0,Passenger,JAMALPUR RAMPURHAT PASS,53430
127.0,230.0,33.130434782608695,0,26,20.47244094488189,15,0,Unknown,1,0,0,0,0,0,0,Passenger,JAMALPUR RAMPURHAT PASS,53432
244.0,355.0,41.239436619718305,2,34,13.934426229508198,7,0,NWR,1,0,0,1,1,0,0,Passenger,JODHPUR - AJMER Fast Passenger,54801
244.0,300.0,48.8,2,34,13.934426229508198,14,0,NWR,1,0,0,1,1,0,0,Passenger,AJMER - JODHPUR Fast Passenger,54802
454.0,770.0,35.37662337662338,0,77,16.960352422907487,8,0,NWR,1,0,0,0,0,0,0,Passenger,JODHPUR - AHMEDABAD Passenger,54803
454.0,860.0,31.674418604651162,0,77,16.960352422907487,6,0,NWR,1,0,0,0,0,0,0,Passenger, AHMEDABAD - JODHPUR Passenger,54804
209.0,300.0,41.8,0,24,11.483253588516748,7,0,NWR,1,0,0,0,0,0,0,Passenger,Jodhpur Barmer Passenger,54813
209.0,270.0,46.44444444444444,0,24,11.483253588516748,5,0,NWR,1,0,0,0,0,0,0,Passenger,Barmer Jodhpur Passenger,54814
209.0,320.0,39.1875,0,24,11.483253588516748,15,0,NWR,1,0,0,0,0,0,0,Passenger,Jodhpur Barmer Passenger,54815
209.0,290.0,43.24137931034483,0,24,11.483253588516748,14,0,NWR,1,0,0,0,0,0,0,Passenger,Barmer Jodhpur Passenger,54816
209.0,290.0,43.24137931034483,0,24,11.483253588516748,23,1,NWR,1,0,0,0,0,0,0,Passenger,Jaisalmer Jodhpur Passenger,54817
209.0,270.0,46.44444444444444,0,24,11.483253588516748,23,1,NWR,1,0,0,0,0,0,0,Passenger,Jodhpur Jaisalmer Passenger,54818
300.0,405.0,44.44444444444444,0,23,7.666666666666667,7,0,NWR,1,0,0,0,0,0,0,Passenger,JAISALMER - JODHPUR PASSENGER,54819
300.0,420.0,42.857142857142854,0,23,7.666666666666667,8,0,NWR,1,0,0,0,0,0,0,Passenger,JODHPUR - JAISALMER PASSENGER,54820
304.0,475.0,38.4,0,33,10.855263157894736,6,0,NWR,1,0,0,0,0,0,0,Passenger,Jodhpur Bhildi Passenger,54821
304.0,425.0,42.91764705882353,0,35,11.513157894736842,16,0,NWR,1,0,0,0,0,0,0,Passenger,Bhildi Jodhpur Passenger,54822
470.0,615.0,45.853658536585364,0,38,8.085106382978724,11,0,NWR,1,0,0,0,0,0,0,Passenger,Jodhpur Hissar passenger,54823
470.0,680.0,41.470588235294116,0,43,9.148936170212766,5,0,NWR,1,0,0,0,0,0,0,Passenger,Hissar Jodhpur passenger,54824
119.0,130.0,54.92307692307693,0,8,6.722689075630252,7,0,NWR,1,0,0,0,0,0,0,Passenger,Barmer Munabao Passenger,54881
119.0,140.0,51.0,0,8,6.722689075630252,10,0,NWR,1,0,0,0,0,0,0,Passenger,Munabao Barmer Passenger,54882
29.0,45.0,38.666666666666664,0,4,13.793103448275863,23,1,NER,1,0,0,0,0,0,0,Passenger,Raxaul Sugauli Passenger,55005
29.0,45.0,38.666666666666664,0,3,10.344827586206897,2,1,NER,1,0,0,0,0,0,0,Passenger,Sugauli Raxaul Passenger,55006
152.0,285.0,32.0,0,25,16.44736842105263,17,0,NER,1,0,0,0,0,0,0,Passenger,Hajipur Thawe Passenger,55007
134.0,275.0,29.236363636363638,0,20,14.925373134328357,5,0,NER,1,0,0,0,0,0,0,Passenger,Mau- Chhapra Passenger,55018
180.0,395.0,27.341772151898734,0,26,14.444444444444445,8,0,NER,1,0,0,0,0,0,0,Passenger,Gorakhpur Chhapra Passenger,55020
130.0,275.0,28.363636363636367,0,18,13.846153846153845,6,0,NER,0,0,0,0,0,0,0,Passenger,Raxaul Muzaffarpur Passenger,55024
152.0,285.0,32.0,0,24,15.789473684210526,5,0,NER,1,0,0,0,0,0,0,Passenger,Gorakhpur Gonda Passenger,55025
152.0,290.0,31.448275862068968,0,24,15.789473684210526,4,1,NER,1,0,0,0,0,0,0,Passenger,Gonda Gorakhpur Passenger,55026
152.0,265.0,34.41509433962264,0,24,15.789473684210526,18,0,NER,1,0,0,0,0,0,0,Passenger,Gorakhpur Gonda Passenger,55027
152.0,275.0,33.163636363636364,0,24,15.789473684210526,17,0,NER,1,0,0,0,0,0,0,Passenger,Gonda Gorakhpur Passenger,55028
310.0,625.0,29.76,0,41,13.225806451612902,18,0,NER,1,0,0,0,0,0,0,Passenger,Lucknow Gonda Passenger,55030
126.0,275.0,27.490909090909092,0,24,19.047619047619047,16,0,NER,1,0,0,0,0,0,0,Passenger,Gonda Lucknow Passenger,55031
126.0,270.0,28.0,0,24,19.047619047619047,16,0,NER,1,0,0,0,0,0,0,Passenger,Lucknow Gonda Passenger,55032
163.0,310.0,31.548387096774192,0,25,15.337423312883436,6,0,NER,0,0,0,0,0,0,0,Passenger,Sitapur Gonda Passenger,55033
159.0,240.0,39.75,0,26,16.352201257861633,11,0,NER,0,0,0,0,0,0,0,Passenger,Gonda Sitapur Passenger,55034
159.0,245.0,38.93877551020408,0,25,15.723270440251572,5,0,NER,1,0,0,0,0,0,0,Passenger,GONDA - SITAPUR Pass,55035
250.0,470.0,31.914893617021278,0,25,10.0,14,0,NER,1,0,0,0,0,0,0,Passenger,SITAPUR -GONDA Pass,55036
97.0,140.0,41.57142857142857,0,17,17.52577319587629,18,0,NER,1,0,0,0,0,0,0,Passenger,BURHWAL - SITAPUR PASS,55037
97.0,130.0,44.769230769230774,0,15,15.463917525773196,15,0,NER,1,0,0,0,0,0,0,Passenger,SITAPUR - BURHWAL PASS,55038
92.0,230.0,24.0,0,13,14.130434782608695,9,0,NER,1,0,0,0,0,0,0,Passenger,Shahjehanpur Sitapur Passenger,55045
92.0,195.0,28.307692307692307,0,12,13.043478260869565,14,0,NER,1,0,0,0,0,0,0,Passenger,Shahjehanpur Sitapur Passenger,55046
126.0,255.0,29.647058823529413,0,24,19.047619047619047,5,0,NER,1,0,0,0,0,0,0,Passenger,Gonda Lucknow Passenger,55049
126.0,260.0,29.07692307692308,0,24,19.047619047619047,5,0,NER,1,0,0,0,0,0,0,Passenger,Lucknow-Gonda Passenger,55050
32.0,50.0,38.4,0,5,15.625,6,0,NER,1,0,0,0,0,0,0,Passenger,Siwan Thawe Passenger,55107
61.0,80.0,45.75,0,9,14.754098360655737,7,0,NER,1,0,0,0,0,0,0,Passenger,Chhapra sv Passenger,55115
61.0,95.0,38.526315789473685,0,9,14.754098360655737,19,0,NER,1,0,0,0,0,0,0,Passenger,Siwan Chhapra Passenger,55116
126.0,210.0,36.0,0,23,18.253968253968253,6,0,NER,0,0,0,0,0,0,0,Passenger,Manduadih Allahabad Passenger,55125
1608.0,1895.0,50.91292875989446,3,233,14.490049751243783,8,0,NR,1,0,1,1,1,0,0,Express,MUMBAI LTT - BAREILLY Weekly Exp,14313
54.0,70.0,46.285714285714285,0,9,16.666666666666664,9,0,ER,1,0,0,0,0,0,0,Passenger,KIUL JAMALPUR PASS,53422
45.0,75.0,36.0,0,12,26.666666666666664,13,0,ER,1,0,0,0,0,0,0,Passenger,KIUL JAMALPUR PASS,53424
45.0,85.0,31.76470588235294,0,10,22.22222222222222,20,0,ER,1,0,0,0,0,0,0,Passenger,Jamalpur Kiul Passenger,53425
46.0,90.0,30.666666666666668,0,11,23.913043478260867,3,1,ER,1,0,0,0,0,0,0,Passenger,Jamalpur Kiul Passenger,53427
9.0,28.0,19.285714285714285,0,3,33.333333333333336,17,0,ER,0,0,0,0,0,0,0,Passenger,JAMALPUR MONGHYAR PASS,53474
181.0,365.0,29.753424657534246,0,20,11.049723756906078,8,0,Unknown,1,0,0,0,0,0,0,Passenger,Jamalpur Gaya Passenger,53615
82.0,175.0,28.114285714285717,0,14,17.073170731707318,6,0,NER,1,0,0,0,0,0,0,Passenger,Gorakhpur Nautanwa Passenger,55039
150.0,240.0,37.5,0,21,14.0,2,1,NER,0,0,0,0,0,0,0,Passenger,Gorakhpur Nautanwa Pass,55041
369.0,775.0,28.567741935483873,0,66,17.88617886178862,2,1,NER,0,0,0,0,0,0,0,Passenger,Gorakhpur Hajipur Passenger,55042
82.0,180.0,27.333333333333332,0,15,18.29268292682927,18,0,NER,1,0,0,0,0,0,0,Passenger,Gorakhpur Nautanwa Passenger,55043
82.0,180.0,27.333333333333332,0,15,18.29268292682927,6,0,NER,1,0,0,0,0,0,0,Passenger,Nautanwa Gorakhpur Passenger,55044
32.0,50.0,38.4,0,5,15.625,8,0,NER,1,0,0,0,0,0,0,Passenger,Thawe Siwan Passenger,55108
32.0,50.0,38.4,0,5,15.625,11,0,NER,1,0,0,0,0,0,0,Passenger,Siwan Thawe Passenger,55109
32.0,60.0,32.0,0,5,15.625,14,0,NER,1,0,0,0,0,0,0,Passenger,Thawe Siwan Passenger,55110
32.0,50.0,38.4,0,5,15.625,16,0,NER,1,0,0,0,0,0,0,Passenger,Siwan Thawe Passenger,55111
32.0,50.0,38.4,0,5,15.625,17,0,NER,1,0,0,0,0,0,0,Passenger,Thawe Siwan Passenger,55112
32.0,45.0,42.666666666666664,0,5,15.625,18,0,NER,1,0,0,0,0,0,0,Passenger,Siwan Thawe Passenger,55113
32.0,50.0,38.4,0,5,15.625,20,0,NER,1,0,0,0,0,0,0,Passenger,Thawe Siwan Passenger,55114
231.0,550.0,25.200000000000003,0,32,13.852813852813853,14,0,NER,1,0,0,0,0,0,0,Passenger,Gorakhpur Varanasi Passenger,55119
231.0,465.0,29.806451612903224,0,32,13.852813852813853,11,0,NER,1,0,0,0,0,0,0,Passenger,Varanasi Gorakhpur Passenger,55120
130.0,240.0,32.5,0,24,18.46153846153846,6,0,NER,1,0,0,0,0,0,0,Passenger,Allahabad Varanasi Passenger,55126
126.0,265.0,28.528301886792452,0,23,18.253968253968253,10,0,NER,0,0,0,0,0,0,0,Passenger,Allahabad Manduadih Passenger,55128
126.0,215.0,35.16279069767442,0,23,18.253968253968253,17,0,NER,0,0,0,0,0,0,0,Passenger,Allahabad Varanasi Passenger,55130
205.0,515.0,23.883495145631066,0,34,16.585365853658537,7,0,NER,0,0,0,0,0,0,0,Passenger,Chhapra Varanasi Passenger,55131
137.0,225.0,36.53333333333333,0,22,16.05839416058394,5,0,NER,0,0,0,0,0,0,0,Passenger,Ballia Varanasi Passenger,55133
168.0,375.0,26.88,0,23,13.690476190476192,5,0,NER,1,0,0,0,0,0,0,Passenger,Ballia Shahganj Passenger,55137
168.0,330.0,30.545454545454547,0,22,13.095238095238095,16,0,NER,1,0,0,0,0,0,0,Passenger,Ballia Shahganj Passenger,55139
58.0,95.0,36.631578947368425,0,9,15.517241379310345,7,0,NER,1,0,0,0,0,0,0,Passenger,Aunrihar-Jaunpur Passenger,55143
58.0,105.0,33.142857142857146,0,9,15.517241379310345,18,0,NER,1,0,0,0,0,0,0,Passenger,Jaunpur-Aunrihar Passenger,55144
58.0,100.0,34.8,0,4,6.8965517241379315,15,0,NER,1,0,0,0,0,0,0,Passenger,Aunrihar- Jaunpur Passenger,55159
58.0,105.0,33.142857142857146,0,4,6.8965517241379315,9,0,NER,1,0,0,0,0,0,0,Passenger,Jaunpur- Aunrihar Passenger,55160
58.0,120.0,29.0,0,4,6.8965517241379315,9,0,NER,0,0,0,0,0,0,0,Passenger,Jaunpur- Aunrihar Passenger,55162
310.0,565.0,32.92035398230089,0,41,13.225806451612902,3,1,NER,0,0,0,0,0,0,0,Passenger,Muzaffarpur Gorakhpur Passenger,55207
130.0,305.0,25.57377049180328,0,18,13.846153846153845,7,0,NER,1,0,0,0,0,0,0,Passenger,Muzaffarpur Raxaul Passenger,55211
130.0,300.0,26.0,0,18,13.846153846153845,14,0,NER,1,0,0,0,0,0,0,Passenger,Raxaul Muzaffarpur Passenger,55212
54.0,100.0,32.4,0,8,14.814814814814813,11,0,NER,1,0,0,0,0,0,0,Passenger,Chhapra Sonpur Passenger,55218
50.0,95.0,31.578947368421055,0,9,18.0,20,0,ECR,1,0,0,0,0,0,0,Passenger,Samastipur-Barauni Passenger,55238
52.0,90.0,34.666666666666664,0,9,17.307692307692307,13,0,ECR,1,0,0,0,0,0,0,Passenger,Samastipur Muzaffarpur Passenger,55239
52.0,100.0,31.2,0,9,17.307692307692307,18,0,NER,1,0,0,0,0,0,0,Passenger,Muzaffarpur-Samastipur Passenger,55240
93.0,175.0,31.885714285714286,0,16,17.204301075268816,3,1,NER,1,0,0,0,0,0,0,Passenger,Barauni-Sonpur Passenger,55241
93.0,177.0,31.525423728813557,0,16,17.204301075268816,7,0,NER,1,0,0,0,0,0,0,Passenger,Sanpur-Barauni Passenger,55242
93.0,185.0,30.16216216216216,0,16,17.204301075268816,6,0,NER,1,0,0,0,0,0,0,Passenger,Barauni-Sonpur Passenger,55243
93.0,200.0,27.9,0,16,17.204301075268816,10,0,NER,1,0,0,0,0,0,0,Passenger,Sonpur Barauni Passenger,55244
93.0,205.0,27.219512195121954,0,16,17.204301075268816,17,0,NER,1,0,0,0,0,0,0,Passenger,Barauni-Sonpur Passenger,55245
93.0,195.0,28.615384615384617,0,16,17.204301075268816,21,0,NER,1,0,0,0,0,0,0,Passenger,Sonpur-Barauni Passenger,55246
130.0,250.0,31.2,0,24,18.46153846153846,12,0,NER,1,0,0,0,0,0,0,Passenger,Varanasi Allahabad Passenger,55127
130.0,220.0,35.45454545454545,0,24,18.46153846153846,17,0,NER,0,0,0,0,0,0,0,Passenger,Varanasi Allahabad Passenger,55129
209.0,500.0,25.08,0,35,16.74641148325359,11,0,NER,0,0,0,0,0,0,0,Passenger,Manduadih Chhapra Passenger,55132
144.0,300.0,28.8,0,24,16.666666666666668,15,0,NER,0,0,0,0,0,0,0,Passenger,Manduadih Ballia Passenger,55134
140.0,285.0,29.473684210526315,0,19,13.571428571428573,5,0,NER,1,0,0,0,0,0,0,Passenger,AZAMGARH MANDUADIH PASS,55135
140.0,270.0,31.11111111111111,0,18,12.857142857142858,18,0,NER,1,0,0,0,0,0,0,Passenger,Manduadih Azamgarh Pass,55136
168.0,340.0,29.64705882352941,0,20,11.904761904761905,15,0,NER,1,0,0,0,0,0,0,Passenger,Shahganj Ballia Passenger,55140
82.0,175.0,28.114285714285717,0,15,18.29268292682927,11,0,NER,0,0,0,0,0,0,0,Passenger,Nautanwa Gorakhpur Passenger,55142
235.0,465.0,30.322580645161292,2,33,14.042553191489361,23,1,NER,1,0,0,0,1,0,1,Passenger,Gorakhpur Manduadih Passenger,55149
235.0,505.0,27.920792079207924,0,33,14.042553191489361,22,1,NER,1,0,0,0,0,0,0,Passenger,Manduadih-Gorakhpur Passenger,55150
150.0,255.0,35.294117647058826,0,21,14.0,15,0,NER,1,0,0,0,0,0,0,Passenger,Narkatiaganj Gorakhpur Passenger,55203
150.0,275.0,32.72727272727273,0,21,14.0,17,0,NER,1,0,0,0,0,0,0,Passenger,Gorakhpur Narkatiaganj Passenger,55204
369.0,828.0,26.739130434782606,0,50,13.550135501355014,12,0,NER,0,0,0,0,0,0,0,Passenger,Sonepur Gorakhpur Passenger,55209
219.0,405.0,32.44444444444444,0,30,13.698630136986301,3,1,NER,0,0,0,0,0,0,0,Passenger,Narkatiaganj Sonepur Passenger,55210
54.0,125.0,25.919999999999998,0,12,22.22222222222222,7,0,NER,1,0,0,0,0,0,0,Passenger,Sonpur Chhapra Passenger,55217
54.0,140.0,23.142857142857142,0,12,22.22222222222222,15,0,NER,1,0,0,0,0,0,0,Passenger,Sonepur Chhapra Passenger,55219
43.0,125.0,20.639999999999997,0,10,23.25581395348837,6,0,NER,1,0,0,0,0,0,0,Passenger,Begusarai Mokama Passenger,55231
35.0,100.0,21.0,0,9,25.714285714285715,17,0,NER,1,0,0,0,0,0,0,Passenger,Mokama Begusarai Passenger,55232
88.0,220.0,24.0,0,15,17.045454545454547,18,0,NER,1,0,0,0,0,0,0,Passenger,Hajipur-Barauni Passenger,55248
116.0,225.0,30.933333333333334,0,14,12.06896551724138,14,0,NER,1,0,0,0,0,0,0,Passenger,Moradabad Kathgodam Passenger,55301
27.0,35.0,46.285714285714285,0,4,14.814814814814813,15,0,NER,1,0,0,0,0,0,0,Passenger,Kashipur Ramnagar Passenger,55313
27.0,35.0,46.285714285714285,0,4,14.814814814814813,17,0,NER,1,0,0,0,0,0,0,Passenger,Ramnagar Kashipur Passenger,55314
59.0,85.0,41.64705882352941,0,6,10.16949152542373,8,0,NER,1,0,0,0,0,0,0,Passenger,Lalkua Kashipur Passenger,55315
59.0,85.0,41.64705882352941,0,6,10.16949152542373,5,0,NER,1,0,0,0,0,0,0,Passenger,Kashipur Lalkuan Passenger,55316
59.0,80.0,44.25,0,6,10.16949152542373,13,0,NER,1,0,0,0,0,0,0,Passenger,Lalkua Kashipur Passenger,55317
59.0,80.0,44.25,0,6,10.16949152542373,20,0,NER,1,0,0,0,0,0,0,Passenger,Lalkua Kashipur Passenger,55319
59.0,90.0,39.333333333333336,0,6,10.16949152542373,17,0,NER,1,0,0,0,0,0,0,Passenger,Kashipur Lalkuan Passenger,55320
705.0,1135.0,37.26872246696035,0,110,15.602836879432624,20,0,NER,1,0,0,0,0,0,0,Passenger,RAMNAGAR - VARANASI Passenger,55322
319.0,530.0,36.11320754716981,0,50,15.673981191222571,14,0,NER,1,0,0,0,0,0,0,Passenger,KASGANJ LUCKNOW PASS,55326
140.0,250.0,33.599999999999994,0,25,17.857142857142858,19,0,NER,1,0,0,0,0,0,0,Passenger,Kanpur Farrukhabad Passenger,55327
140.0,235.0,35.74468085106383,0,25,17.857142857142858,5,0,NER,1,0,0,0,0,0,0,Passenger,Farrukhabad Kanpur Passenger,55328
107.0,160.0,40.125,0,14,13.084112149532709,17,0,NER,1,0,0,0,0,0,0,Passenger,Kasganj Farrukhabad Passenger,55332
162.0,305.0,31.868852459016395,0,18,11.11111111111111,7,0,NER,1,0,0,0,0,0,0,Passenger,KasGanj-AgraFort Passenger,55333
162.0,210.0,46.285714285714285,0,18,11.11111111111111,5,0,NER,0,0,0,0,0,0,0,Passenger,Kasganj Achhnera Fast Passenger,55337
140.0,230.0,36.52173913043478,0,14,10.0,10,0,NER,0,0,0,0,0,0,0,Passenger,Achhnera Kasganj Fast Passenger,55338
105.0,175.0,36.0,0,13,12.38095238095238,11,0,NER,0,0,0,0,0,0,0,Passenger,KasGanj-Mathura Passenger,55339
139.0,320.0,26.0625,0,19,13.66906474820144,17,0,NER,1,0,0,0,0,0,0,Passenger,KasGanj-Bharatpur Passenger,55341
139.0,325.0,25.66153846153846,0,19,13.66906474820144,5,0,NER,1,0,0,0,0,0,0,Passenger,BTE KSJ PASS,55342
105.0,160.0,39.375,0,13,12.38095238095238,17,0,NER,1,0,0,0,0,0,0,Passenger,Kasganj Mathura Passenger,55347
105.0,160.0,39.375,0,10,9.523809523809524,8,0,NER,1,0,0,0,0,0,0,Passenger,LAL KUAN - BAREILLY CITY  PASSENGER,55348
105.0,200.0,31.5,0,11,10.476190476190476,15,0,NER,1,0,0,0,0,0,0,Passenger,BAREILLY CITY - LAL KUAN PASSENGER,55349
36.0,90.0,24.0,0,8,22.22222222222222,8,0,ECR,1,0,0,0,0,0,0,Passenger,Samastipur-Darbhanga Passenger,55501
36.0,90.0,24.0,0,8,22.22222222222222,18,0,ECR,1,0,0,0,0,0,0,Passenger,Darbhanga-Samastipur Passenger,55502
36.0,90.0,24.0,0,8,22.22222222222222,6,0,ECR,1,0,0,0,0,0,0,Passenger,Samastipur-Darbhanga Passenger,55503
36.0,85.0,25.41176470588235,0,8,22.22222222222222,7,0,ECR,1,0,0,0,0,0,0,Passenger,Darbhanga-Samastipur Passenger,55504
120.0,385.0,18.7012987012987,0,25,20.833333333333336,11,0,ECR,1,0,0,0,0,0,0,Passenger,Runnisaidpur-Samastipur Passenger,55506
97.0,200.0,29.099999999999998,0,18,18.556701030927837,17,0,ECR,1,0,0,0,0,0,0,Passenger,Darbhanga-Bairgania Passenger,55507
319.0,615.0,31.121951219512194,0,56,17.55485893416928,4,1,NER,1,0,0,0,0,0,0,Passenger,Lucknow Kasganj Passenger,55325
214.0,425.0,30.211764705882356,0,33,15.42056074766355,16,0,NER,1,0,0,0,0,0,0,Passenger,Shikohabad Farrukhabad Passenger,55329
211.0,365.0,34.68493150684932,0,28,13.270142180094787,4,1,NER,1,0,0,0,0,0,0,Passenger,Kasganj Shikohabad Passenger,55330
107.0,170.0,37.76470588235294,0,14,13.084112149532709,4,1,NER,1,0,0,0,0,0,0,Passenger,Farrukhabad Kasganj Passenger,55331
97.0,195.0,29.846153846153847,0,18,18.556701030927837,21,0,ECR,1,0,0,0,0,0,0,Passenger,Bairgania-Darbhanga Passenger,55508
97.0,200.0,29.099999999999998,0,18,18.556701030927837,3,1,ECR,1,0,0,0,0,0,0,Passenger,Darbhanga-Bairgania Passenger,55509
97.0,220.0,26.454545454545457,0,18,18.556701030927837,7,0,NER,1,0,0,0,0,0,0,Passenger,Bairgania-Darbhanga Passenger,55510
68.0,150.0,27.2,0,15,22.058823529411764,12,0,ECR,1,0,0,0,0,0,0,Passenger,Darbhanga-Bairgania Passenger,55511
68.0,150.0,27.2,0,15,22.058823529411764,17,0,ECR,1,0,0,0,0,0,0,Passenger,Bairgania-Darbhanga Passenger,55512
109.0,285.0,22.94736842105263,0,17,15.596330275229356,18,0,ECR,1,0,0,0,0,0,0,Passenger,Samastipur Jaynagar Passenger,55513
109.0,285.0,22.94736842105263,0,17,15.596330275229356,7,0,ECR,1,0,0,0,0,0,0,Passenger,Jaynagar Samastipur Passenger,55514
109.0,315.0,20.761904761904763,0,17,15.596330275229356,14,0,ECR,1,0,0,0,0,0,0,Passenger,Samastipur-Jaynagar Passenger,55515
109.0,255.0,25.647058823529413,0,17,15.596330275229356,21,0,ECR,1,0,0,0,0,0,0,Passenger,Jaynagar-Samastipur Passenger,55516
79.0,150.0,31.6,0,14,17.72151898734177,18,0,ECR,1,0,0,0,0,0,0,Passenger,Darbhanga Jaynagar Passenger,55517
73.0,160.0,27.375,0,10,13.698630136986301,8,0,ECR,1,0,0,0,0,0,0,Passenger,Jaynagar-Darbhanga Passenger,55518
73.0,155.0,28.258064516129032,0,10,13.698630136986301,7,0,ECR,1,0,0,0,0,0,0,Passenger,Darbhanga-Jaynagar Passenger,55519
73.0,160.0,27.375,0,10,13.698630136986301,17,0,ECR,1,0,0,0,0,0,0,Passenger,Jaynagar Darbhanga Passenger,55520
50.0,95.0,31.578947368421055,0,9,18.0,20,0,ECR,1,0,0,0,0,0,0,Passenger,Samastipur-Barauni Passenger,55528
182.0,375.0,29.12,0,25,13.736263736263735,7,0,ECR,1,0,0,0,0,0,0,Passenger,Samastipur-Raxaul Passenger,55529
182.0,410.0,26.634146341463417,0,26,14.285714285714285,16,0,NER,1,0,0,0,0,0,0,Passenger,Raxaul-Samastipur Passenger,55530
180.0,295.0,36.61016949152542,0,20,11.11111111111111,17,0,NER,1,0,0,0,0,0,0,Passenger,Katihar-Barauni Passenger,55531
266.0,670.0,23.82089552238806,0,34,12.781954887218044,12,0,ECR,1,0,0,0,0,0,0,Passenger,Katihar Darbhanga Passenger,55535
267.0,570.0,28.105263157894736,0,33,12.359550561797754,3,1,ECR,1,0,0,0,0,0,0,Passenger,Darbhanga Katihar Passenger,55536
230.0,475.0,29.052631578947366,0,27,11.73913043478261,8,0,ECR,1,0,0,0,0,0,0,Passenger,Katihar-Samastipur Passenger,55537
230.0,425.0,32.470588235294116,0,27,11.73913043478261,12,0,ECR,1,0,0,0,0,0,0,Passenger,Samastipur-Katihar Passenger,55538
88.0,220.0,24.0,0,15,17.045454545454547,18,0,NER,1,0,0,0,0,0,0,Passenger,Hajipur-Barauni Passenger,55552
158.0,400.0,23.7,0,20,12.658227848101266,5,0,NER,1,0,0,0,0,0,0,Passenger,Dauram Madhepura Samastipur Passenger,55553
158.0,410.0,23.121951219512198,0,30,18.987341772151897,13,0,ECR,1,0,0,0,0,0,0,Passenger,Samastipur Dauram Madhepura Passenger,55554
158.0,375.0,25.28,0,20,12.658227848101266,2,1,NER,1,0,0,0,0,0,0,Passenger,Dauram Madhepura Samastipur Passenger,55555
158.0,425.0,22.30588235294118,0,20,12.658227848101266,18,0,ECR,1,0,0,0,0,0,0,Passenger,Samastipur Dauram Madhepura Passenger,55556
111.0,290.0,22.965517241379313,0,18,16.216216216216214,18,0,ECR,1,0,0,0,0,0,0,Passenger,Samastipur Sonpur Passenger,55557
111.0,255.0,26.11764705882353,0,18,16.216216216216214,3,1,NER,1,0,0,0,0,0,0,Passenger,Sonpur Samastipur Passenger,55558
85.0,175.0,29.142857142857146,0,11,12.941176470588236,16,0,NER,1,0,0,0,0,0,0,Passenger,Khagaria Samastipur Passenger,55559
85.0,165.0,30.90909090909091,0,11,12.941176470588236,8,0,ECR,1,0,0,0,0,0,0,Passenger,Samastipur Khagaria Passenger,55560
136.0,270.0,30.22222222222222,0,18,13.235294117647058,17,0,NER,1,0,0,0,0,0,0,Passenger,Saharsa Samastipur Passenger,55565
136.0,285.0,28.63157894736842,0,18,13.235294117647058,4,1,ECR,1,0,0,0,0,0,0,Passenger,Samastipur Saharsa Passenger,55566
136.0,275.0,29.672727272727276,0,18,13.235294117647058,10,0,NER,1,0,0,0,0,0,0,Passenger,Saharsa Samastipur Passenger,55567
136.0,280.0,29.142857142857142,0,18,13.235294117647058,17,0,ECR,1,0,0,0,0,0,0,Passenger,Samastipur Saharsa Passenger,55568
22.0,65.0,20.30769230769231,0,3,13.636363636363637,11,0,NER,1,0,0,0,0,0,0,Passenger,DauramMadhepura-Saharsa Passenger,55569
22.0,55.0,24.0,0,3,13.636363636363637,9,0,NER,1,0,0,0,0,0,0,Passenger,Saharsa-DauramMadhepura Passenger,55570
88.0,165.0,32.0,0,10,11.363636363636363,19,0,NER,1,0,0,0,0,0,0,Passenger,Raxaul Narkatiaganj Passenger,55573
88.0,170.0,31.058823529411764,0,10,11.363636363636363,8,0,NER,1,0,0,0,0,0,0,Passenger,Narkatiaganj Raxaul Passenger,55574
54.0,165.0,19.636363636363637,0,10,18.51851851851852,8,0,ECR,1,0,0,0,0,0,0,Passenger,Darbhanga-Biraul Passenger,55575
54.0,160.0,20.25,0,10,18.51851851851852,17,0,ECR,1,0,0,0,0,0,0,Passenger,Biraul-Darbhanga Passenger,55576
35.0,90.0,23.333333333333332,0,5,14.285714285714286,14,0,NER,1,0,0,0,0,0,0,Passenger,Sakri Biraul Passenger,55577
35.0,90.0,23.333333333333332,0,5,14.285714285714286,11,0,NER,1,0,0,0,0,0,0,Passenger,Biraul Sakri Passenger,55578
104.0,190.0,32.8421052631579,0,14,13.461538461538462,17,0,NFR,1,0,0,0,0,0,0,Passenger,Balurghat Malda Town Passenger,55722
160.0,315.0,30.476190476190474,0,28,17.5,17,0,NFR,1,0,0,0,0,0,0,Passenger,Guwahati Mairabari Passenger,55603
160.0,305.0,31.475409836065577,0,28,17.5,4,1,NFR,1,0,0,0,0,0,0,Passenger,Mairabari Guwahati Passenger,55604
172.0,245.0,42.12244897959184,0,23,13.372093023255815,15,0,NFR,1,0,0,0,0,0,0,Passenger,Guwahati Silghat Town Passenger,55607
172.0,270.0,38.22222222222222,0,23,13.372093023255815,6,0,NFR,1,0,0,0,0,0,0,Passenger,Silghat Town Guwahati Passenger,55608
267.0,465.0,34.45161290322581,0,8,2.9962546816479403,6,0,NFR,1,0,0,0,0,0,0,Passenger,DBB - FKM FAST PASSENGER,55609
214.0,330.0,38.90909090909091,0,20,9.345794392523365,23,1,NFR,1,0,0,0,0,0,0,Passenger,Kamakhya Fakiragram Fast Passenger,55612
184.0,275.0,40.14545454545455,0,16,8.695652173913043,7,0,NFR,1,0,0,0,0,0,0,Passenger,Guwahati New Bongaigaon Passenger,55618
123.0,275.0,26.83636363636364,0,22,17.88617886178862,4,1,NFR,1,0,0,0,0,0,0,Passenger,Radhikapur Katihar Passenger,55707
123.0,210.0,35.142857142857146,0,22,17.88617886178862,18,0,NFR,1,0,0,0,0,0,0,Passenger,Katihar Radhikapur Passenger,55708
232.0,465.0,29.93548387096774,0,40,17.24137931034483,15,0,NFR,1,0,0,0,0,0,0,Passenger,Malda Town New Jalpaiguri Passenger,55711
232.0,525.0,26.514285714285716,0,40,17.24137931034483,5,0,NFR,1,0,0,0,0,0,0,Passenger,New Jalpaiguri Malda Town Passenger,55712
252.0,620.0,24.387096774193548,0,66,26.19047619047619,7,0,NFR,1,0,0,0,0,0,0,Passenger,NEW JALPAIGURI - DEKARGAON Pass,55713
252.0,600.0,25.2,0,66,26.19047619047619,6,0,NFR,1,0,0,0,0,0,0,Passenger,DEKARGAON - NEW JALPAIGURI Pass,55714
192.0,310.0,37.16129032258064,0,32,16.666666666666668,18,0,NFR,1,0,0,0,0,0,0,Passenger,Katihar Siliguri Passenger,55715
192.0,335.0,34.38805970149254,0,32,16.666666666666668,4,1,NFR,1,0,0,0,0,0,0,Passenger,Siliguri Katihar Passenger,55716
104.0,170.0,36.705882352941174,0,14,13.461538461538462,6,0,NFR,1,0,0,0,0,0,0,Passenger,Malda Town Balurghat Passenger,55721
169.0,295.0,34.3728813559322,0,23,13.609467455621303,17,0,NFR,1,0,0,0,0,0,0,Passenger,New Jalpaiguri Alipurduar Passenger,55725
169.0,265.0,38.264150943396224,0,23,13.609467455621303,5,0,NFR,1,0,0,0,0,0,0,Passenger,Alipur Duar New Jalpaiguri Passenger,55726
93.0,210.0,26.571428571428573,0,19,20.43010752688172,6,0,NFR,1,0,0,0,0,0,0,Passenger,Katihar Radhikapur Passenger,55727
93.0,180.0,31.0,0,19,20.43010752688172,10,0,NFR,1,0,0,0,0,0,0,Passenger,Radhikapur Katihar Passenger,55728
93.0,200.0,27.9,0,19,20.43010752688172,14,0,NFR,1,0,0,0,0,0,0,Passenger,Katihar Radhikapur Passenger,55729
93.0,175.0,31.885714285714286,0,19,20.43010752688172,18,0,NFR,1,0,0,0,0,0,0,Passenger,Radhikapur Katihar Passenger,55730
38.0,90.0,25.333333333333332,0,10,26.31578947368421,21,0,NFR,1,0,0,0,0,0,0,Passenger,Katihar Barsoi Passenger,55731
38.0,105.0,21.714285714285715,0,10,26.31578947368421,4,1,NFR,1,0,0,0,0,0,0,Passenger,Barsoi Katihar Passenger,55732
108.0,170.0,38.11764705882353,0,15,13.888888888888888,3,1,NFR,1,0,0,0,0,0,0,Passenger,Katihar Jogbani Passenger,55733
108.0,200.0,32.4,0,18,16.666666666666664,6,0,NFR,1,0,0,0,0,0,0,Passenger,Jogbani Katihar Passenger,55734
108.0,195.0,33.23076923076923,0,18,16.666666666666664,6,0,NFR,1,0,0,0,0,0,0,Passenger,Katihar Jogbani Passenger,55735
108.0,195.0,33.23076923076923,0,18,16.666666666666664,10,0,NFR,1,0,0,0,0,0,0,Passenger,Jogbani Katihar Passenger,55736
108.0,170.0,38.11764705882353,0,15,13.888888888888888,9,0,NFR,1,0,0,0,0,0,0,Passenger,Katihar Jogbani Passenger,55737
108.0,145.0,44.689655172413794,0,15,13.888888888888888,12,0,NFR,1,0,0,0,0,0,0,Passenger,Jogbani Katihar Passenger,55738
108.0,205.0,31.609756097560975,0,18,16.666666666666664,12,0,NFR,1,0,0,0,0,0,0,Passenger,Katihar Jogbani Passenger,55739
108.0,195.0,33.23076923076923,0,18,16.666666666666664,16,0,NFR,1,0,0,0,0,0,0,Passenger,Jogbani Katihar Passenger,55740
108.0,185.0,35.027027027027025,0,15,13.888888888888888,14,0,NFR,1,0,0,0,0,0,0,Passenger,Katihar Jogbani Fast Passenger,55741
108.0,205.0,31.609756097560975,0,18,16.666666666666664,17,0,NFR,1,0,0,0,0,0,0,Passenger,Katihar Jogbani Passenger,55743
108.0,165.0,39.27272727272727,0,15,13.888888888888888,3,1,NFR,1,0,0,0,0,0,0,Passenger,Jogbani Katihar Passenger,55744
57.0,26.0,131.53846153846155,0,41,71.92982456140352,21,0,NFR,1,0,0,0,0,0,0,Passenger,New Jalpaiguri Bamanhat Passenger,55745
306.0,331.0,55.468277945619334,0,41,13.398692810457517,5,0,NFR,1,0,0,0,0,0,0,Passenger,Bamanhat New Jalpaiguri Passenger,55746
63.0,165.0,22.90909090909091,0,9,14.285714285714286,16,0,NFR,1,0,0,0,0,0,0,Passenger,Siliguri Haldibari Passenger,55747
63.0,165.0,22.90909090909091,0,9,14.285714285714286,7,0,NFR,1,0,0,0,0,0,0,Passenger,Haldibari Siliguri Passenger,55748
56.0,110.0,30.545454545454547,0,7,12.499999999999998,9,0,NFR,1,0,0,0,0,0,0,Passenger,New Jalpaiguri Haldibari Passenger,55749
56.0,110.0,30.545454545454547,0,7,12.499999999999998,11,0,NFR,1,0,0,0,0,0,0,Passenger,Haldibari New Jalpaiguri Passenger,55750
56.0,125.0,26.88,0,7,12.499999999999998,13,0,NFR,1,0,0,0,0,0,0,Passenger,New Jalpaiguri Haldibari Passenger,55751
56.0,115.0,29.217391304347824,0,7,12.499999999999998,16,0,NFR,1,0,0,0,0,0,0,Passenger,Haldibari New Jalpaiguri Passenger,55752
207.0,390.0,31.846153846153847,0,25,12.077294685990339,6,0,NFR,1,0,0,0,0,0,0,Passenger,Guwahati Lumding Passenger,55811
91.0,110.0,49.63636363636364,0,16,17.58241758241758,10,0,NFR,1,0,0,0,0,0,0,Passenger,Kapali Fast Passenger,55815
63.0,90.0,42.0,0,12,19.047619047619047,8,0,SR,1,0,0,0,0,0,0,Passenger,Chengalpattu Arakkonam Passenger,56006
60.0,85.0,42.35294117647059,0,13,21.666666666666668,12,0,ER,1,0,0,0,0,0,0,Passenger,Bhagalpur Jamalpur Passenger,53429
135.0,220.0,36.81818181818182,0,26,19.25925925925926,7,0,ER,1,0,0,0,0,0,0,Passenger,Sahibganj Jamalpur Passenger,53431
285.0,450.0,38.0,0,36,12.631578947368421,14,0,NFR,1,0,0,0,0,0,0,Passenger,GUWAHATI - ALIPUR DUAR SIFUNG Pass,55754
24.0,65.0,22.153846153846157,0,3,12.5,8,0,NFR,1,0,0,0,0,0,0,Passenger,Manihari Katihar Pass,55755
24.0,65.0,22.153846153846157,0,3,12.5,6,0,NFR,1,0,0,0,0,0,0,Passenger,Katihar Manihari Pass,55756
24.0,65.0,22.153846153846157,0,3,12.5,12,0,NFR,1,0,0,0,0,0,0,Passenger,Manihari Katihar Pass,55757
24.0,65.0,22.153846153846157,0,3,12.5,10,0,NFR,1,0,0,0,0,0,0,Passenger,Katihar Manihari Pass,55758
24.0,65.0,22.153846153846157,0,3,12.5,18,0,NFR,1,0,0,0,0,0,0,Passenger,Manihari Katihar Pass,55759
24.0,65.0,22.153846153846157,0,3,12.5,16,0,NFR,1,0,0,0,0,0,0,Passenger,Katihar Manihari Pass,55760
22.0,47.0,28.085106382978722,0,5,22.727272727272727,6,0,NFR,1,0,0,0,0,0,0,Passenger,Alipur Dwar Bamanhat Passenger,55791
22.0,55.0,24.0,0,5,22.727272727272727,18,0,NFR,1,0,0,0,0,0,0,Passenger,Bxt Alipur Duar Passenger,55792
191.0,365.0,31.397260273972606,0,27,14.136125654450263,8,0,NFR,0,0,0,0,0,0,0,Passenger,New Jalpaiguri Bamanhat Passenger,55793
240.0,505.0,28.514851485148515,0,35,14.583333333333334,9,0,NFR,0,0,0,0,0,0,0,Passenger,Bamanhat New Jalpaiguri Passenger,55794
157.0,260.0,36.23076923076923,0,21,13.375796178343949,17,0,NFR,1,0,0,0,0,0,0,Passenger,Manas Rhino Passenger,55802
184.0,265.0,41.660377358490564,0,16,8.695652173913043,5,0,NFR,1,0,0,0,0,0,0,Passenger,New Bongaigaon Guwahati Passenger,55805
184.0,265.0,41.660377358490564,0,16,8.695652173913043,16,0,NFR,1,0,0,0,0,0,0,Passenger,Guwahati New Bongaigaon Passenger,55806
157.0,285.0,33.05263157894737,0,21,13.375796178343949,16,0,NFR,1,0,0,0,0,0,0,Passenger,New Bongaigaon Guwahati Passenger,55809
207.0,435.0,28.551724137931036,0,25,12.077294685990339,14,0,NFR,1,0,0,0,0,0,0,Passenger,Lumding Guwahati Passenger,55812
91.0,118.0,46.271186440677965,0,14,15.384615384615383,14,0,NFR,1,0,0,0,0,0,0,Passenger,Kapali Fast Passenger,55816
79.0,145.0,32.689655172413794,0,13,16.455696202531644,5,0,Unknown,1,0,0,0,0,0,0,Passenger,Chaparmukh Silghat Town Passenger,55817
81.0,180.0,27.0,0,13,16.049382716049383,18,0,Unknown,1,0,0,0,0,0,0,Passenger,Silghat Town- Chaparmukh Passenger,55818
346.0,810.0,25.62962962962963,0,49,14.16184971098266,6,0,NFR,1,0,0,0,0,0,0,Passenger,Lumding Tinsukia Passenger,55901
346.0,805.0,25.788819875776397,0,49,14.16184971098266,6,0,NFR,1,0,0,0,0,0,0,Passenger,Tinsukia Lumding Passenger,55902
85.0,190.0,26.842105263157897,0,13,15.294117647058824,16,0,NFR,1,0,0,0,0,0,0,Passenger,Furkating Mariani Passenger,55903
85.0,195.0,26.153846153846153,0,13,15.294117647058824,6,0,NFR,1,0,0,0,0,0,0,Passenger,Mariani Furkating Passenger,55904
103.0,220.0,28.090909090909093,0,14,13.592233009708737,7,0,NFR,1,0,0,0,0,0,0,Passenger,Dibrugarh Ledo Passenger,55905
103.0,210.0,29.428571428571427,0,14,13.592233009708737,7,0,NFR,1,0,0,0,0,0,0,Passenger,Ledo Dibrugarh Passenger,55906
103.0,210.0,29.428571428571427,0,14,13.592233009708737,16,0,NFR,1,0,0,0,0,0,0,Passenger,Dibrugarh Ledo Passenger,55907
103.0,240.0,25.75,0,14,13.592233009708737,15,0,NFR,1,0,0,0,0,0,0,Passenger,Ledo Dibrugarh Passenger,55908
176.0,360.0,29.333333333333332,0,27,15.340909090909092,5,0,NFR,1,0,0,0,0,0,0,Passenger,Jorhat Town Tinsukia Passenger,55913
176.0,370.0,28.54054054054054,0,27,15.340909090909092,14,0,NFR,1,0,0,0,0,0,0,Passenger,Tinsukia Jorhat Town Passenger,55914
68.0,100.0,40.8,0,29,42.647058823529406,13,0,SR,1,0,0,0,0,0,0,Passenger,Chennai Arakkonam Passenger,56001
68.0,100.0,40.8,0,29,42.647058823529406,21,0,SR,1,0,0,0,0,0,0,Passenger,Arakkonam Chennai Passenger,56002
63.0,85.0,44.470588235294116,0,12,19.047619047619047,5,0,SR,1,0,0,0,0,0,0,Passenger,Arakkonam Chengalpattu Passenger,56003
63.0,100.0,37.8,0,12,19.047619047619047,17,0,SR,1,0,0,0,0,0,0,Passenger,Arakkonam Chengulpattu Passenger,56005
61.0,95.0,38.526315789473685,0,11,18.0327868852459,20,0,SR,1,0,0,0,0,0,0,Passenger,Arakkonam Katpadi Passenger,56007
61.0,105.0,34.857142857142854,0,11,18.0327868852459,4,1,SR,1,0,0,0,0,0,0,Passenger,Katpadi Arakkonam Passenger,56008
71.0,120.0,35.5,0,13,18.30985915492958,7,0,SR,1,0,0,0,0,0,0,Passenger,Arakkonam Vellore Cantt Passenger,56009
71.0,155.0,27.483870967741932,0,13,18.30985915492958,16,0,SR,1,0,0,0,0,0,0,Passenger,Vellore Cantt. Arakkonam Passenger,56010
155.0,340.0,27.352941176470587,0,21,13.548387096774194,7,0,SR,1,0,0,0,0,0,0,Passenger,Arakkonam Nandalur Passenger,56011
155.0,400.0,23.25,0,21,13.548387096774194,13,0,SR,1,0,0,0,0,0,0,Passenger,Nandalur Arakkonam Passenger,56012
71.0,125.0,34.08,0,13,18.30985915492958,12,0,SR,1,0,0,0,0,0,0,Passenger,Arakkonam-Vellore Cantt Passenger,56013
196.0,270.0,43.55555555555556,0,44,22.448979591836736,6,0,SR,1,0,0,0,0,0,0,Passenger,Chennai Pondicherry Passenger,56037
196.0,305.0,38.55737704918033,0,44,22.448979591836736,14,0,SR,1,0,0,0,0,0,0,Passenger,Pondicherry Chennai Passenger,56038
39.0,70.0,33.42857142857142,0,10,25.64102564102564,8,0,SR,1,0,0,0,0,0,0,Passenger,Kumbakonam Thanjavur Passenger,56039
39.0,85.0,27.52941176470588,0,10,25.64102564102564,18,0,SR,1,0,0,0,0,0,0,Passenger,Thanjavur Kumbakonam Passenger,56040
535.0,875.0,36.68571428571428,2,87,16.261682242990656,15,0,SWR,1,0,0,0,1,0,1,Passenger,CHAMARAJANAGAR - TIRUPATI Fast Passenger,56213
284.0,530.0,32.15094339622641,0,42,14.788732394366198,13,0,SR,1,0,0,0,0,0,0,Passenger,Puducherry-Tirupati Passenger,56042
23.0,35.0,39.42857142857142,0,4,17.391304347826086,17,0,SR,1,0,0,0,0,0,0,Passenger,Guruvayur Thrissur Passenger,56043
23.0,35.0,39.42857142857142,0,4,17.391304347826086,18,0,SR,1,0,0,0,0,0,0,Passenger,Thrissur Guruvayur Passenger,56044
15.0,20.0,45.0,0,3,20.0,16,0,SR,1,0,0,0,0,0,0,Passenger,Nagercoil Cape Passenger,56045
15.0,25.0,36.0,0,3,20.0,7,0,SR,1,0,0,0,0,0,0,Passenger,Kanyakumari Nagercoil Passenger,56046
39.0,75.0,31.2,0,6,15.384615384615383,17,0,SR,1,0,0,0,0,0,0,Passenger,Salem Mtdm Passenger,56102
39.0,90.0,26.0,0,6,15.384615384615383,9,0,SR,1,0,0,0,0,0,0,Passenger,Mettur Dam Salem Passenger,56103
46.0,290.0,9.517241379310345,1,8,17.391304347826086,7,0,SR,1,0,0,0,0,0,1,Passenger,Mettupalayam-Ooty Passenger,56136
46.0,215.0,12.837209302325581,1,8,17.391304347826086,14,0,SR,1,0,0,0,0,0,1,Passenger,Ooty-Mettupalayam Passenger,56137
19.0,70.0,16.285714285714285,1,6,31.57894736842105,9,0,SR,1,0,0,0,0,0,1,Passenger,Coonoor Passenger,56139
19.0,70.0,16.285714285714285,0,6,31.57894736842105,18,0,SR,1,0,0,0,0,0,0,Passenger,Udagamandalam Coonoor Passenger,56140
19.0,80.0,14.25,0,6,31.57894736842105,7,0,SR,1,0,0,0,0,0,0,Passenger,Coonoor Udagamandalam Passenger,56141
19.0,65.0,17.53846153846154,0,6,31.57894736842105,12,0,SR,1,0,0,0,0,0,0,Passenger,(Ooty)Udagamandalam Coonoor Passenger,56142
19.0,75.0,15.2,0,6,31.57894736842105,12,0,SR,1,0,0,0,0,0,0,Passenger,Udhagamandalam Passenger,56143
35.0,50.0,42.0,0,5,14.285714285714286,17,0,SR,1,0,0,0,0,0,0,Passenger,Coimbatore Mettupalaiyam Passenger,56144
35.0,55.0,38.18181818181818,0,5,14.285714285714286,8,0,SR,1,0,0,0,0,0,0,Passenger,Mettupalaiyam Coimbatore Passenger,56145
35.0,50.0,42.0,0,5,14.285714285714286,9,0,SR,1,0,0,0,0,0,0,Passenger,Coimbatore-Mettupalayam Passenger,56146
35.0,50.0,42.0,0,5,14.285714285714286,10,0,SR,1,0,0,0,0,0,0,Passenger,Mettupalayam-Coimbatore Passenger,56147
35.0,50.0,42.0,0,5,14.285714285714286,12,0,SR,1,0,0,0,0,0,0,Passenger,CoimbatoreMettupalayam Passenger,56148
35.0,50.0,42.0,0,5,14.285714285714286,13,0,SR,1,0,0,0,0,0,0,Passenger,MettupalayamCoimbatore Passenger,56149
35.0,50.0,42.0,0,5,14.285714285714286,15,0,SR,1,0,0,0,0,0,0,Passenger,CoimbatoreMettupalayam Passenger,56150
35.0,50.0,42.0,0,5,14.285714285714286,16,0,SR,1,0,0,0,0,0,0,Passenger,MettupalayamCoimbatore Passenger,56151
61.0,110.0,33.27272727272727,0,14,22.950819672131146,7,0,SWR,1,0,0,0,0,0,0,Passenger,Chamrajnagar Mysore Passenger,56201
61.0,105.0,34.857142857142854,0,14,22.950819672131146,5,0,SWR,1,0,0,0,0,0,0,Passenger,Mysore Chamrajnagar passenger,56202
61.0,110.0,33.27272727272727,0,14,22.950819672131146,11,0,SWR,1,0,0,0,0,0,0,Passenger,Chamarajnagar Mysore passenger,56203
61.0,110.0,33.27272727272727,0,14,22.950819672131146,7,0,SWR,1,0,0,0,0,0,0,Passenger,Mysore Chamrajnagar Passenger,56204
25.0,55.0,27.272727272727273,0,7,28.0,10,0,SWR,1,0,0,0,0,0,0,Passenger,Nanjangud Mysore Passenger,56205
25.0,45.0,33.333333333333336,0,7,28.0,9,0,SWR,1,0,0,0,0,0,0,Passenger,Nanjangud Mysore Passenger,56206
61.0,110.0,33.27272727272727,0,14,22.950819672131146,18,0,SWR,1,0,0,0,0,0,0,Passenger,Chamrajnagar Mysore Passenger,56209
61.0,110.0,33.27272727272727,0,14,22.950819672131146,12,0,SWR,1,0,0,0,0,0,0,Passenger,Mysore Chamrajnagar passenger,56210
61.0,110.0,33.27272727272727,0,14,22.950819672131146,20,0,SWR,1,0,0,0,0,0,0,Passenger,Chamrajnagar Mysore Passenger,56211
61.0,110.0,33.27272727272727,0,14,22.950819672131146,18,0,SWR,1,0,0,0,0,0,0,Passenger,Chamrajnagar Passenger,56212
70.0,105.0,40.0,0,14,20.0,9,0,SWR,1,0,0,0,0,0,0,Passenger,Bangalore Tumkur Passenger,56221
70.0,110.0,38.18181818181818,0,14,20.0,11,0,SWR,1,0,0,0,0,0,0,Passenger,Tumkur Bangalore Passenger,56222
167.0,265.0,37.81132075471698,0,29,17.365269461077844,18,0,SWR,1,0,0,0,0,0,0,Passenger,Bangalore Arisikere Passenger,56223
167.0,250.0,40.08,0,29,17.365269461077844,5,0,SWR,1,0,0,0,0,0,0,Passenger,Arisikere Bangalore Passenger,56224
70.0,105.0,40.0,0,14,20.0,13,0,SWR,1,0,0,0,0,0,0,Passenger,Bangalore Tumkur Passenger,56225
70.0,110.0,38.18181818181818,0,14,20.0,15,0,SWR,1,0,0,0,0,0,0,Passenger,Tumkur Bangalore passenger,56226
276.0,430.0,38.51162790697674,0,41,14.855072463768117,16,0,SWR,1,0,0,0,0,0,0,Passenger,Bangalore Shimoga Town Passenger,56227
276.0,440.0,37.63636363636364,0,41,14.855072463768117,4,1,SWR,1,0,0,0,0,0,0,Passenger,Shimoga Bangalore Passenger,56228
137.0,230.0,35.73913043478261,0,23,16.78832116788321,8,0,SWR,1,0,0,0,0,0,0,Passenger,Mysore Bangalore Passenger,56229
137.0,220.0,37.36363636363637,0,23,16.78832116788321,16,0,SWR,1,0,0,0,0,0,0,Passenger,Bangalore Mysore Passenger,56230
137.0,200.0,41.1,0,23,16.78832116788321,5,0,SWR,1,0,0,0,0,0,0,Passenger,Mysore Bangalore (PUSH-PULL) Passenger,56231
137.0,245.0,33.55102040816327,0,23,16.78832116788321,9,0,SWR,1,0,0,0,0,0,0,Passenger,Bangalore Mysore (PUSH-PULL) Passenger(Shuttle),56232
138.0,220.0,37.63636363636364,0,23,16.666666666666668,5,0,SWR,1,0,0,0,0,0,0,Passenger,Bangalore Mysore Passenger,56233
138.0,215.0,38.51162790697674,0,23,16.666666666666668,18,0,SWR,1,0,0,0,0,0,0,Passenger,Mysore Bangalore Passenger,56234
137.0,215.0,38.23255813953488,0,23,16.78832116788321,14,0,SWR,1,0,0,0,0,0,0,Passenger,Mysore Bangalore (PUSH-PULL) Passenger,56237
63.0,90.0,42.0,0,12,19.047619047619047,20,0,SR,1,0,0,0,0,0,0,Passenger,Chengalpattu Arakkonam Passenger,56004
137.0,220.0,37.36363636363637,0,23,16.78832116788321,19,0,SWR,1,0,0,0,0,0,0,Passenger,Bangalore Mysore (PUSH-PULL) Passenger,56238
63.0,105.0,36.0,0,8,12.698412698412698,8,0,SWR,1,0,0,0,0,0,0,Passenger,Shimoga Birur Passenger,56239
63.0,110.0,34.36363636363637,0,8,12.698412698412698,17,0,SWR,1,0,0,0,0,0,0,Passenger,Birur Shimoga Passenger,56240
225.0,325.0,41.53846153846153,0,23,10.222222222222221,5,0,SWR,1,0,0,0,0,0,0,Passenger,Salem Yesvantpur passenger,56241
225.0,320.0,42.1875,0,23,10.222222222222221,16,0,SWR,1,0,0,0,0,0,0,Passenger,Yesvantpur Salem passenger,56242
290.0,690.0,25.217391304347824,0,39,13.448275862068966,9,0,SWR,1,0,0,0,0,0,0,Passenger,BANGALORE - ARAKKONAM Passenger,56262
139.0,245.0,34.04081632653062,1,23,16.546762589928058,23,1,SWR,1,0,0,0,1,0,0,Passenger,Night Queen Passenger,56263
139.0,245.0,34.04081632653062,1,23,16.546762589928058,23,1,SWR,1,0,0,0,1,0,0,Passenger,Night Queen Passenger,56264
167.0,255.0,39.294117647058826,0,21,12.574850299401199,17,0,SWR,1,0,0,0,0,0,0,Passenger,Arsikere Mysore Passenger,56265
167.0,245.0,40.89795918367347,0,21,12.574850299401199,7,0,SWR,1,0,0,0,0,0,0,Passenger,Mysore Arsikere Passenger,56266
167.0,255.0,39.294117647058826,0,21,12.574850299401199,18,0,SWR,1,0,0,0,0,0,0,Passenger,Mysore Arsikere Passenger,56268
276.0,385.0,43.01298701298701,0,21,7.608695652173914,10,0,SWR,1,0,0,0,0,0,0,Passenger,Shimoga Mysore Passenger,56269
276.0,385.0,43.01298701298701,0,21,7.608695652173914,10,0,SWR,1,0,0,0,0,0,0,Passenger,Mysore Shimoga Passenger,56270
63.0,105.0,36.0,0,8,12.698412698412698,18,0,SWR,1,0,0,0,0,0,0,Passenger,Shimoga Birur Passenger,56271
63.0,105.0,36.0,0,8,12.698412698412698,8,0,SWR,1,0,0,0,0,0,0,Passenger,Birur Shimoga Town Passenger,56272
304.0,435.0,41.93103448275862,0,35,11.513157894736842,5,0,SWR,1,0,0,0,0,0,0,Passenger,Arsikere Hubli Passenger,56273
304.0,440.0,41.45454545454545,0,35,11.513157894736842,15,0,SWR,1,0,0,0,0,0,0,Passenger,Hubli Arsikere Passenger,56274
85.0,130.0,39.23076923076923,0,15,17.647058823529413,3,1,SR,1,0,0,0,0,0,0,Passenger,Kollam Alappuzha Passenger,56300
85.0,130.0,39.23076923076923,0,15,17.647058823529413,17,0,SR,1,0,0,0,0,0,0,Passenger,Alappuzha Kollam Passenger,56301
57.0,100.0,34.199999999999996,0,13,22.80701754385965,7,0,SR,1,0,0,0,0,0,0,Passenger,Alappuzha Ernakulam Passenger,56302
57.0,100.0,34.199999999999996,0,13,22.80701754385965,15,0,SR,1,0,0,0,0,0,0,Passenger,Ernakulam Alappuzha Passenger,56303
64.0,120.0,32.0,0,18,28.125,6,0,SR,1,0,0,0,0,0,0,Passenger,Kollam Tiruvananthapuram Passenger,56307
64.0,115.0,33.391304347826086,0,18,28.125,17,0,SR,1,0,0,0,0,0,0,Passenger,Tiruvananthapuram Kollam Passenger,56308
64.0,125.0,30.72,0,18,28.125,15,0,SR,1,0,0,0,0,0,0,Passenger,Kollam Tiruvananthapuram Passenger,56309
71.0,125.0,34.08,0,14,19.71830985915493,6,0,SR,1,0,0,0,0,0,0,Passenger,Nagercoil Tiruvananthapuram Passenger,56310
71.0,125.0,34.08,0,14,19.71830985915493,7,0,SR,1,0,0,0,0,0,0,Passenger,Tiruvananthapuram Nagercoil Passenger,56311
74.0,110.0,40.36363636363637,0,10,13.513513513513514,8,0,SR,0,0,0,0,0,0,0,Passenger,Tirunelveli Nagercoil Passenger,56312
71.0,125.0,34.08,0,14,19.71830985915493,18,0,SR,0,0,0,0,0,0,0,Passenger,Tiruvananthapuram Nagercoil Passenger,56313
71.0,125.0,34.08,0,14,19.71830985915493,17,0,SR,1,0,0,0,0,0,0,Passenger,Tiruvananthapuram Nagercoil Passenger,56315
71.0,115.0,37.04347826086956,0,14,19.71830985915493,18,0,SR,1,0,0,0,0,0,0,Passenger,Nagercoil Tiruvananthapuram Passenger,56316
78.0,155.0,30.193548387096772,0,16,20.51282051282051,10,0,SR,1,0,0,0,0,0,0,Passenger,Kochuveli Nagercoil Passenger,56317
77.0,145.0,31.862068965517242,0,16,20.77922077922078,7,0,SR,1,0,0,0,0,0,0,Passenger,Nagercoil Kochuveli Passenger,56318
532.0,795.0,40.15094339622642,0,60,11.278195488721805,7,0,SR,1,0,0,0,0,0,0,Passenger,Nagercoil Coimbatore Passenger,56319
89.0,150.0,35.6,0,12,13.48314606741573,18,0,SR,0,0,0,0,0,0,0,Passenger,Kanyakumari Tirunelveli Passenger,56321
408.0,740.0,33.08108108108108,0,72,17.647058823529413,7,0,SR,1,0,0,0,0,0,0,Passenger,Coimbatore Mangalore Fast Passenger,56323
408.0,710.0,34.478873239436616,0,72,17.647058823529413,7,0,SR,1,0,0,0,0,0,0,Passenger,Coimbatore Fast Passenger,56324
15.0,20.0,45.0,0,3,20.0,16,0,SR,0,0,0,0,0,0,0,Passenger,Nagercoil Cape Passenger,56325
45.0,80.0,33.75,0,9,20.0,8,0,SR,1,0,0,0,0,0,0,Passenger,Punalur Kollam Passenger,56331
97.0,155.0,37.54838709677419,0,19,19.587628865979383,6,0,SR,1,0,0,0,0,0,0,Passenger,Ernakulam Guruvayur Passenger,56370
739.0,1300.0,34.107692307692304,1,80,10.825439783491206,8,0,SWR,1,0,0,0,1,0,0,Passenger,Yesvantapur-Vijayawada Passenger,56503
739.0,1220.0,36.34426229508197,1,80,10.825439783491206,20,0,SWR,1,0,0,0,1,0,0,Passenger,Vijayawada Yesvantapur Passenger,56504
16.0,35.0,27.428571428571427,0,6,37.5,13,0,SWR,1,0,0,0,0,0,0,Passenger,Bangarpet Marikuppam Passenger,56505
16.0,35.0,27.428571428571427,0,6,37.5,9,0,SWR,1,0,0,0,0,0,0,Passenger,Marikuppam Bangarapet Passenger,56506
16.0,35.0,27.428571428571427,0,6,37.5,5,0,SWR,1,0,0,0,0,0,0,Passenger,Bangarpet Marikuppam Passenger,56511
471.0,750.0,37.68,0,66,14.012738853503185,7,0,SWR,1,0,0,0,0,0,0,Passenger,BANGALORE CITY - HUBLI Pass,56515
471.0,765.0,36.94117647058823,0,63,13.375796178343949,7,0,SWR,1,0,0,0,0,0,0,Passenger,HUBLI - BANGALORE CY Passenger,56516
50.0,95.0,31.578947368421055,0,9,18.0,8,0,ECR,1,0,0,0,0,0,0,Passenger,Barauni-Samastipur Passenger,55525
45.0,85.0,31.76470588235294,0,9,20.0,6,0,SR,1,0,0,0,0,0,0,Passenger,Kollam Punalur Passenger,56332
45.0,85.0,31.76470588235294,0,9,20.0,10,0,SR,1,0,0,0,0,0,0,Passenger,Punalur Kollam Passenger,56333
45.0,85.0,31.76470588235294,0,9,20.0,8,0,SR,1,0,0,0,0,0,0,Passenger,Kollam Punalur Passenger,56334
45.0,85.0,31.76470588235294,0,9,20.0,13,0,SR,1,0,0,0,0,0,0,Passenger,Punalur Kollam Passenger,56335
45.0,85.0,31.76470588235294,0,9,20.0,11,0,SR,1,0,0,0,0,0,0,Passenger,Kollam Punalur Passenger,56336
45.0,85.0,31.76470588235294,0,9,20.0,19,0,SR,1,0,0,0,0,0,0,Passenger,Punalur Kollam Passenger,56337
45.0,80.0,33.75,0,9,20.0,17,0,SR,1,0,0,0,0,0,0,Passenger,Kollam Punalur Passenger,56338
97.0,155.0,37.54838709677419,0,19,19.587628865979383,6,0,SR,1,0,0,0,0,0,0,Passenger,Guruvayur Ernakulam Passenger,56371
23.0,35.0,39.42857142857142,0,4,17.391304347826086,10,0,SR,1,0,0,0,0,0,0,Passenger,Thrissur Guruvayur Passenger,56374
97.0,160.0,36.375,0,19,19.587628865979383,13,0,SR,1,0,0,0,0,0,0,Passenger,Guruvayur Ernakulam Passenger,56375
97.0,180.0,32.333333333333336,0,19,19.587628865979383,20,0,SR,1,0,0,0,0,0,0,Passenger,Ernakulam Guruvayur Passenger,56376
44.0,70.0,37.714285714285715,0,9,20.454545454545453,5,0,SR,1,0,0,0,0,0,0,Passenger,Allepey Kayankulam Passenger,56377
57.0,120.0,28.5,0,13,22.80701754385965,7,0,SR,0,0,0,0,0,0,0,Passenger,Ernakulam Alappuzha Passenger,56379
101.0,185.0,32.75675675675676,0,21,20.792079207920793,8,0,SR,1,0,0,0,0,0,0,Passenger,Kayankulam Ernakulam Passenger,56380
101.0,140.0,43.285714285714285,0,21,20.792079207920793,10,0,SR,1,0,0,0,0,0,0,Passenger,Ernakulam Kayankulam Passenger,56381
101.0,145.0,41.793103448275865,0,21,20.792079207920793,13,0,SR,1,0,0,0,0,0,0,Passenger,Kayankulam Ernakulam Passenger,56382
101.0,195.0,31.076923076923077,0,21,20.792079207920793,18,0,SR,1,0,0,0,0,0,0,Passenger,Ernakulam Kayankulam Passenger,56383
57.0,105.0,32.57142857142857,0,13,22.80701754385965,17,0,SR,0,0,0,0,0,0,0,Passenger,Alappuzha Ernakulam Passenger,56384
156.0,270.0,34.666666666666664,0,25,16.025641025641026,18,0,SR,1,0,0,0,0,0,0,Passenger,Ernakulam Kollam Passenger,56391
156.0,260.0,36.0,0,25,16.025641025641026,4,1,SR,1,0,0,0,0,0,0,Passenger,Kollam Ernakulam Passenger,56392
693.0,1280.0,32.484375,1,81,11.688311688311689,7,0,SWR,1,0,0,0,1,0,0,Passenger,Vijayawada Hubli Passenger,56501
693.0,1140.0,36.473684210526315,1,81,11.688311688311689,23,1,SWR,1,0,0,0,1,0,0,Passenger,Hubli Vijayawada Passenger,56502
86.0,175.0,29.485714285714288,0,16,18.6046511627907,6,0,SWR,1,0,0,0,0,0,0,Passenger,Swarna passenger Marikuppam Bangalore,56507
86.0,150.0,34.4,0,16,18.6046511627907,18,0,SWR,1,0,0,0,0,0,0,Passenger,Bangalore-Marikuppam Swarna Pass.,56508
86.0,180.0,28.666666666666668,0,16,18.6046511627907,14,0,SWR,1,0,0,0,0,0,0,Passenger,Marikuppam Bangalore Passenger,56509
86.0,155.0,33.29032258064516,0,16,18.6046511627907,7,0,SWR,1,0,0,0,0,0,0,Passenger,Bangalore Marikuppam passenger,56510
16.0,35.0,27.428571428571427,0,6,37.5,20,0,SWR,1,0,0,0,0,0,0,Passenger,Marikuppam Bangarpet passenger,56512
218.0,330.0,39.63636363636363,0,22,10.091743119266054,13,0,SWR,1,0,0,0,0,0,0,Passenger,Salem Bangalore passenger,56513
218.0,335.0,39.04477611940299,0,22,10.091743119266054,7,0,SWR,1,0,0,0,0,0,0,Passenger,Bangalore Salem Passenger,56514
91.0,150.0,36.4,0,13,14.285714285714285,17,0,SWR,1,0,0,0,0,0,0,Passenger,Chitradurga Harihar Passenger,56517
91.0,150.0,36.4,0,13,14.285714285714285,7,0,SWR,1,0,0,0,0,0,0,Passenger,Harihar Chitradurga Passenger,56518
33.0,65.0,30.461538461538463,0,6,18.18181818181818,15,0,SWR,1,0,0,0,0,0,0,Passenger,Bangalore Chitradurga Passenger,56519
33.0,55.0,36.0,0,6,18.18181818181818,10,0,SWR,1,0,0,0,0,0,0,Passenger,Chitradura Bangalore Passenger,56520
64.0,110.0,34.909090909090914,0,13,20.3125,18,0,SWR,1,0,0,0,0,0,0,Passenger,Bangalore Chik ballapur Passenger,56525
64.0,110.0,34.909090909090914,0,13,20.3125,7,0,SWR,1,0,0,0,0,0,0,Passenger,Chik Ballapur Bangalore Passenger,56526
15.0,20.0,45.0,0,3,20.0,20,0,SWR,1,0,0,0,0,0,0,Passenger,Kanyakumari Nagercoil Passenger,56527
15.0,25.0,36.0,0,3,20.0,9,0,SWR,1,0,0,0,0,0,0,Passenger,Nagercoil Kanyakumari Passenger,56528
86.0,135.0,38.22222222222222,0,16,18.6046511627907,17,0,SR,1,0,0,0,0,0,0,Passenger,Shoranur Kozhikode Passenger,56601
67.0,105.0,38.285714285714285,0,12,17.91044776119403,9,0,SR,1,0,0,0,0,0,0,Passenger,Shoranur Nilambur Fast Passenger,56613
67.0,105.0,38.285714285714285,0,12,17.91044776119403,12,0,SR,1,0,0,0,0,0,0,Passenger,Shoranur Nilambur Passenger,56615
454.0,420.0,64.85714285714286,0,31,6.828193832599119,6,0,KR,1,0,0,0,0,0,0,Passenger,Mangalore-Verna Passenger,56640
454.0,420.0,64.85714285714286,0,31,6.828193832599119,13,0,SR,1,0,0,0,0,0,0,Passenger,Verna Mangalore Passenger,56641
49.0,95.0,30.947368421052634,0,4,8.16326530612245,7,0,SR,1,0,0,0,0,0,0,Passenger,Kabakaputtur Mangalore Passenger,56642
274.0,435.0,37.793103448275865,0,48,17.51824817518248,14,0,SR,1,0,0,0,0,0,0,Passenger,Coimbatore Kannur Fast Passenger,56651
366.0,615.0,35.707317073170735,2,55,15.027322404371585,22,1,SR,1,0,0,0,1,0,1,Passenger,Madurai-Kollam Passenger,56700
366.0,690.0,31.82608695652174,2,55,15.027322404371585,18,0,SR,1,0,0,0,1,0,1,Passenger,Madurai Passenger,56701
175.0,345.0,30.434782608695652,0,35,20.0,14,0,SR,0,0,0,0,0,0,0,Passenger,Kannur Shoranur Passenger,56602
208.0,385.0,32.41558441558441,0,41,19.71153846153846,5,0,SR,0,0,0,0,0,0,0,Passenger,Thrissur Kannur Passenger,56603
101.0,165.0,36.72727272727273,0,14,13.861386138613861,8,0,SR,0,0,0,0,0,0,0,Passenger,Shoranur Coimbatore Passenger,56604
107.0,205.0,31.31707317073171,0,22,20.5607476635514,7,0,SR,1,0,0,0,0,0,0,Passenger,Ernakulam Shoranur Passenger,56606
107.0,190.0,33.78947368421053,0,22,20.5607476635514,4,1,SR,1,0,0,0,0,0,0,Passenger,Shoranur Ernakulam Passenger,56607
107.0,225.0,28.533333333333335,0,22,20.5607476635514,17,0,SR,1,0,0,0,0,0,0,Passenger,Ernakulam Shoranur Passenger,56608
107.0,180.0,35.666666666666664,0,22,20.5607476635514,17,0,SR,1,0,0,0,0,0,0,Passenger,Shoranur Ernakulam Passenger,56609
112.0,245.0,27.42857142857143,0,19,16.96428571428571,17,0,SR,1,0,0,0,0,0,0,Passenger,Nilambur Palakkad Passenger,56610
67.0,110.0,36.54545454545455,0,12,17.91044776119403,6,0,SR,1,0,0,0,0,0,0,Passenger,Nilambur Shoranur Passenger,56612
67.0,110.0,36.54545454545455,0,12,17.91044776119403,11,0,SR,1,0,0,0,0,0,0,Passenger,Nilambur Shoranur Fast Passenger,56616
67.0,105.0,38.285714285714285,0,12,17.91044776119403,14,0,SR,1,0,0,0,0,0,0,Passenger,Shoranur Nilambur Passenger,56617
67.0,110.0,36.54545454545455,0,12,17.91044776119403,14,0,SR,1,0,0,0,0,0,0,Passenger,Nilambur Shoranur Passenger,56618
67.0,110.0,36.54545454545455,0,12,17.91044776119403,17,0,SR,1,0,0,0,0,0,0,Passenger,Shoranur Nilambur Passenger,56619
67.0,110.0,36.54545454545455,0,12,17.91044776119403,19,0,SR,1,0,0,0,0,0,0,Passenger,Nilambur Road Shoranur Pass,56620
67.0,105.0,38.285714285714285,0,12,17.91044776119403,19,0,SR,1,0,0,0,0,0,0,Passenger,Shoranur Nilambur Road Pass,56621
49.0,80.0,36.75,0,4,8.16326530612245,6,0,SR,1,0,0,0,0,0,0,Passenger,Kabakaputtur Passenger,56643
49.0,95.0,30.947368421052634,0,4,8.16326530612245,19,0,SR,1,0,0,0,0,0,0,Passenger,Kabakaputtur Mangalore Passenger,56644
49.0,80.0,36.75,0,4,8.16326530612245,18,0,SR,1,0,0,0,0,0,0,Passenger,Kabakaputtur Passenger,56645
92.0,150.0,36.8,0,10,10.869565217391305,13,0,SR,1,0,0,0,0,0,0,Passenger,Subramanya Road Mangalore Passenger,56646
92.0,135.0,40.888888888888886,0,10,10.869565217391305,10,0,SR,1,0,0,0,0,0,0,Passenger,Subrahmanya Road Passenger,56647
276.0,460.0,36.0,0,48,17.39130434782609,5,0,SR,1,0,0,0,0,0,0,Passenger,Kannur Coimbatore Fast Passenger,56650
89.0,145.0,36.827586206896555,0,20,22.47191011235955,17,0,SR,1,0,0,0,0,0,0,Passenger,Kannur Kozhikkode Passenger,56652
89.0,145.0,36.827586206896555,0,20,22.47191011235955,7,0,SR,1,0,0,0,0,0,0,Passenger,Kozhikode Kannur Passenger,56653
221.0,340.0,39.0,0,44,19.90950226244344,5,0,SR,0,0,0,0,0,0,0,Passenger,Kozhikode Passenger,56654
132.0,205.0,38.63414634146341,0,25,18.939393939393938,7,0,SR,1,0,0,0,0,0,0,Passenger,Kannur Mangalore Passenger,56655
132.0,240.0,33.0,0,25,18.939393939393938,16,0,SR,1,0,0,0,0,0,0,Passenger,Kannur Passenger,56656
89.0,140.0,38.14285714285714,0,20,22.47191011235955,14,0,SR,0,0,0,0,0,0,0,Passenger,Calicut Kannur Passenger,56657
49.0,70.0,42.0,0,11,22.448979591836736,17,0,SR,0,0,0,0,0,0,0,Passenger,Kannur Charvattur Passenger,56659
83.0,125.0,39.839999999999996,0,15,18.072289156626507,6,0,SR,0,0,0,0,0,0,0,Passenger,Charvattur Mangalore Passenger,56661
170.0,145.0,70.3448275862069,0,12,7.0588235294117645,18,0,SR,1,0,0,0,0,0,0,Passenger,TIRUCHCHIRAPALI  - DINDIGUL PASSENGER,56703
62.0,75.0,49.6,0,10,16.129032258064516,7,0,SR,1,0,0,0,0,0,0,Passenger,Dindigul Madurai Passenger,56707
62.0,90.0,41.333333333333336,0,10,16.129032258064516,18,0,SR,1,0,0,0,0,0,0,Passenger,Madurai Dindigul Passenger,56708
62.0,95.0,39.15789473684211,0,10,16.129032258064516,18,0,SR,1,0,0,0,0,0,0,Passenger,Dindigul Madurai Passenger,56709
62.0,90.0,41.333333333333336,0,10,16.129032258064516,7,0,SR,1,0,0,0,0,0,0,Passenger,Madurai Dindigul Passenger,56710
135.0,250.0,32.4,0,29,21.48148148148148,10,0,SR,1,0,0,0,0,0,0,Passenger,Trichy Nagore Passenger,56712
135.0,280.0,28.928571428571427,0,29,21.48148148148148,6,0,SR,1,0,0,0,0,0,0,Passenger,Tiruchirapalli Nagore Passenger,56714
173.0,220.0,47.18181818181819,0,14,8.092485549132949,11,0,SR,1,0,0,0,0,0,0,Passenger,MADURAI - SENGOTTAI  PASSENGER,56733
173.0,230.0,45.130434782608695,0,14,8.092485549132949,12,0,SR,1,0,0,0,0,0,0,Passenger,SENGOTTAI - MADURAI PASSENGER,56734
173.0,225.0,46.13333333333333,0,14,8.092485549132949,17,0,SR,1,0,0,0,0,0,0,Passenger,MADURAI  - SENGOTTAI PASSENGER,56735
173.0,220.0,47.18181818181819,0,15,8.670520231213873,15,0,SR,1,0,0,0,0,0,0,Passenger,Sengottail Madurai Passenger,56736
180.0,325.0,33.230769230769226,0,29,16.11111111111111,15,0,SR,1,0,0,0,0,0,0,Passenger,Tiruchchirapalli Cuddalore Port Passenger,56806
123.0,225.0,32.8,0,24,19.51219512195122,18,0,SR,1,0,0,0,0,0,0,Passenger,Tiruchchirapalli Villupuram Passenger,56808
120.0,200.0,36.0,0,26,21.666666666666668,18,0,SR,1,0,0,0,0,0,0,Passenger,Tiruchchirapalli Mayiladuturai Passenger,56812
437.0,680.0,38.55882352941176,0,19,4.3478260869565215,11,0,SR,1,0,0,0,0,0,0,Passenger,MAYILADUTURAI  - DINDIGUL PASSENGER,56821
120.0,215.0,33.48837209302325,0,26,21.666666666666668,7,0,SR,1,0,0,0,0,0,0,Passenger,Tiruchchirapalli Mayiladuturai Passenger,56824
358.0,530.0,40.52830188679245,0,36,10.05586592178771,5,0,SR,1,0,0,0,0,0,0,Passenger,Tirnunelveli Erode Passenger,56826
266.0,390.0,40.92307692307692,0,32,12.030075187969924,6,0,SR,1,0,0,0,0,0,0,Passenger,Tiruchchirapalli Rameswaram Passenger,56829
1201.0,1470.0,49.02040816326531,2,176,14.654454621149043,7,0,NR,1,0,0,1,1,0,0,Express,Harihar Express,14523
54.0,70.0,46.285714285714285,0,9,16.666666666666664,22,1,ER,1,0,0,0,0,0,0,Passenger,KIUL JAMALPUR PASS,53426
54.0,75.0,43.2,0,9,16.666666666666664,5,0,ER,1,0,0,0,0,0,0,Passenger,KIUL JAMALPUR PASS,53428
267.0,420.0,38.142857142857146,0,8,2.9962546816479403,22,1,NFR,1,0,0,0,0,0,0,Passenger,FKM - DBB FAST PASSENGER,55610
170.0,135.0,75.55555555555556,0,12,7.0588235294117645,6,0,SR,1,0,0,0,0,0,0,Passenger,DINDIGUL - TIRUCHCHIRAPALI PASSENGER,56704
334.0,585.0,34.256410256410255,0,43,12.87425149700599,14,0,SR,1,0,0,0,0,0,0,Passenger,VILLUPURAM  - MADURAI PASSENGER,56705
337.0,690.0,29.304347826086957,0,43,12.759643916913946,0,1,SR,1,0,0,0,0,0,0,Passenger,MADURAI - VILLUPURAM PASSENGER,56706
135.0,280.0,28.928571428571427,0,29,21.48148148148148,12,0,SR,1,0,0,0,0,0,0,Passenger,Nagore Trichy Passenger,56711
135.0,260.0,31.153846153846157,0,29,21.48148148148148,15,0,SR,1,0,0,0,0,0,0,Passenger,Nagore Trichy Passenger,56713
161.0,215.0,44.93023255813954,0,18,11.180124223602483,0,1,SR,1,0,0,0,0,0,0,Passenger,Madurai Rameswaram Passenger,56721
161.0,240.0,40.25,0,18,11.180124223602483,0,1,SR,1,0,0,0,0,0,0,Passenger,Rameswaram Madurai Passenger,56722
161.0,235.0,41.1063829787234,0,18,11.180124223602483,5,0,SR,1,0,0,0,0,0,0,Passenger,Rameswaram Madurai Passenger,56724
161.0,260.0,37.15384615384615,0,18,11.180124223602483,18,0,SR,1,0,0,0,0,0,0,Passenger,Madurai Rameswaram Passenger,56725
161.0,225.0,42.93333333333333,0,18,11.180124223602483,17,0,SR,1,0,0,0,0,0,0,Passenger,Rameswaram Madurai Passenger,56726
61.0,110.0,33.27272727272727,0,12,19.672131147540984,7,0,SR,1,0,0,0,0,0,0,Passenger,Tirunelveli Tiruchendur Passenger,56761
61.0,105.0,34.857142857142854,0,12,19.672131147540984,7,0,SR,1,0,0,0,0,0,0,Passenger,Tiruchendur Tirunelveli Passenger,56762
61.0,105.0,34.857142857142854,0,12,19.672131147540984,9,0,SR,1,0,0,0,0,0,0,Passenger,Tirunelveli Tiruchendur Passenger,56763
61.0,90.0,40.666666666666664,0,12,19.672131147540984,16,0,SR,1,0,0,0,0,0,0,Passenger,Tiruchendur Tirunelveli Passenger,56764
61.0,115.0,31.82608695652174,0,12,19.672131147540984,18,0,SR,1,0,0,0,0,0,0,Passenger,Tirunelveli Tiruchendur Passenger,56765
61.0,105.0,34.857142857142854,0,12,19.672131147540984,18,0,SR,1,0,0,0,0,0,0,Passenger,Tiruchendur Tirunelveli Passenger,56766
121.0,265.0,27.396226415094336,0,22,18.181818181818183,8,0,SR,1,0,0,0,0,0,0,Passenger,Tuticorin Tiruchendur Passenger,56767
121.0,265.0,27.396226415094336,0,22,18.181818181818183,14,0,SR,1,0,0,0,0,0,0,Passenger,Tiruchendur Tuticorin Passenger,56768
180.0,290.0,37.24137931034483,0,29,16.11111111111111,6,0,SR,1,0,0,0,0,0,0,Passenger,Cuddalore Port Tiruchchirapalli Passenger,56805
123.0,210.0,35.142857142857146,0,24,19.51219512195122,5,0,SR,1,0,0,0,0,0,0,Passenger,Vriddhachalam Tiruchchirapalli Passenger,56807
120.0,210.0,34.285714285714285,0,26,21.666666666666668,5,0,SR,1,0,0,0,0,0,0,Passenger,Mayiladuturai Tiruchchirapalli Passenger,56811
214.0,330.0,38.90909090909091,0,19,8.878504672897195,11,0,SR,1,0,0,0,0,0,0,Passenger,DINDIGUL - MAYILADUTURAI PASSENGER,56822
120.0,185.0,38.91891891891892,0,26,21.666666666666668,18,0,SR,1,0,0,0,0,0,0,Passenger,Mayiladuturai Tiruchchirapalli Passenger,56823
60.0,160.0,22.5,0,11,18.333333333333336,17,0,SR,1,0,0,0,0,0,0,Passenger,Tuticorin Tirunelveli Passenger,56827
60.0,130.0,27.692307692307693,0,11,18.333333333333336,7,0,SR,1,0,0,0,0,0,0,Passenger,Tirunelveli Tuticorin Passenger,56828
266.0,410.0,38.926829268292686,0,32,12.030075187969924,14,0,SR,1,0,0,0,0,0,0,Passenger,Rameswaram Trichy Passenger,56830
145.0,200.0,43.5,0,18,12.413793103448276,6,0,SR,1,0,0,0,0,0,0,Passenger,Vriddhachalam Salem Passenger,56835
145.0,215.0,40.46511627906977,0,18,12.413793103448276,18,0,SR,1,0,0,0,0,0,0,Passenger,Salem Vriddhachalam Passenger,56836
145.0,225.0,38.666666666666664,0,18,12.413793103448276,13,0,SR,1,0,0,0,0,0,0,Passenger,Vriddhachalam Salem Passenger,56837
145.0,195.0,44.61538461538461,0,18,12.413793103448276,9,0,SR,1,0,0,0,0,0,0,Passenger,Salem Vriddhachalam Passenger,56838
182.0,255.0,42.8235294117647,0,25,13.736263736263735,15,0,SR,1,0,0,0,0,0,0,Passenger,Jolarpettai Erode Passenger,56839
182.0,305.0,35.80327868852459,0,25,13.736263736263735,6,0,SR,1,0,0,0,0,0,0,Passenger,Erode Jolarpettai Passenger,56840
182.0,260.0,42.0,0,25,13.736263736263735,5,0,SR,1,0,0,0,0,0,0,Passenger,Jolarpettai Erode Passenger,56845
182.0,295.0,37.016949152542374,0,25,13.736263736263735,16,0,SR,1,0,0,0,0,0,0,Passenger,Erode Jolarpettai Passenger,56846
133.0,180.0,44.333333333333336,0,26,19.548872180451127,18,0,SR,1,0,0,0,0,0,0,Passenger,Tambaram Villupuram Passenger,56859
38.0,50.0,45.6,0,5,13.157894736842104,6,0,SR,1,0,0,0,0,0,0,Passenger,Villupuram-Puducherry Passenger,56861
38.0,50.0,45.6,0,5,13.157894736842104,14,0,SR,1,0,0,0,0,0,0,Passenger,Villupuram-Puducherry Passenger,56863
38.0,45.0,50.666666666666664,0,5,13.157894736842104,17,0,SR,1,0,0,0,0,0,0,Passenger,Puducherry-Villupuram Passenger,56865
123.0,220.0,33.54545454545455,0,24,19.51219512195122,5,0,SR,1,0,0,0,0,0,0,Passenger,Villupuram Mayiladuthurai Passenger,56873
123.0,205.0,36.0,0,24,19.51219512195122,17,0,SR,1,0,0,0,0,0,0,Passenger,Villupuram-Mayiladuthurai Passenger,56877
378.0,590.0,38.440677966101696,1,51,13.492063492063492,17,0,Unknown,1,0,0,0,1,0,0,Passenger,Dharwar Solapur Passenger,56904
359.0,555.0,38.810810810810814,0,47,13.091922005571032,4,1,SWR,1,0,0,0,0,0,0,Passenger,Solapur-Hubli Passenger,56905
359.0,570.0,37.78947368421053,0,47,13.091922005571032,13,0,SWR,1,0,0,0,0,0,0,Passenger,Hubli - Solapur Passenger,56906
310.0,640.0,29.0625,0,41,13.225806451612902,13,0,NER,1,0,0,0,0,0,0,Passenger,Muzaffarpur Gorakhpur Passenger,55029
57.0,75.0,45.6,0,6,10.526315789473685,20,0,SR,1,0,0,0,0,0,0,Passenger,Cuddalore Vriddhachalam Passenger,56833
141.0,255.0,33.1764705882353,0,26,18.43971631205674,6,0,SR,1,0,0,0,0,0,0,Passenger,Tiruchchirapalli Erode Passenger,56841
141.0,240.0,35.25,0,26,18.43971631205674,16,0,SR,1,0,0,0,0,0,0,Passenger,Tiruchchirapalli Erode Passenger,56843
301.0,460.0,39.26086956521739,0,48,15.9468438538206,13,0,SR,1,0,0,0,0,0,0,Passenger,Trichy Palakkad Town Passenger,56847
301.0,435.0,41.51724137931034,0,48,15.9468438538206,6,0,SR,1,0,0,0,0,0,0,Passenger,Palghat Town Tiruchchirapalli Passenger,56848
135.0,295.0,27.457627118644066,0,29,21.48148148148148,6,0,SR,1,0,0,0,0,0,0,Passenger,Nagore Trichy Passenger,56851
135.0,265.0,30.566037735849054,0,29,21.48148148148148,16,0,SR,1,0,0,0,0,0,0,Passenger,Trichy Nagore Passenger,56852
38.0,45.0,50.666666666666664,0,5,13.157894736842104,8,0,SR,1,0,0,0,0,0,0,Passenger,Puducherry-Villupuram Passenger,56862
38.0,50.0,45.6,0,5,13.157894736842104,16,0,SR,1,0,0,0,0,0,0,Passenger,Puducherry-Villupuram Passenger,56864
38.0,50.0,45.6,0,5,13.157894736842104,19,0,SR,1,0,0,0,0,0,0,Passenger,Puducherry-Villupuram Passenger,56866
123.0,220.0,33.54545454545455,0,24,19.51219512195122,5,0,SR,1,0,0,0,0,0,0,Passenger,Mayiladuthurai Villupuram Passenger,56874
123.0,230.0,32.08695652173913,0,24,19.51219512195122,17,0,SR,1,0,0,0,0,0,0,Passenger,Mayiladuthurai-Villupuram Passenger,56878
26.0,55.0,28.363636363636363,0,10,38.46153846153846,7,0,SR,1,0,0,0,0,0,0,Passenger,Tiruturaipdi Tiruvarur Passenger,56890
149.0,290.0,30.827586206896555,0,21,14.093959731543624,8,0,SR,1,0,0,0,0,0,0,Passenger,Thiruvarur Karaikkudi Passenger,56891
149.0,285.0,31.36842105263158,0,21,14.093959731543624,14,0,SR,1,0,0,0,0,0,0,Passenger,Karaikkudi Thiruvarur Passenger,56892
149.0,280.0,31.928571428571427,0,21,14.093959731543624,18,0,SR,1,0,0,0,0,0,0,Passenger,Thiruvarur Karaikkudi Passenger,56893
149.0,275.0,32.50909090909091,0,21,14.093959731543624,5,0,SR,1,0,0,0,0,0,0,Passenger,Karaikkudi Thiruvarur Passenger,56894
21.0,50.0,25.2,0,5,23.80952380952381,8,0,SWR,0,0,0,0,0,0,0,Passenger,Dharwar Hubil Passenger,56902
21.0,45.0,28.0,0,5,23.80952380952381,18,0,SWR,0,0,0,0,0,0,0,Passenger,Hubli Dharwar Passenger,56907
469.0,750.0,37.52,1,63,13.432835820895521,22,1,SWR,0,0,0,0,1,0,0,Passenger,Bangalore Hospet Passenger,56909
529.0,865.0,36.69364161849711,1,64,12.098298676748582,22,1,SWR,1,0,0,0,1,0,0,Passenger,Bangalore Hospet Passenger Slip,56909-Slip
529.0,945.0,33.58730158730159,1,64,12.098298676748582,13,0,SWR,1,0,0,0,1,0,0,Passenger,Bangalore Passenger,56910
189.0,315.0,36.0,0,22,11.640211640211641,5,0,SWR,0,0,0,0,0,0,0,Passenger,Bangalore Hubli passenger,56911
469.0,715.0,39.35664335664336,1,63,13.432835820895521,17,0,SWR,1,0,0,0,1,0,0,Passenger,Hubli Bangalore Passenger,56912
471.0,675.0,41.86666666666667,0,63,13.375796178343949,6,0,SWR,1,0,0,0,0,0,0,Passenger,Bangalore Hubli Fast Passenger,56913
471.0,685.0,41.25547445255474,0,63,13.375796178343949,9,0,SWR,1,0,0,0,0,0,0,Passenger,Hubli Bangalore passenger,56914
189.0,320.0,35.4375,1,22,11.640211640211641,3,1,SWR,1,0,0,0,1,0,0,Passenger,Hubli Passenger Slip,56915
189.0,275.0,41.23636363636364,0,22,11.640211640211641,18,0,Unknown,1,0,0,0,0,0,0,Passenger,Hubli Chikjajur Passenger,56916
63.0,105.0,36.0,0,8,12.698412698412698,11,0,SWR,1,0,0,0,0,0,0,Passenger,Bangalore Shimoga Slip,56917
274.0,440.0,37.36363636363637,0,41,14.963503649635035,13,0,SWR,1,0,0,0,0,0,0,Passenger,Shimoga Bangalore Passenger,56918
55.0,110.0,30.0,0,10,18.18181818181818,6,0,KR,1,0,0,0,0,0,0,Passenger,KULEM - VASCO DAGAMA Passenger,56961
55.0,100.0,33.0,0,10,18.18181818181818,12,0,KR,1,0,0,0,0,0,0,Passenger,KULEM - VASCO DA GAMA Passenger,56963
55.0,110.0,30.0,0,10,18.18181818181818,13,0,KR,1,0,0,0,0,0,0,Passenger,VASCO DA GAMA - KULEM Passenger,56964
456.0,865.0,31.63005780346821,1,74,16.2280701754386,18,0,SCR,0,0,0,0,1,0,0,Passenger,Bijapur-Bolarum Passenger,57129
444.0,890.0,29.93258426966292,1,65,14.639639639639638,19,0,SCR,0,0,0,0,1,0,0,Passenger,Hyderabad Bijapur Passenger,57130
21.0,70.0,18.0,0,18,85.71428571428572,9,0,SCR,0,0,0,0,0,0,0,Passenger,Bolarum Hyderabad Passenger,57131
367.0,600.0,36.7,0,45,12.26158038147139,11,0,SWR,1,0,0,0,0,0,0,Passenger,Bijapur Raichur Passenger,57133
367.0,570.0,38.63157894736842,0,45,12.26158038147139,7,0,SWR,1,0,0,0,0,0,0,Passenger,Raichur Bijapur Passenger,57134
107.0,245.0,26.204081632653065,0,10,9.345794392523365,3,1,SCR,0,0,0,0,0,0,0,Passenger,Dornakal Manuguru Passenger,57139
54.0,100.0,32.4,0,8,14.814814814814813,8,0,Unknown,1,0,0,0,0,0,0,Passenger,Dornakal Bhadrachalam Passenger,57145
54.0,100.0,32.4,0,8,14.814814814814813,17,0,Unknown,1,0,0,0,0,0,0,Passenger,Bhadrachalam Dornakal Passenger,57146
223.0,400.0,33.449999999999996,0,37,16.591928251121075,16,0,SCR,1,0,0,0,0,0,0,Passenger,Hyderabad Gulbarga Passenger,57156
149.0,270.0,33.111111111111114,0,30,20.13422818791946,4,1,SCR,1,0,0,0,0,0,0,Passenger,Vijayawada Rajahmundry Passenger,57201
170.0,265.0,38.490566037735846,0,23,13.529411764705882,5,0,SCR,0,0,0,0,0,0,0,Passenger,Tenali Markapur Road Passenger,57207
144.0,220.0,39.27272727272727,0,19,13.194444444444445,9,0,SCR,0,0,0,0,0,0,0,Passenger,Markapur Road Guntur Passenger,57208
200.0,282.0,42.5531914893617,0,49,24.5,11,0,SCR,1,0,0,0,0,0,0,Passenger,Rajamundry Visakhapatnam Passenger,57235
576.0,1110.0,31.135135135135137,0,99,17.1875,5,0,ER,1,0,0,0,0,0,0,Passenger,Sealdah Muzaffarpur Fast Passenger,53131
55.0,95.0,34.73684210526316,0,10,18.18181818181818,7,0,KR,1,0,0,0,0,0,0,Passenger,VASCO DAGAMA - KULEM Passenger,56962
55.0,105.0,31.428571428571427,0,10,18.18181818181818,17,0,KR,1,0,0,0,0,0,0,Passenger,KULEM - VASCO DA GAMA Passenger,56965
55.0,100.0,33.0,0,10,18.18181818181818,17,0,KR,1,0,0,0,0,0,0,Passenger,VASCO DA GAMA - KULEM Passenger,56966
235.0,330.0,42.72727272727273,0,26,11.063829787234042,5,0,SCR,0,0,0,0,0,0,0,Passenger,Kazipet Balharshah Passenger,57121
183.0,290.0,37.862068965517246,0,21,11.475409836065573,15,0,SCR,0,0,0,0,0,0,0,Passenger,Sirpur Town Kazipet Passenger,57122
382.0,615.0,37.26829268292683,0,44,11.518324607329843,11,0,SCR,0,0,0,0,0,0,0,Passenger,Balharshah Bhadrachalam Passenger,57124
443.0,830.0,32.024096385542165,0,50,11.286681715575622,20,0,SCR,1,0,0,0,0,0,0,Passenger,Nagpur Kazipet Passenger,57135
443.0,860.0,30.906976744186046,0,50,11.286681715575622,21,0,SCR,1,0,0,0,0,0,0,Passenger,Kazipet Nagpur Passenger,57136
331.0,495.0,40.121212121212125,3,36,10.876132930513595,20,0,SCR,0,0,1,1,1,0,0,Passenger,Link Secunderabad Express,57140
186.0,285.0,39.1578947368421,0,33,17.741935483870968,4,1,SCR,1,0,0,0,0,0,0,Passenger,Gulbarga-Hyderabad Passenger,57155
34.0,60.0,34.0,0,8,23.52941176470588,0,1,SCR,1,0,0,0,0,0,0,Passenger,Tenali Repalle Passenger,57202
34.0,60.0,34.0,0,8,23.52941176470588,3,1,SCR,1,0,0,0,0,0,0,Passenger,Repalle Tenali Passenger,57203
26.0,60.0,26.0,0,5,19.23076923076923,15,0,SCR,1,0,0,0,0,0,0,Passenger,Tenali Guntur Passenger,57209
26.0,45.0,34.666666666666664,0,5,19.23076923076923,14,0,SCR,1,0,0,0,0,0,0,Passenger,Guntur Tenali Passenger,57210
26.0,45.0,34.666666666666664,0,5,19.23076923076923,21,0,SCR,0,0,0,0,0,0,0,Passenger,Guntur Tenali Passenger,57216
130.0,225.0,34.666666666666664,0,16,12.307692307692307,8,0,SCR,0,0,0,0,0,0,0,Passenger,Guntur Macherla Passenger,57217
268.0,550.0,29.236363636363638,0,45,16.791044776119403,5,0,SCR,0,0,0,0,0,0,0,Passenger,Macherla Bhimavaram Passenger,57218
130.0,235.0,33.19148936170213,0,16,12.307692307692307,17,0,SCR,1,0,0,0,0,0,0,Passenger,Guntur Macherla Passenger,57219
130.0,190.0,41.05263157894737,0,16,12.307692307692307,16,0,SCR,1,0,0,0,0,0,0,Passenger,Macherla Guntur Passenger,57220
294.0,470.0,37.53191489361702,0,46,15.646258503401361,5,0,SCR,1,0,0,0,0,0,0,Passenger,Vijayawada Gudur Passenger,57224
349.0,630.0,33.23809523809524,0,60,17.191977077363894,8,0,SCR,1,0,0,0,0,0,0,Passenger,Vijayawada Visakhapatnam Passenger,57225
350.0,580.0,36.20689655172414,0,60,17.142857142857142,9,0,SCR,1,0,0,0,0,0,0,Passenger,Visakhapatnam Vijayawada Passenger,57226
373.0,585.0,38.256410256410255,1,69,18.498659517426272,21,0,SCR,1,0,0,0,1,0,0,Passenger,Machilipatnam Visakhapatnam Fast Passenger,57229
373.0,730.0,30.657534246575345,1,69,18.498659517426272,20,0,SCR,1,0,0,0,1,0,0,Passenger,Visakhapatnam Machilipatnam Fast Passenger,57230
213.0,305.0,41.9016393442623,0,42,19.71830985915493,17,0,SCR,1,0,0,0,0,0,0,Passenger,Vijayawada Kakinada Port Fast Passenger,57231
213.0,305.0,41.9016393442623,0,42,19.71830985915493,4,1,SCR,1,0,0,0,0,0,0,Passenger,Kakinada Port Vijayawada Passenger,57232
210.0,400.0,31.5,0,37,17.619047619047617,5,0,SCR,0,0,0,0,0,0,0,Passenger,Bitragunta Chennai Passenger,57240
221.0,315.0,42.095238095238095,0,36,16.289592760180994,4,1,SCR,1,0,0,0,0,0,0,Passenger,Bitragunta Vijayawada Passenger,57241
221.0,330.0,40.18181818181818,0,36,16.289592760180994,15,0,SCR,1,0,0,0,0,0,0,Passenger,Vijayawada bitragunta Passenger,57242
177.0,280.0,37.92857142857142,0,24,13.559322033898304,8,0,SCR,1,0,0,0,0,0,0,Passenger,Vijayawada Bhadrachalam Passenger,57254
601.0,1180.0,30.559322033898304,1,99,16.472545757071547,1,1,SCR,1,0,0,0,1,0,0,Passenger,Tirupati Kakinada Port Passenger,57257
601.0,1190.0,30.302521008403364,1,99,16.472545757071547,7,0,SCR,1,0,0,0,1,0,0,Passenger,Kakinada Port Tirupati Passenger,57258
68.0,125.0,32.64,0,19,27.941176470588232,14,0,SCR,0,0,0,0,0,0,0,Passenger,Bhimavaram Rajamundry Passenger,57259
98.0,220.0,26.727272727272727,0,26,26.53061224489796,8,0,SCR,0,0,0,0,0,0,0,Passenger,Rajamundry Narasapur Passenger,57260
536.0,980.0,32.816326530612244,1,84,15.671641791044776,21,0,SCR,1,0,0,0,1,0,0,Passenger,Rayagada Passenger,57271
536.0,1035.0,31.07246376811594,1,84,15.671641791044776,15,0,SCR,1,0,0,0,1,0,0,Passenger,Rayagada Vijayawada Passenger,57272
577.0,910.0,38.043956043956044,1,69,11.95840554592721,6,0,SCR,1,0,0,0,1,0,0,Passenger,Tirupati Hubli InterCity Passenger,57274
221.0,325.0,40.8,0,36,16.289592760180994,18,0,SCR,0,0,0,0,0,0,0,Passenger,Vijayawada Bitragunta Passenger,57278
96.0,200.0,28.799999999999997,0,21,21.875,18,0,SCR,0,0,0,0,0,0,0,Passenger,Gudivada Narasapur Passenger,57279
66.0,130.0,30.461538461538463,0,14,21.21212121212121,16,0,SCR,0,0,0,0,0,0,0,Passenger,Bhimavaram Gudivada Passenger,57280
121.0,155.0,46.83870967741935,0,14,11.570247933884298,7,0,SCR,1,0,0,0,0,0,0,Passenger,Raichur Guntakal Passenger,57427
121.0,170.0,42.705882352941174,0,14,11.570247933884298,18,0,SCR,1,0,0,0,0,0,0,Passenger,Guntakal Raichur Passenger,57428
197.0,295.0,40.06779661016949,0,18,9.137055837563452,16,0,SCR,1,0,0,0,0,0,0,Passenger,Guntakal Hindupur Passenger,57437
197.0,305.0,38.75409836065574,0,18,9.137055837563452,6,0,SCR,1,0,0,0,0,0,0,Passenger,Hindupur Guntakal Passenger,57438
434.0,760.0,34.26315789473684,0,54,12.442396313364055,7,0,SCR,1,0,0,0,0,0,0,Passenger,Hyderabad Purna Passenger,57547
56.0,75.0,44.8,0,9,16.07142857142857,6,0,CR,1,0,0,0,0,0,0,Passenger,Chalisgaon Dhule Mix Passenger,51111
218.0,330.0,39.63636363636363,0,28,12.844036697247706,4,1,SCR,1,0,0,0,0,0,0,Passenger,Kazipet Vijayawada Passenger,57237
218.0,380.0,34.42105263157895,0,28,12.844036697247706,12,0,SCR,1,0,0,0,0,0,0,Passenger,Vijaywada Kazipet Passenger,57238
137.0,310.0,26.516129032258064,0,27,19.70802919708029,16,0,SCR,0,0,0,0,0,0,0,Passenger,Chennai Gudur Passenger,57239
177.0,335.0,31.701492537313435,0,24,13.559322033898304,13,0,SCR,1,0,0,0,0,0,0,Passenger,Bhadrachalam Vijayawada Passenger,57253
164.0,245.0,40.163265306122454,0,24,14.634146341463415,17,0,SCR,1,0,0,0,0,0,0,Passenger,Visakhapatnam Kakinada Port passenger,57256
46.0,80.0,34.5,0,13,28.26086956521739,7,0,SCR,0,0,0,0,0,0,0,Passenger,Nidadavolu Bhimavaram Passenger,57262
76.0,140.0,32.57142857142857,0,20,26.31578947368421,4,1,SCR,0,0,0,0,0,0,0,Passenger,Narasapur Nidadavolu Passenger,57263
300.0,475.0,37.89473684210526,1,56,18.666666666666668,23,1,SCR,1,0,0,0,1,0,0,Passenger,Narasapur Visakhapatnam (LINK) Passenger,57264
300.0,535.0,33.64485981308412,1,56,18.666666666666668,20,0,SCR,1,0,0,0,1,0,0,Passenger,Visakhapatnam Narasapur (LINK) Passenger,57265
577.0,900.0,38.46666666666667,1,69,11.95840554592721,6,0,SCR,1,0,0,0,1,0,0,Passenger,Hubli Tirupati InterCity Passenger,57273
35.0,60.0,35.0,0,3,8.571428571428571,15,0,SCR,1,0,0,0,0,0,0,Passenger,Nadikode Macherla Passenger,57285
35.0,60.0,35.0,0,3,8.571428571428571,13,0,SCR,1,0,0,0,0,0,0,Passenger,Macherla Nadikode Passenger,57286
168.0,395.0,25.518987341772153,0,36,21.42857142857143,12,0,SCR,0,0,0,0,0,0,0,Passenger,Narasapur Guntur Passenger,57298
622.0,995.0,37.50753768844221,1,77,12.379421221864952,16,0,SCR,1,0,0,0,1,0,0,Passenger,Kacheguda Guntur Fast Passenger,57305
630.0,1020.0,37.05882352941177,1,82,13.015873015873016,17,0,SWR,1,0,0,0,1,0,0,Passenger,Guntur Secunderabad Passenger,57306
27.0,70.0,23.142857142857142,0,15,55.55555555555555,11,0,SWR,1,0,0,0,0,0,0,Passenger,Secunderabad Medchal Suburban,57307
27.0,70.0,23.142857142857142,0,15,55.55555555555555,13,0,SWR,1,0,0,0,0,0,0,Passenger,Medchal Secunderabad Suburban,57308
333.0,550.0,36.32727272727273,0,37,11.11111111111111,5,0,SWR,1,0,0,0,0,0,0,Passenger,Dronachellam Guntur Passenger,57327
333.0,620.0,32.225806451612904,0,37,11.11111111111111,12,0,SWR,1,0,0,0,0,0,0,Passenger,Guntur Dhone Passenger,57328
168.0,365.0,27.616438356164384,0,37,22.023809523809526,16,0,SWR,1,0,0,0,0,0,0,Passenger,Guntur Narasapur Fast Passenger,57381
169.0,320.0,31.6875,0,37,21.893491124260354,6,0,SCR,1,0,0,0,0,0,0,Passenger,Guntur Passenger,57382
93.0,125.0,44.63999999999999,0,13,13.978494623655914,10,0,SCR,1,0,0,0,0,0,0,Passenger,Gudur Tirupati Fast Passenger,57412
365.0,605.0,36.19834710743802,0,54,14.794520547945206,5,0,SCR,0,0,0,0,0,0,0,Passenger,Gunatkal Secunderabad Passenger,57426
93.0,165.0,33.81818181818182,0,13,13.978494623655914,17,0,SCR,1,0,0,0,0,0,0,Passenger,Gudur Tirupati Passenger,57430
55.0,80.0,41.25,0,5,9.09090909090909,15,0,SCR,1,0,0,0,0,0,0,Passenger,Gooty Dhone Passenger,57439
55.0,70.0,47.14285714285714,0,5,9.09090909090909,14,0,SCR,1,0,0,0,0,0,0,Passenger,Dhone Gooty Passenger,57440
122.0,180.0,40.666666666666664,0,14,11.475409836065573,8,0,SCR,0,0,0,0,0,0,0,Passenger,Kurnool Town Guntakal Passenger,57467
122.0,200.0,36.6,0,14,11.475409836065573,18,0,SCR,1,0,0,0,0,0,0,Passenger,Kurnool Town Guntakal Passenger,57469
298.0,530.0,33.73584905660377,0,59,19.798657718120804,4,1,SCR,0,0,0,0,0,0,0,Passenger,Bodhan Mahbubnagar Passenger,57474
370.0,690.0,32.17391304347826,0,35,9.45945945945946,8,0,SCR,1,0,0,0,0,0,0,Passenger,Tirupati Guntakal Passenger,57475
370.0,655.0,33.89312977099237,0,35,9.45945945945946,7,0,SCR,1,0,0,0,0,0,0,Passenger,Guntakal Tirupati Passenger,57476
26.0,55.0,28.363636363636363,0,6,23.076923076923077,6,0,SCR,1,0,0,0,0,0,0,Passenger,Nizamabad Bodhan Passenger,57501
26.0,55.0,28.363636363636363,0,6,23.076923076923077,7,0,SCR,1,0,0,0,0,0,0,Passenger,Bodhan Nizamabad Passenger,57502
26.0,55.0,28.363636363636363,0,6,23.076923076923077,18,0,SCR,1,0,0,0,0,0,0,Passenger,Nizamabad Bodhan Passenger,57503
26.0,55.0,28.363636363636363,0,6,23.076923076923077,19,0,SCR,1,0,0,0,0,0,0,Passenger,Bodhan Nizamabad Passenger,57504
59.0,120.0,29.5,0,8,13.559322033898306,9,0,SCR,0,0,0,0,0,0,0,Passenger,Parbhani Purna Passenger,57512
586.0,905.0,38.850828729281766,1,58,9.897610921501705,20,0,SCR,1,0,0,0,1,0,0,Passenger,Nanded-Daund Junction Passenger,57516
127.0,225.0,33.86666666666667,0,34,26.771653543307085,16,0,SCR,0,0,0,0,0,0,0,Passenger,Tandur Bolarum Passenger,57518
21.0,60.0,21.0,0,18,85.71428571428572,20,0,SCR,0,0,0,0,0,0,0,Passenger,Bolarum Secunderabad Suburban,57519
296.0,520.0,34.15384615384615,0,32,10.81081081081081,14,0,SCR,1,0,0,0,0,0,0,Passenger,Akola Parli Vaijnath Passenger,57539
296.0,465.0,38.193548387096776,0,32,10.81081081081081,13,0,SCR,1,0,0,0,0,0,0,Passenger,Akola Passenger,57540
325.0,465.0,41.935483870967744,0,34,10.461538461538462,7,0,SCR,0,0,0,0,0,0,0,Passenger,Nagarsol Nanded Passenger,57541
348.0,630.0,33.142857142857146,0,35,10.057471264367816,18,0,SCR,0,0,0,0,0,0,0,Passenger,Nanded Manmad Passenger,57542
624.0,970.0,38.597938144329895,0,86,13.782051282051281,4,1,SCR,1,0,0,0,0,0,0,Passenger,Kacheguda Manmad Passenger,57561
204.0,300.0,40.8,0,22,10.784313725490195,6,0,SCR,1,0,0,0,0,0,0,Passenger,Akola Purna Passenger,57581
207.0,330.0,37.63636363636363,0,22,10.628019323671499,23,1,SCR,1,0,0,0,0,0,0,Passenger,Akola Purna Passenger,57583
113.0,185.0,36.648648648648646,0,23,20.353982300884958,16,0,SCR,1,0,0,0,0,0,0,Passenger,Mahbubnagar Secunderabad Passenger,57448
233.0,395.0,35.39240506329114,0,24,10.300429184549357,15,0,SCR,1,0,0,0,0,0,0,Passenger,Chikjajur Guntakal Passenger,57451
50.0,80.0,37.5,0,9,18.0,14,0,SCR,1,0,0,0,0,0,0,Passenger,Bellary Guntakal Passenger,57453
50.0,85.0,35.29411764705882,0,9,18.0,12,0,SCR,1,0,0,0,0,0,0,Passenger,Guntakal Bellary Passenger,57454
54.0,70.0,46.285714285714285,0,6,11.11111111111111,17,0,SCR,0,0,0,0,0,0,0,Passenger,Dhone Kurnool Town Passenger,57468
122.0,170.0,43.05882352941176,0,14,11.475409836065573,4,1,SCR,1,0,0,0,0,0,0,Passenger,Guntakal Kurnool Town Passenger,57470
186.0,345.0,32.34782608695652,0,38,20.43010752688172,17,0,SCR,0,0,0,0,0,0,0,Passenger,Secunderabad Bodhan Passenger,57473
71.0,105.0,40.57142857142857,0,23,32.3943661971831,3,1,SCR,1,0,0,0,0,0,0,Passenger,Secunderabad Mirzapali Passenger,57485
71.0,135.0,31.555555555555557,0,23,32.3943661971831,5,0,SCR,1,0,0,0,0,0,0,Passenger,Mirzapali Secunderabad Passenger,57486
434.0,765.0,34.03921568627451,0,54,12.442396313364055,7,0,SCR,1,0,0,0,0,0,0,Passenger,Purna Hyderabad Passenger,57548
582.0,1005.0,34.74626865671642,1,69,11.855670103092782,21,0,SCR,1,0,0,0,1,0,0,Passenger,Hyderabad Aurangabad Passenger,57549
582.0,935.0,37.3475935828877,1,69,11.855670103092782,15,0,SCR,1,0,0,0,1,0,0,Passenger,Aurangabad-Hyderabad Passenger,57550
216.0,370.0,35.027027027027025,0,24,11.11111111111111,17,0,SCR,1,0,0,0,0,0,0,Passenger,Purna Adilabad Passenger,57551
216.0,340.0,38.11764705882353,0,24,11.11111111111111,15,0,SCR,1,0,0,0,0,0,0,Passenger,Adilabad Purna Passenger,57552
308.0,495.0,37.333333333333336,0,34,11.03896103896104,4,1,SCR,1,0,0,0,0,0,0,Passenger,Parli Vaijnath Adilabad Passenger,57553
308.0,525.0,35.2,0,34,11.03896103896104,4,1,SCR,1,0,0,0,0,0,0,Passenger,Adilabad Parli Vaijnath Passenger,57554
110.0,210.0,31.428571428571427,0,16,14.545454545454545,6,0,SCR,1,0,0,0,0,0,0,Passenger,Nizamabad Nanded Passenger,57557
110.0,170.0,38.8235294117647,0,16,14.545454545454545,18,0,SCR,1,0,0,0,0,0,0,Passenger,Nanded Nizamabad Passenger,57558
340.0,615.0,33.170731707317074,3,62,18.235294117647058,22,1,SCR,0,0,0,1,1,0,1,Passenger,Hyderabad-Parbhani PASS,57563
281.0,480.0,35.125,3,55,19.572953736654803,22,1,SCR,0,0,0,1,1,0,1,Passenger,Nanded Hyderabad Passenger,57564
204.0,330.0,37.09090909090909,0,22,10.784313725490195,7,0,SCR,1,0,0,0,0,0,0,Passenger,Purna Akola Passenger,57582
72.0,100.0,43.199999999999996,0,19,26.38888888888889,8,0,SCR,1,0,0,0,0,0,0,Passenger,Secunderabad Vikarabad Passenger,57605
72.0,90.0,48.0,0,19,26.38888888888889,10,0,SCR,1,0,0,0,0,0,0,Passenger,Vikarabad Secunderabad,57606
341.0,500.0,40.919999999999995,1,43,12.609970674486803,20,0,SCR,1,0,0,0,1,0,0,Passenger,Delta Fast Passenger,57619
331.0,590.0,33.66101694915254,1,36,10.876132930513595,18,0,SCR,1,0,0,0,1,0,0,Passenger,Kakatiya Fast Passenger,57625
331.0,670.0,29.64179104477612,1,36,10.876132930513595,22,1,SCR,1,0,0,0,1,0,0,Passenger,Kakatiya Fast Passenger,57626
382.0,655.0,34.99236641221374,1,55,14.397905759162304,1,1,SCR,1,0,0,0,1,0,0,Passenger,Guntur Tirupati Passanger,57640
207.0,325.0,38.215384615384615,0,38,18.357487922705314,11,0,SCR,1,0,0,0,0,0,0,Passenger,SOLAPUR - GADAG PASSENGER,57641
207.0,305.0,40.72131147540984,0,22,10.628019323671499,4,1,SCR,1,0,0,0,0,0,0,Passenger,GADAG - SOLAPUR PASSENGER,57642
94.0,115.0,49.04347826086956,0,12,12.765957446808512,17,0,SCR,1,0,0,0,0,0,0,Passenger,Bagalkot Gadag Passenger,57643
94.0,120.0,47.0,0,12,12.765957446808512,2,1,SCR,1,0,0,0,0,0,0,Passenger,Gadag Bagalkot Passenger,57644
341.0,560.0,36.535714285714285,0,43,12.609970674486803,10,0,SCR,1,0,0,0,0,0,0,Passenger,Secunderabad Repalle Passenger,57651
341.0,610.0,33.540983606557376,1,43,12.609970674486803,7,0,SCR,1,0,0,0,1,0,0,Passenger,Repalle Secunderabad Passenger,57652
202.0,330.0,36.72727272727273,0,22,10.891089108910892,6,0,SCR,1,0,0,0,0,0,0,Passenger,Manuguru Kazipet Passenger,57657
202.0,360.0,33.666666666666664,0,22,10.891089108910892,13,0,SCR,1,0,0,0,0,0,0,Passenger,Kazipet Manuguru Passenger,57658
235.0,455.0,30.98901098901099,0,46,19.574468085106382,5,0,SCR,0,0,0,0,0,0,0,Passenger,Falaknuma Gulbarga Passenger,57660
405.0,730.0,33.28767123287671,0,77,19.012345679012345,9,0,SER,0,0,0,0,0,0,0,Passenger,Puri -- Santragachi Passenger,58000
520.0,1150.0,27.130434782608695,0,109,20.96153846153846,23,1,SER,0,0,0,0,0,0,0,Passenger,Howrah Puri Santragachi Passenger,58001
294.0,405.0,43.55555555555556,0,61,20.74829931972789,15,0,SER,1,0,0,0,0,0,0,Passenger,Howrah Bhadrak Passenger,58003
341.0,455.0,44.96703296703297,0,60,17.59530791788856,4,1,SER,1,0,0,0,0,0,0,Passenger,Kharagpur Khurda Fast Passenger,58005
341.0,445.0,45.97752808988764,0,60,17.59530791788856,16,0,SER,1,0,0,0,0,0,0,Passenger,Kurdha road Kharagpur passenger,58006
179.0,265.0,40.52830188679245,0,29,16.201117318435752,6,0,SER,0,0,0,0,0,0,0,Passenger,Kharagpur Balasore Bhadrakh Passenger,58007
438.0,625.0,42.048,1,76,17.35159817351598,23,1,SER,1,0,0,0,1,0,0,Passenger,Howrah Chakradharpur Passenger,58011
438.0,670.0,39.223880597014926,2,76,17.35159817351598,17,0,SER,1,0,0,1,1,0,0,Passenger,Chakradharpur Howrah Passenger,58012
367.0,720.0,30.583333333333332,3,68,18.528610354223435,23,1,SER,1,0,0,1,1,0,1,Passenger,Bokaro Steel City-Howrah Fast Passenger,58014
283.0,335.0,50.68656716417911,0,55,19.434628975265017,17,0,SER,1,0,0,0,0,0,0,Passenger,Howrah Adra MEMU Passenger,58015
283.0,335.0,50.68656716417911,0,55,19.434628975265017,4,1,SER,1,0,0,0,0,0,0,Passenger,Adra Howrah Passenger,58016
56.0,75.0,44.8,0,9,16.07142857142857,10,0,CR,1,0,0,0,0,0,0,Passenger,Chalisgaon Dhule Mix Passenger,51113
56.0,75.0,44.8,0,9,16.07142857142857,13,0,CR,1,0,0,0,0,0,0,Passenger,Dhule Chalisgaon Mix Passenger,51114
56.0,75.0,44.8,0,9,16.07142857142857,17,0,CR,1,0,0,0,0,0,0,Passenger,Chalisgaon Dhule Mix Passenger,51115
152.0,215.0,42.41860465116279,0,18,11.842105263157894,5,0,WCR,1,0,0,0,0,0,0,Passenger,DAMOH BINA PASS,51886
207.0,330.0,37.63636363636363,0,22,10.628019323671499,22,1,SCR,1,0,0,0,0,0,0,Passenger,Purna Akola Passenger,57584
112.0,215.0,31.25581395348837,0,15,13.392857142857142,16,0,SCR,0,0,0,0,0,0,0,Passenger,Gulbarga Solapur Passenger,57628
382.0,705.0,32.51063829787234,0,55,14.397905759162304,15,0,SCR,1,0,0,0,0,0,0,Passenger,Tirupati Guntur Passenger,57639
37.0,55.0,40.36363636363637,0,5,13.513513513513514,21,0,SCR,0,0,0,0,0,0,0,Passenger,Gulbarga Wadi Passenger,57649
149.0,240.0,37.25,0,19,12.751677852348994,6,0,SCR,0,0,0,0,0,0,0,Passenger,Wadi Solapur Passenger,57650
347.0,565.0,36.849557522123895,0,60,17.291066282420747,10,0,SCR,0,0,0,0,0,0,0,Passenger,Sholapur Falaknuma Passenger,57659
110.0,165.0,40.0,0,15,13.636363636363635,20,0,SCR,1,0,0,0,0,0,0,Passenger,Solapur Bijapur Passenger,57685
110.0,145.0,45.51724137931035,0,15,13.636363636363635,0,1,SCR,1,0,0,0,0,0,0,Passenger,Bijapur Solapur Passenger,57686
513.0,965.0,31.896373056994822,0,104,20.2729044834308,9,0,SER,1,0,0,0,0,0,0,Passenger,Puri Santargachi Passenger,58002
222.0,325.0,40.98461538461538,0,37,16.666666666666664,5,0,SER,1,0,0,0,0,0,0,Passenger,Jajpur Keonjhar kharagpur,58008
222.0,365.0,36.49315068493151,0,37,16.666666666666664,15,0,SER,1,0,0,0,0,0,0,Passenger,Kharagpur Jajpur Keonjhar Road Passenger,58009
222.0,325.0,40.98461538461538,0,37,16.666666666666664,5,0,SER,1,0,0,0,0,0,0,Passenger,Chakradharpur Adra Passenger,58010
209.0,350.0,35.82857142857143,0,31,14.832535885167465,5,0,SER,1,0,0,0,0,0,0,Passenger,Kharagpur Asansol Passenger,58017
209.0,320.0,39.1875,0,31,14.832535885167465,17,0,SER,1,0,0,0,0,0,0,Passenger,Asansol Adra Kharagpur Passenger,58018
41.0,85.0,28.941176470588236,0,9,21.951219512195124,14,0,SER,1,0,0,0,0,0,0,Passenger,Adra Asansol Passenger,58019
41.0,75.0,32.8,0,9,21.951219512195124,12,0,SER,1,0,0,0,0,0,0,Passenger,Asansol Adra Passenger,58020
135.0,210.0,38.57142857142857,0,19,14.074074074074073,9,0,SER,1,0,0,0,0,0,0,Passenger,Kharagpur Tatanagar Passenger,58021
135.0,170.0,47.647058823529406,0,19,14.074074074074073,18,0,SER,1,0,0,0,0,0,0,Passenger,Tatanagar Kharagpur MEMU Passenger,58022
161.0,360.0,26.833333333333332,0,25,15.527950310559005,15,0,SER,0,0,0,0,0,0,0,Passenger,Tatanagar Barkakana Passenger,58023
336.0,570.0,35.36842105263158,0,45,13.392857142857144,8,0,SER,1,0,0,0,0,0,0,Passenger,Kharagpur-Hatia Passenger,58025
336.0,535.0,37.68224299065421,0,45,13.392857142857144,9,0,SER,1,0,0,0,0,0,0,Passenger,Hatia Kharagpur Passenger,58026
148.0,260.0,34.15384615384615,0,19,12.837837837837839,17,0,SER,1,0,0,0,0,0,0,Passenger,Tatanagar Barabil Passenger,58103
148.0,280.0,31.71428571428571,0,19,12.837837837837839,5,0,SER,1,0,0,0,0,0,0,Passenger,Barabil Tatanagar Passenger,58104
878.0,1485.0,35.474747474747474,1,119,13.55353075170843,6,0,SER,1,0,0,0,1,0,0,Passenger,TATANAGAR - ITWARI Passenger,58111
878.0,1595.0,33.028213166144205,1,110,12.528473804100228,21,0,SER,1,0,0,0,1,0,0,Passenger,ITWARI - TATANAGAR Passenger,58112
469.0,805.0,34.95652173913044,0,68,14.498933901918976,6,0,SER,1,0,0,0,0,0,0,Passenger,TATA BSP PASS,58113
471.0,900.0,31.4,0,70,14.8619957537155,18,0,SER,1,0,0,0,0,0,0,Passenger,BSP TATA PASSENGER,58114
101.0,185.0,32.75675675675676,0,16,15.841584158415841,16,0,SER,1,0,0,0,0,0,0,Passenger,ROU CKP SARANDA PASSENGER,58116
103.0,205.0,30.146341463414636,0,11,10.679611650485437,7,0,SER,1,0,0,0,0,0,0,Passenger,Birmitrapur Barsuan Passenger,58151
103.0,210.0,29.428571428571427,0,11,10.679611650485437,14,0,SER,1,0,0,0,0,0,0,Passenger,Barsuan Birmitrapur Passenger,58152
264.0,545.0,29.06422018348624,0,41,15.53030303030303,7,0,SER,1,0,0,0,0,0,0,Passenger,JHARSUGUDA - HATIA Passenger (UnReserved),58162
110.0,160.0,41.25,0,15,13.636363636363635,6,0,SECR,1,0,0,0,0,0,0,Passenger,Bilaspur Raipur Passenger,58201
110.0,195.0,33.84615384615385,0,15,13.636363636363635,19,0,SECR,1,0,0,0,0,0,0,Passenger,Raipur Bilaspur MEMU Local,58202
215.0,330.0,39.09090909090909,0,29,13.488372093023257,5,0,SECR,1,0,0,0,0,0,0,Passenger,Gevra Raipur Passenger,58203
215.0,345.0,37.391304347826086,0,29,13.488372093023257,18,0,SECR,1,0,0,0,0,0,0,Passenger,Raipur Gevra Road Passenger,58204
298.0,470.0,38.04255319148936,0,41,13.758389261744966,13,0,SECR,1,0,0,0,0,0,0,Passenger,RAIPUR ITWARI PASS,58205
298.0,605.0,29.553719008264462,0,41,13.758389261744966,7,0,SECR,1,0,0,0,0,0,0,Passenger,ITWARI RAIPUR MEMU Pass,58206
216.0,330.0,39.27272727272727,0,20,9.25925925925926,4,1,SECR,1,0,0,0,0,0,0,Passenger,Khariar Raipur Passenger,58208
232.0,395.0,35.24050632911393,0,22,9.482758620689657,12,0,SECR,1,0,0,0,0,0,0,Passenger,Jharsuguda Titlagarh Passenger,58215
232.0,390.0,35.69230769230769,0,22,9.482758620689657,7,0,SECR,1,0,0,0,0,0,0,Passenger,Titlagarh Jharsuguda Passenger,58216
487.0,915.0,31.934426229508198,0,64,13.141683778234086,7,0,SER,1,0,0,0,0,0,0,Passenger,Jharsuguda Gondia Passenger,58117
487.0,915.0,31.934426229508198,0,64,13.141683778234086,5,0,SER,1,0,0,0,0,0,0,Passenger,Gondia Jharsuguda Passenger,58118
50.0,85.0,35.29411764705882,0,7,14.0,7,0,SER,1,0,0,0,0,0,0,Passenger,Sambalpur Jharsuguda Passenger,58125
525.0,990.0,31.818181818181817,0,80,15.238095238095237,8,0,SER,1,0,0,0,0,0,0,Passenger,Rourkela-Puri Passenger,58131
549.0,1005.0,32.776119402985074,0,80,14.571948998178506,3,1,SER,1,0,0,0,0,0,0,Passenger,Puri Rourkela Passenger,58132
101.0,140.0,43.285714285714285,0,15,14.851485148514852,14,0,SER,1,0,0,0,0,0,0,Passenger,Rourkela Jharsuguda Passenger,58133
101.0,130.0,46.61538461538462,0,15,14.851485148514852,9,0,SER,1,0,0,0,0,0,0,Passenger,Jhsrsuguda Rourkela Passenger,58134
105.0,165.0,38.18181818181818,0,15,14.285714285714285,10,0,SECR,1,0,0,0,0,0,0,Passenger,Gevra Bilaspur Passenger,58209
105.0,175.0,36.0,0,15,14.285714285714285,7,0,SECR,1,0,0,0,0,0,0,Passenger,Bilaspur Gevra Passenger,58210
98.0,160.0,36.75,0,15,15.306122448979592,14,0,SECR,0,0,0,0,0,0,0,Passenger,Bilaspur Gevra Passenger,58212
205.0,260.0,47.307692307692314,0,26,12.682926829268293,17,0,SECR,1,0,0,0,0,0,0,Passenger,Jharsuguda Bilaspur Passenger,58213
205.0,305.0,40.32786885245902,0,26,12.682926829268293,6,0,SECR,1,0,0,0,0,0,0,Passenger,Bilaspur Jharsuguda Passenger,58214
202.0,255.0,47.529411764705884,0,19,9.405940594059405,19,0,SECR,1,0,0,0,0,0,0,Passenger,Titlagarh Raipur Passenger,58217
202.0,280.0,43.285714285714285,0,19,9.405940594059405,2,1,SECR,1,0,0,0,0,0,0,Passenger,Raipur Titagarh Passenger,58218
653.0,1330.0,29.45864661654135,2,73,11.179173047473201,20,0,WCR,1,0,0,0,1,0,1,Passenger,Chirmiri Bilaspur Passenger Slip,58220-Slip
214.0,325.0,39.5076923076923,2,24,11.214953271028037,8,0,SECR,1,0,0,0,1,0,1,Passenger,Chirmiri Chandia Passenger,58221
214.0,325.0,39.5076923076923,2,24,11.214953271028037,14,0,SECR,1,0,0,0,1,0,1,Passenger,Chandia Chirmiri Passenger,58222
124.0,290.0,25.655172413793107,0,14,11.290322580645162,7,0,SECR,1,0,0,0,0,0,0,Passenger,Manendragarh Ambikapur Passang,58223
124.0,270.0,27.555555555555557,0,14,11.290322580645162,12,0,SECR,1,0,0,0,0,0,0,Passenger,Ambikapur Manendragarh Passang,58224
83.0,115.0,43.30434782608695,0,12,14.457831325301205,19,0,ECoR,1,0,0,0,0,0,0,Passenger,Cuttack Paradip Passenger,58401
83.0,100.0,49.8,0,11,13.253012048192772,15,0,ECoR,1,0,0,0,0,0,0,Passenger,Cuttack Paradip Passenger,58405
83.0,130.0,38.307692307692314,0,11,13.253012048192772,10,0,ECoR,1,0,0,0,0,0,0,Passenger,Paradip Cuttack Passenger,58406
44.0,95.0,27.789473684210527,0,11,25.0,7,0,ECoR,1,0,0,0,0,0,0,Passenger,Khurda Puri Passenger,58407
44.0,95.0,27.789473684210527,0,11,25.0,18,0,ECoR,1,0,0,0,0,0,0,Passenger,Puri Khurda Road Passenger,58408
44.0,90.0,29.333333333333332,0,11,25.0,12,0,ECoR,1,0,0,0,0,0,0,Passenger,Khurda Puri Passenger,58409
44.0,100.0,26.4,0,11,25.0,23,1,ECoR,1,0,0,0,0,0,0,Passenger,Puri Khurda Road Passenger,58410
200.0,430.0,27.906976744186046,0,44,22.0,16,0,ECoR,1,0,0,0,0,0,0,Passenger,Puri Talcher Passenger,58414
91.0,170.0,32.11764705882353,0,21,23.076923076923077,16,0,ECoR,1,0,0,0,0,0,0,Passenger,Puri Cuttack Passenger,58415
91.0,185.0,29.513513513513512,0,21,23.076923076923077,8,0,ECoR,1,0,0,0,0,0,0,Passenger,Cuttack Puri Passenger,58416
380.0,760.0,30.0,0,60,15.789473684210527,7,0,ECoR,1,0,0,0,0,0,0,Passenger,Puri Gunupur Passenger,58417
380.0,805.0,28.32298136645963,0,60,15.789473684210527,8,0,ECoR,1,0,0,0,0,0,0,Passenger,Parlakhemundi Puri Passenger,58418
335.0,365.0,55.06849315068494,0,74,22.089552238805968,5,0,ECoR,1,0,0,0,0,0,0,Passenger,Angul Puri Fast Passenger,58421
195.0,315.0,37.142857142857146,0,38,19.48717948717949,16,0,ECoR,1,0,0,0,0,0,0,Passenger,Puri Angul Fast Passenger,58422
116.0,210.0,33.142857142857146,0,24,20.689655172413794,14,0,ECoR,1,0,0,0,0,0,0,Passenger,Bhadrak Cuttack Passenger,58423
116.0,200.0,34.8,0,24,20.689655172413794,9,0,ECoR,1,0,0,0,0,0,0,Passenger,Cuttack Bhadrakh Passenger,58424
116.0,180.0,38.666666666666664,0,23,19.82758620689655,15,0,ECoR,1,0,0,0,0,0,0,Passenger,Bhadrakh Cuttack Fast Passenger,58435
116.0,175.0,39.77142857142857,0,23,19.82758620689655,12,0,ECoR,1,0,0,0,0,0,0,Passenger,Cuttack Bhadrakh Fast Passenger,58436
529.0,990.0,32.06060606060606,0,55,10.396975425330814,5,0,ECoR,1,0,0,0,0,0,0,Passenger,Raipur Vishakhapatnam Passenger,58527
529.0,980.0,32.38775510204082,0,55,10.396975425330814,2,1,ECoR,1,0,0,0,0,0,0,Passenger,Visakhapatnam Raipur Passenger,58528
173.0,280.0,37.07142857142857,0,15,8.670520231213873,10,0,ECoR,1,0,0,0,0,0,0,Passenger,Rayagada Koraput Passenger,58541
173.0,285.0,36.421052631578945,0,15,8.670520231213873,5,0,ECoR,1,0,0,0,0,0,0,Passenger,Koraput Rayagada Passenger,58542
168.0,230.0,43.826086956521735,0,23,13.690476190476192,17,0,SER,1,0,0,0,0,0,0,Passenger,Kharagpur Adra Passenger,58601
168.0,300.0,33.6,0,23,13.690476190476192,5,0,SER,1,0,0,0,0,0,0,Passenger,Adra Kharagpur Passenger,58602
278.0,525.0,31.771428571428572,0,44,15.827338129496404,14,0,SER,1,0,0,0,0,0,0,Passenger,Kharagpur-Dhanbad Passenger,58603
278.0,505.0,33.02970297029703,0,45,16.18705035971223,5,0,SER,1,0,0,0,0,0,0,Passenger,Dhanbad Kharagpur Passenger,58604
135.0,200.0,40.5,0,19,14.074074074074073,15,0,SER,1,0,0,0,0,0,0,Passenger,Kharagpur Tatanagar Passenger,58605
135.0,200.0,40.5,0,19,14.074074074074073,9,0,SER,1,0,0,0,0,0,0,Passenger,Tatanagar Kharagpur Passenger,58606
238.0,640.0,22.3125,2,29,12.184873949579833,20,0,SECR,1,0,0,0,1,0,1,Passenger,Chirmiri Bilaspur Passenger,58220
194.0,240.0,48.5,0,35,18.04123711340206,17,0,ECoR,1,0,0,0,0,0,0,Passenger,Cuttack Berhampur Fast Passenger,58433
194.0,255.0,45.64705882352941,0,35,18.04123711340206,7,0,ECoR,1,0,0,0,0,0,0,Passenger,Berhampur Cuttack Fast Passenger,58434
472.0,885.0,32.0,2,50,10.593220338983052,6,0,ECoR,0,0,0,0,1,0,1,Passenger,Visakhapatnam Kirandul Passenger,58501
203.0,445.0,27.370786516853933,0,27,13.30049261083744,9,0,ECoR,1,0,0,0,0,0,0,Passenger,Palasa Visakhapatnam Passenger,58525
564.0,1095.0,30.904109589041095,1,63,11.170212765957448,18,0,ECoR,1,0,0,0,1,0,0,Passenger,Durg Visakhapatnam Passenger,58529
564.0,980.0,34.53061224489796,1,63,11.170212765957448,21,0,ECoR,1,0,0,0,1,0,0,Passenger,Visakhapatnam Durg Passenger,58530
186.0,280.0,39.857142857142854,0,25,13.440860215053762,10,0,ECoR,1,0,0,0,0,0,0,Passenger,Rayagada Vishakhapatnam Passenger,58537
186.0,295.0,37.83050847457627,0,25,13.440860215053762,5,0,ECoR,1,0,0,0,0,0,0,Passenger,Visakhapatnam Rayagada Passenger,58538
236.0,490.0,28.89795918367347,0,37,15.677966101694915,14,0,SER,1,0,0,0,0,0,0,Passenger,Gomoh-Chakradharpur Passenger,58607
236.0,480.0,29.5,0,38,16.10169491525424,5,0,SER,1,0,0,0,0,0,0,Passenger,Chakradharpur Gomoh Passenger,58608
62.0,85.0,43.76470588235294,0,9,14.516129032258064,18,0,SER,1,0,0,0,0,0,0,Passenger,Tatanagar Chakradharpur Passenger,58609
67.0,90.0,44.666666666666664,0,10,14.925373134328357,7,0,SER,1,0,0,0,0,0,0,Passenger,Lohardaga Ranchi Passenger,58652
67.0,90.0,44.666666666666664,0,10,14.925373134328357,9,0,SER,1,0,0,0,0,0,0,Passenger,Ranchi - Lohardaga - Barkichampi Passenger,58653
67.0,90.0,44.666666666666664,0,10,14.925373134328357,12,0,SER,1,0,0,0,0,0,0,Passenger,Barkichampi - Lohardaga - Ranchi Passenger,58654
67.0,90.0,44.666666666666664,0,10,14.925373134328357,14,0,SER,1,0,0,0,0,0,0,Passenger,Ranchi Lohardaga Passenger,58655
67.0,90.0,44.666666666666664,0,10,14.925373134328357,16,0,SER,1,0,0,0,0,0,0,Passenger,Lohardaga Ranchi Passenger,58656
67.0,90.0,44.666666666666664,0,10,14.925373134328357,18,0,SER,1,0,0,0,0,0,0,Passenger,Ranchi Lohardaga Passenger,58657
67.0,75.0,53.6,0,10,14.925373134328357,20,0,SER,1,0,0,0,0,0,0,Passenger,Lohardaga Ranchi Passenger,58658
218.0,435.0,30.06896551724138,0,31,14.22018348623853,11,0,SER,1,0,0,0,0,0,0,Passenger,Tatanagar Hatia Passenger,58661
218.0,360.0,36.333333333333336,0,31,14.22018348623853,4,1,SER,1,0,0,0,0,0,0,Passenger,Hatia Tatanagar Passenger,58662
172.0,250.0,41.279999999999994,0,25,14.534883720930234,5,0,SECR,1,0,0,0,0,0,0,Passenger,Durg Gondia Passenger,58703
172.0,260.0,39.69230769230769,0,25,14.534883720930234,17,0,SECR,1,0,0,0,0,0,0,Passenger,Gondia Durg Passenger,58704
68.0,180.0,22.666666666666668,0,11,16.176470588235293,7,0,SECR,1,0,0,0,0,0,0,Passenger,Telibandha Dhamtari Passenger,58711
68.0,185.0,22.054054054054053,0,11,16.176470588235293,6,0,SECR,1,0,0,0,0,0,0,Passenger,Dhamtari Telibandha Passenger,58712
68.0,180.0,22.666666666666668,0,11,16.176470588235293,12,0,SECR,1,0,0,0,0,0,0,Passenger,Telibandha Dhamtari Passenger,58713
68.0,185.0,22.054054054054053,0,11,16.176470588235293,12,0,Unknown,1,0,0,0,0,0,0,Passenger,Dhamtari Telibandha Passenger,58714
68.0,185.0,22.054054054054053,0,11,16.176470588235293,18,0,Unknown,1,0,0,0,0,0,0,Passenger,Telibandha Dhamtari Passenger,58715
68.0,190.0,21.473684210526315,0,11,16.176470588235293,18,0,Unknown,1,0,0,0,0,0,0,Passenger,Dhamtari Telibandha Passenger,58716
39.0,125.0,18.72,0,7,17.94871794871795,16,0,Unknown,1,0,0,0,0,0,0,Passenger,Telibandha Rajim Passenger,58717
39.0,120.0,19.5,0,7,17.94871794871795,9,0,Unknown,1,0,0,0,0,0,0,Passenger,RAJIM TELIBANDHA PASS,58718
17.0,50.0,20.4,0,3,17.64705882352941,8,0,Unknown,1,0,0,0,0,0,0,Passenger,ABHANPUR RAJIM PASS,58719
16.0,50.0,19.2,0,3,18.75,6,0,SECR,1,0,0,0,0,0,0,Passenger,RAJIM ABHANPUR PASS,58720
16.0,50.0,19.2,0,3,18.75,20,0,SECR,1,0,0,0,0,0,0,Passenger,ABHANPUR RAJIM PASS,58721
16.0,50.0,19.2,0,3,18.75,18,0,SECR,1,0,0,0,0,0,0,Passenger,RAJIM ABHANPUR PASS,58722
252.0,370.0,40.86486486486486,0,21,8.333333333333334,7,0,SECR,1,0,0,0,0,0,0,Passenger,Gondia Nagbhir Ballarshah Passenger,58802
137.0,170.0,48.35294117647059,0,10,7.2992700729927,7,0,SECR,0,0,0,0,0,0,0,Passenger,Wadsa Chanda Fort Passenger,58808
46.0,75.0,36.8,0,7,15.217391304347826,7,0,Unknown,0,0,0,0,0,0,0,Passenger,Ramtek itwari Passenger,58809
42.0,89.0,28.314606741573034,0,6,14.285714285714286,5,0,SECR,1,0,0,0,0,0,0,Passenger,Nagpur Ramtek Passenger,58810
42.0,115.0,21.913043478260867,0,6,14.285714285714286,21,0,SECR,1,0,0,0,0,0,0,Passenger,Ramtek Nagpur Passenger,58811
38.0,100.0,22.8,0,5,13.157894736842104,14,0,Unknown,1,0,0,0,0,0,0,Passenger,Ramtek itwari Passenger,58813
38.0,75.0,30.4,0,5,13.157894736842104,12,0,Unknown,1,0,0,0,0,0,0,Passenger,Itwari Ramtek Passenger,58814
124.0,245.0,30.367346938775512,0,16,12.903225806451614,13,0,SECR,1,0,0,0,0,0,0,Passenger,Itwari Tirodi Passenger,58815
124.0,205.0,36.29268292682927,0,16,12.903225806451614,8,0,SECR,1,0,0,0,0,0,0,Passenger,Tirodi Itwari Passenger,58816
48.0,95.0,30.315789473684212,0,5,10.416666666666668,5,0,Unknown,1,0,0,0,0,0,0,Passenger,Tumsar Road Tirodi Passenger,58817
48.0,80.0,36.0,0,5,10.416666666666668,17,0,Unknown,1,0,0,0,0,0,0,Passenger,Tirodi Tumsar Road DEMU,58818
148.0,405.0,21.925925925925927,0,26,17.56756756756757,4,1,SECR,1,0,0,0,0,0,0,Passenger,Nagpur Chindwara Passenger,58831
159.0,320.0,29.8125,0,22,13.836477987421382,15,0,SER,1,0,0,0,0,0,0,Passenger,Barka Kana Adra Passenger,58620
159.0,305.0,31.278688524590166,0,22,13.836477987421382,4,1,SER,1,0,0,0,0,0,0,Passenger,Adra Barkakana Passenger,58621
216.0,345.0,37.56521739130435,1,24,11.11111111111111,13,0,SECR,1,0,0,0,1,0,0,Passenger,Shahdol Ambikapur Passenger,58701
216.0,320.0,40.5,1,24,11.11111111111111,7,0,SECR,1,0,0,0,1,0,0,Passenger,Ambikapur Shahdol Passenger,58702
241.0,330.0,43.81818181818182,0,17,7.053941908713693,17,0,SECR,1,0,0,0,0,0,0,Passenger,Gondia Chanda Fort Passenger,58804
241.0,360.0,40.166666666666664,0,17,7.053941908713693,10,0,SECR,1,0,0,0,0,0,0,Passenger,Chanda Fort Gondia Passenger,58805
104.0,160.0,39.0,0,8,7.692307692307692,19,0,SECR,0,0,0,0,0,0,0,Passenger,Gondia Wadsa Passenger,58806
148.0,365.0,24.328767123287673,1,26,17.56756756756757,5,0,SECR,1,0,0,0,1,0,0,Passenger,Chhindwara Ramakona Nagpur Passenger,58832
148.0,430.0,20.651162790697672,0,26,17.56756756756757,7,0,SECR,1,0,0,0,0,0,0,Passenger,Nagpur Chindwara Passenger,58833
148.0,375.0,23.68,1,26,17.56756756756757,16,0,SECR,1,0,0,0,1,0,0,Passenger,Nagpur Ramakona Chhindwara Passenger,58835
148.0,380.0,23.36842105263158,1,26,17.56756756756757,22,1,SECR,1,0,0,0,1,0,0,Passenger,Nagpur Ramakona Chhindwara Passenger,58837
398.0,1170.0,20.41025641025641,1,54,13.5678391959799,12,0,SECR,1,0,0,0,1,0,0,Passenger,Nagpur Nainpur Jabalpur Fast Passenger,58839
86.0,245.0,21.06122448979592,0,17,19.767441860465116,18,0,SECR,1,0,0,0,0,0,0,Passenger,Nagpur Ramakona Passenger,58841
110.0,280.0,23.57142857142857,0,8,7.2727272727272725,5,0,Unknown,1,0,0,0,0,0,0,Passenger,Nagpur Nagbhir Passenger,58843
106.0,250.0,25.439999999999998,0,7,6.60377358490566,12,0,Unknown,1,0,0,0,0,0,0,Passenger,Nagbhir Itwari Passenger,58846
110.0,285.0,23.157894736842106,0,8,7.2727272727272725,17,0,Unknown,1,0,0,0,0,0,0,Passenger,Nagpur Nagbhir Passenger,58847
141.0,360.0,23.5,0,14,9.929078014184398,6,0,SECR,1,0,0,0,0,0,0,Passenger,Chhindwara Nainpur Passenger,58849
141.0,335.0,25.253731343283583,0,14,9.929078014184398,6,0,SECR,1,0,0,0,0,0,0,Passenger,Nainpur Chhindwara Passenger,58850
141.0,360.0,23.5,0,14,9.929078014184398,8,0,SECR,1,0,0,0,0,0,0,Passenger,Chhindwara Nainpur Passenger,58851
141.0,350.0,24.171428571428574,0,14,9.929078014184398,10,0,SECR,1,0,0,0,0,0,0,Passenger,Nainpur Chhindwara Passenger,58852
141.0,375.0,22.56,0,14,9.929078014184398,12,0,SECR,1,0,0,0,0,0,0,Passenger,Chhindwara Nainpur Passenger,58853
141.0,335.0,25.253731343283583,0,14,9.929078014184398,14,0,SECR,1,0,0,0,0,0,0,Passenger,Nainpur Chhindwara Passenger,58854
141.0,390.0,21.692307692307693,0,14,9.929078014184398,17,0,SECR,1,0,0,0,0,0,0,Passenger,Chhindwara Nainpur Passenger,58855
141.0,330.0,25.636363636363637,0,14,9.929078014184398,22,1,SECR,1,0,0,0,0,0,0,Passenger,Nainpur Chhindwara Passenger,58856
43.0,115.0,22.434782608695652,0,8,18.6046511627907,7,0,SECR,0,0,0,0,0,0,0,Passenger,Nainpur Mandla Fort Passenger,58857
74.0,230.0,19.304347826086957,0,9,12.162162162162163,11,0,Unknown,0,0,0,0,0,0,0,Passenger,Mandla Fort Balaghat Passenger,58858
43.0,115.0,22.434782608695652,0,8,18.6046511627907,13,0,SECR,1,0,0,0,0,0,0,Passenger,Nainpur Mandla Fort Passenger,58859
43.0,115.0,22.434782608695652,0,8,18.6046511627907,15,0,SECR,1,0,0,0,0,0,0,Passenger,Mandla Fort Nainpur Passenger,58860
43.0,115.0,22.434782608695652,0,8,18.6046511627907,17,0,Unknown,1,0,0,0,0,0,0,Passenger,Nainpur Mandla Fort Passenger,58861
43.0,115.0,22.434782608695652,0,8,18.6046511627907,19,0,SECR,1,0,0,0,0,0,0,Passenger,Mandla Fort Nainpur Passenger,58862
185.0,550.0,20.181818181818183,0,19,10.27027027027027,0,1,Unknown,1,0,0,0,0,0,0,Passenger,Balaghat jabalpur Passenger,58863
185.0,635.0,17.48031496062992,0,19,10.27027027027027,6,0,SECR,1,0,0,0,0,0,0,Passenger,Jabalpur Balaghat Passenger,58864
187.0,535.0,20.97196261682243,1,21,11.22994652406417,5,0,SECR,1,0,0,0,1,0,0,Passenger,Balaghat Jabalpur Passenger,58865
185.0,580.0,19.13793103448276,0,19,10.27027027027027,10,0,Unknown,1,0,0,0,0,0,0,Passenger,Jabalpur Balaghat Passenger,58866
185.0,525.0,21.142857142857142,0,19,10.27027027027027,9,0,SECR,1,0,0,0,0,0,0,Passenger,Balaghat jabalpur Passenger,58867
187.0,535.0,20.97196261682243,1,26,13.90374331550802,18,0,SECR,1,0,0,0,1,0,0,Passenger,Jabalpur Balaghat Passenger,58868
185.0,590.0,18.813559322033896,0,19,10.27027027027027,13,0,Unknown,1,0,0,0,0,0,0,Passenger,Balaghat jabalpur Passenger,58869
187.0,550.0,20.400000000000002,1,23,12.29946524064171,22,1,SECR,1,0,0,0,1,0,0,Passenger,Jabalpur Balaghat Passenger,58870
187.0,555.0,20.216216216216218,1,21,11.22994652406417,20,0,SECR,1,0,0,0,1,0,0,Passenger,Balaghat Jabalpur Passenger,58871
74.0,200.0,22.2,0,9,12.162162162162163,17,0,SECR,1,0,0,0,0,0,0,Passenger,Balaghat Nainpur Passenger,58873
74.0,200.0,22.2,0,9,12.162162162162163,5,0,SECR,1,0,0,0,0,0,0,Passenger,Nainpur Balaghat Passenger,58874
111.0,340.0,19.588235294117645,0,11,9.909909909909908,15,0,Unknown,0,0,0,0,0,0,0,Passenger,Jabalpur Nainpur Passenger,58876
267.0,420.0,38.142857142857146,0,43,16.10486891385768,4,1,WR,1,0,0,0,0,0,0,Passenger,Virar Bharuch Shuttle,59009
267.0,445.0,36.0,1,43,16.10486891385768,14,0,WR,1,0,0,0,0,0,1,Passenger,Bharuch Virar Passenger,59010
336.0,590.0,34.16949152542373,1,47,13.988095238095239,23,1,WR,1,0,0,0,1,0,0,Passenger,Bhusaval Passenger,59013
195.0,285.0,41.05263157894737,0,44,22.564102564102566,18,0,WR,1,0,0,0,0,0,0,Passenger,Mumbai Valsad Passenger,59023
563.0,700.0,48.25714285714286,0,71,12.61101243339254,10,0,WR,1,0,0,0,0,0,0,Passenger,Surat Amrawati Fast Passenger,59025
148.0,410.0,21.658536585365855,0,26,17.56756756756757,14,0,SECR,1,0,0,0,0,0,0,Passenger,Chhindwara Nagpur Passenger,58834
148.0,415.0,21.397590361445783,0,26,17.56756756756757,17,0,SECR,1,0,0,0,0,0,0,Passenger,Chhindwara Nagpur Passenger,58836
398.0,1140.0,20.94736842105263,1,54,13.5678391959799,20,0,SECR,1,0,0,0,1,0,0,Passenger,Jabalpur Nir Nagpur Passenger,58840
86.0,250.0,20.639999999999997,0,17,19.767441860465116,5,0,SECR,1,0,0,0,0,0,0,Passenger,Ramakona Nagpur Passenger,58842
110.0,270.0,24.444444444444443,0,8,7.2727272727272725,6,0,Unknown,1,0,0,0,0,0,0,Passenger,Nagbhir Nagpur Passenger,58844
110.0,265.0,24.90566037735849,0,8,7.2727272727272725,16,0,Unknown,1,0,0,0,0,0,0,Passenger,Nagbhir Nagpur Passenger,58848
563.0,735.0,45.95918367346939,0,71,12.61101243339254,9,0,WR,1,0,0,0,0,0,0,Passenger,Surat Fast Passenger,59026
207.0,400.0,31.049999999999997,0,32,15.458937198067634,17,0,WR,1,0,0,0,0,0,0,Passenger,Virar Surat Passenger,59037
207.0,345.0,36.0,0,32,15.458937198067634,4,1,WR,1,0,0,0,0,0,0,Passenger,Surat Virar Passenger,59038
139.0,175.0,47.65714285714286,0,20,14.388489208633095,11,0,WR,0,0,0,0,0,0,0,Passenger,Virar Valsad Shuttle,59039
112.0,140.0,48.0,0,16,14.285714285714285,13,0,WR,0,0,0,0,0,0,0,Passenger,Vapi Virar Shuttle,59040
64.0,78.0,49.230769230769226,0,9,14.0625,22,1,WR,1,0,0,0,0,0,0,Passenger,Virar Dahanu Shuttle,59043
64.0,80.0,48.0,0,9,14.0625,4,1,WR,1,0,0,0,0,0,0,Passenger,Dahanu Virar Shuttle,59044
159.0,230.0,41.47826086956522,1,32,20.12578616352201,9,0,WR,0,0,0,0,0,0,1,Passenger,Vapi Passenger,59045
184.0,280.0,39.42857142857142,0,36,19.565217391304348,16,0,WR,0,0,0,0,0,0,0,Passenger,Valsad-Bandra Passenger,59046
207.0,320.0,38.8125,0,32,15.458937198067634,7,0,WR,1,0,0,0,0,0,0,Passenger,Virar Surat Passenger,59047
207.0,290.0,42.827586206896555,0,32,15.458937198067634,18,0,WR,1,0,0,0,0,0,0,Passenger,Surat Virar Passenger,59048
364.0,845.0,25.846153846153847,1,74,20.32967032967033,6,0,WR,1,0,0,0,0,0,1,Passenger,Valsad Viramgam Passenger,59049
185.0,305.0,36.39344262295082,0,29,15.675675675675675,18,0,WR,0,0,0,0,0,0,0,Passenger,Surat Nandurbar Passenger,59051
336.0,725.0,27.806896551724137,1,51,15.178571428571429,7,0,WR,1,0,0,0,1,0,0,Passenger,Bhusaval Passenger,59075
423.0,853.0,29.753810082063307,1,84,19.858156028368793,14,0,WR,0,0,0,0,1,0,0,Passenger,Bhusaval Surat Mumbai Passenger,59076-Slip
336.0,560.0,36.0,1,47,13.988095238095239,16,0,WR,1,0,0,0,1,0,0,Passenger,Surat-Bhusaval Passenger,59077
336.0,560.0,36.0,1,47,13.988095238095239,0,1,WR,1,0,0,0,1,0,0,Passenger,Bhusaval-Surat Passenger,59078
185.0,285.0,38.94736842105263,0,29,15.675675675675675,2,1,WR,0,0,0,0,0,0,0,Passenger,Nandurbar Surat Passenger,59092
73.0,145.0,30.20689655172414,0,12,16.438356164383563,16,0,WR,1,0,0,0,0,0,0,Passenger,Vadodara Kathana Passenger,59101
73.0,155.0,28.258064516129032,0,12,16.438356164383563,6,0,WR,1,0,0,0,0,0,0,Passenger,Kathana Vadodara Passenger,59102
73.0,140.0,31.285714285714285,0,12,16.438356164383563,9,0,WR,1,0,0,0,0,0,0,Passenger,Vadodara Kathana Passenger,59103
73.0,150.0,29.2,0,12,16.438356164383563,12,0,WR,1,0,0,0,0,0,0,Passenger,Kathana Vadodara Passenger,59104
34.0,95.0,21.473684210526315,0,6,17.64705882352941,10,0,WR,0,0,0,0,0,0,0,Passenger,Bodeli Dabhoi Passenger,59112
78.0,145.0,32.275862068965516,0,14,17.94871794871795,14,0,WR,1,0,0,0,0,0,0,Passenger,Anand Godhra Passenger,59115
78.0,150.0,31.2,0,14,17.94871794871795,18,0,WR,1,0,0,0,0,0,0,Passenger,Godhra Anand Passenger,59116
63.0,115.0,32.869565217391305,0,7,11.11111111111111,7,0,WR,0,0,0,0,0,0,0,Passenger,Pratapnagar Bodeli Passenger,59117
99.0,175.0,33.94285714285714,0,18,18.181818181818183,6,0,WR,1,0,0,0,0,0,0,Passenger,Chhota Udepur Pratapnagar Passenger,59118
99.0,175.0,33.94285714285714,0,18,18.181818181818183,18,0,WR,1,0,0,0,0,0,0,Passenger,Pratapnagar Chhota Udepur Passenger,59119
99.0,180.0,33.0,0,18,18.181818181818183,17,0,WR,1,0,0,0,0,0,0,Passenger,Chhota Udepur Pratap Nagar Passenger,59120
99.0,180.0,33.0,0,18,18.181818181818183,10,0,WR,1,0,0,0,0,0,0,Passenger,Pratapnagar Chhota Udepur Passenger,59121
63.0,130.0,29.07692307692308,0,12,19.047619047619047,10,0,WR,1,0,0,0,0,0,0,Passenger,Bodeli Pratapnagar Passenger,59122
105.0,200.0,31.5,0,9,8.571428571428571,6,0,WR,1,0,0,0,0,0,0,Passenger,Modasa Nadiad Passenger,59152
36.0,90.0,24.0,0,8,22.22222222222222,22,1,WR,1,0,0,0,0,0,0,Passenger,Anand Vadodara Passenger,59158
14.0,40.0,21.0,0,3,21.428571428571427,15,0,WR,1,0,0,0,0,0,0,Passenger,Anand Vadtal Passenger,59163
14.0,45.0,18.666666666666668,0,3,21.428571428571427,11,0,WR,1,0,0,0,0,0,0,Passenger,Vadtal Swaminarayan Anand Passenger,59164
78.0,155.0,30.193548387096772,0,14,17.94871794871795,5,0,WR,1,0,0,0,0,0,0,Passenger,Anand Godhra Passenger,59165
78.0,150.0,31.2,0,14,17.94871794871795,8,0,WR,1,0,0,0,0,0,0,Passenger,Godhra Anand Passenger,59166
105.0,160.0,39.375,0,9,8.571428571428571,14,0,WR,1,0,0,0,0,0,0,Passenger,Wansjaliya Porbandar Passenger,59205
105.0,150.0,42.0,0,9,8.571428571428571,11,0,WR,1,0,0,0,0,0,0,Passenger,Porbandar Wansjaliya Passenger,59206
538.0,955.0,33.80104712041885,1,69,12.825278810408923,21,0,WR,1,0,0,0,1,0,0,Passenger,Bhavnagar Okha Passenger,59207
538.0,915.0,35.278688524590166,1,69,12.825278810408923,14,0,WR,1,0,0,0,1,0,0,Passenger,Bhavnagar Passenger,59208
213.0,350.0,36.51428571428572,0,20,9.389671361502348,14,0,WR,1,0,0,0,0,0,0,Passenger,Rajkot Porbandar Fast Passenger,59211
60.0,85.0,42.35294117647059,0,12,20.0,18,0,WR,1,0,0,0,0,0,0,Passenger,Surat Bharuch Passenger,59031
60.0,95.0,37.89473684210527,0,12,20.0,6,0,WR,1,0,0,0,0,0,0,Passenger,Bharuch Surat Passenger,59032
120.0,285.0,25.263157894736842,0,23,19.166666666666668,6,0,WR,1,0,0,0,0,0,0,Passenger,Bharuch Vadtal Swaminarayan Passenger,59161
120.0,245.0,29.387755102040817,0,23,19.166666666666668,16,0,WR,1,0,0,0,0,0,0,Passenger,Vadtal Swaminarayan Bharuch Passenger,59162
213.0,375.0,34.08,0,20,9.389671361502348,7,0,WR,1,0,0,0,0,0,0,Passenger,Porbandar Rajkot Fast Passenger,59212
52.0,120.0,26.0,0,6,11.538461538461538,7,0,WR,1,0,0,0,0,0,0,Passenger,Bhanvad Porbandar Passenger,59213
52.0,80.0,39.0,0,6,11.538461538461538,21,0,WR,1,0,0,0,0,0,0,Passenger,Bhanvad Porbandar Passenger,59215
52.0,90.0,34.666666666666664,0,6,11.538461538461538,19,0,WR,1,0,0,0,0,0,0,Passenger,Porbandar Bhanvad Passenger,59216
203.0,285.0,42.73684210526316,0,28,13.793103448275863,9,0,WR,1,0,0,0,0,0,0,Passenger,Bhavnagar Mahuva Passenger,59225
220.0,310.0,42.58064516129032,0,29,13.18181818181818,14,0,WR,1,0,0,0,0,0,0,Passenger,Mahuva Bhavnagar Passenger,59226
93.0,135.0,41.333333333333336,0,15,16.129032258064516,21,0,WR,1,0,0,0,0,0,0,Passenger,Botad Bhavnagar Passenger,59227
93.0,130.0,42.92307692307693,0,15,16.129032258064516,5,0,WR,1,0,0,0,0,0,0,Passenger,Bhavnagar-Botad Passenger,59228
93.0,150.0,37.2,0,15,16.129032258064516,6,0,WR,1,0,0,0,0,0,0,Passenger,Botad Jn-Bhavnagar T Passenger,59229
526.0,780.0,40.46153846153846,0,79,15.019011406844108,18,0,WR,1,0,0,0,0,0,0,Passenger,Bhavnagar Botad Passenger,59230
77.0,105.0,44.0,0,12,15.584415584415584,18,0,WR,1,0,0,0,0,0,0,Passenger,Surendranagar Botad Passenger,59231
77.0,110.0,42.0,0,12,15.584415584415584,7,0,WR,1,0,0,0,0,0,0,Passenger,Botad Surendranagar Passenger,59232
170.0,250.0,40.8,0,26,15.294117647058824,9,0,WR,1,0,0,0,0,0,0,Passenger,Surendranagar Bhavnagar Passenger,59233
170.0,230.0,44.34782608695652,0,26,15.294117647058824,14,0,WR,1,0,0,0,0,0,0,Passenger,Bhavnagar Surendranagar Passenger,59234
153.0,210.0,43.714285714285715,0,19,12.418300653594772,6,0,WR,1,0,0,0,0,0,0,Passenger,Dhola Mahuva Passenger,59235
153.0,215.0,42.69767441860465,0,19,12.418300653594772,17,0,WR,1,0,0,0,0,0,0,Passenger,Mahuva Dhola Passenger,59236
38.0,85.0,26.823529411764703,0,7,18.42105263157895,12,0,WR,1,0,0,0,0,0,0,Passenger,Rajula Mahuva Passenger,59243
38.0,80.0,28.5,0,7,18.42105263157895,10,0,WR,1,0,0,0,0,0,0,Passenger,Mahuva Rajula Passenger,59244
49.0,90.0,32.666666666666664,0,9,18.367346938775512,8,0,WR,1,0,0,0,0,0,0,Passenger,Palitana Bhavnagar Passenger,59267
49.0,75.0,39.2,0,9,18.367346938775512,6,0,WR,1,0,0,0,0,0,0,Passenger,Bhavnagar Palitana Passenger,59268
49.0,90.0,32.666666666666664,0,9,18.367346938775512,20,0,WR,1,0,0,0,0,0,0,Passenger,Palitana Bhavnagar Passenger,59269
49.0,75.0,39.2,0,9,18.367346938775512,18,0,WR,1,0,0,0,0,0,0,Passenger,Bhavnagar Palitana Passenger,59270
170.0,235.0,43.40425531914894,0,26,15.294117647058824,13,0,WR,1,0,0,0,0,0,0,Passenger,Surendranagar Bhavnagar Fast Passenger,59271
170.0,225.0,45.333333333333336,0,26,15.294117647058824,8,0,WR,1,0,0,0,0,0,0,Passenger,Bhavnagar Surendranagar Passenger,59272
49.0,75.0,39.2,0,9,18.367346938775512,16,0,WR,1,0,0,0,0,0,0,Passenger,Palitana Bhavnagar Passenger,59295
61.0,75.0,48.8,0,11,18.0327868852459,15,0,WR,1,0,0,0,0,0,0,Passenger,Bhavnagar Palitana Passenger,59296
232.0,305.0,45.63934426229508,0,26,11.206896551724139,5,0,WR,1,0,0,0,0,0,0,Passenger,Porbandar Veraval Passenger,59297
231.0,335.0,41.37313432835821,0,26,11.255411255411255,16,0,WR,1,0,0,0,0,0,0,Passenger,Veraval Porbandar Passenger,59298
79.0,120.0,39.5,1,10,12.658227848101266,8,0,WR,0,0,0,1,0,0,0,Passenger,Ujjain-Indore Passenger,59306
56.0,85.0,39.52941176470588,0,8,14.285714285714285,7,0,WR,1,0,0,0,0,0,0,Passenger,Ujjain Nagda Passenger,59318
184.0,285.0,38.73684210526316,0,25,13.586956521739129,17,0,WR,1,0,0,0,0,0,0,Passenger,Ujjain Bhopal Passenger,59319
184.0,260.0,42.46153846153847,0,25,13.586956521739129,6,0,WR,1,0,0,0,0,0,0,Passenger,Bhopal Ujjain Passenger,59320
429.0,710.0,36.25352112676056,0,39,9.090909090909092,11,0,WR,1,0,0,0,0,0,0,Passenger,Nagda Bina Passenger,59341
429.0,660.0,39.0,0,44,10.256410256410255,4,1,WR,1,0,0,0,0,0,0,Passenger,Bina Nagda Passenger,59342
41.0,60.0,41.0,0,6,14.634146341463415,10,0,WR,1,0,0,0,0,0,0,Passenger,Ratlam Nagda Passenger,59345
41.0,55.0,44.72727272727273,0,6,14.634146341463415,8,0,WR,1,0,0,0,0,0,0,Passenger,Nagda Ratlam Passenger,59346
591.0,985.0,36.0,0,70,11.844331641285956,7,0,WR,1,0,0,0,0,0,0,Passenger,Ratlam Mathura Passenger,59355
591.0,945.0,37.523809523809526,0,70,11.844331641285956,5,0,WR,1,0,0,0,0,0,0,Passenger,Mathura Ratlam Passenger,59356
88.0,180.0,29.333333333333332,0,16,18.181818181818183,9,0,WR,1,0,0,0,0,0,0,Passenger,Bayana Yamunabridge Passenger,59357
88.0,195.0,27.076923076923077,0,16,18.181818181818183,13,0,WR,1,0,0,0,0,0,0,Passenger,Yamuna Bridge Bayana Passenger,59358
75.0,105.0,42.857142857142854,0,8,10.666666666666666,5,0,WR,1,0,0,0,0,0,0,Passenger,Indore Maksi Passenger,59379
554.0,920.0,36.130434782608695,2,62,11.191335740072201,13,0,WR,1,0,0,0,1,0,1,Passenger,Panchvalley Fast Passenger,59385
554.0,985.0,33.746192893401016,2,62,11.191335740072201,21,0,WR,1,0,0,0,1,0,1,Passenger,Panchvalley Passenger,59386
56.0,95.0,35.36842105263158,0,8,14.285714285714285,18,0,WR,1,0,0,0,0,0,0,Passenger,Nagda Ujjain Passenger,59317
56.0,95.0,35.36842105263158,0,8,14.285714285714285,20,0,WR,1,0,0,0,0,0,0,Passenger,Ujjain Nagda Passenger,59354
1197.0,2060.0,34.86407766990291,1,151,12.614870509607352,21,0,SECR,0,0,0,0,1,0,0,Passenger,Panchvalley Passenger Slip2,59386-Slip2
135.0,245.0,33.06122448979592,0,17,12.592592592592592,15,0,WR,1,0,0,0,0,0,0,Passenger,Nagda Indore Bg Passenger,59387
135.0,260.0,31.153846153846157,0,17,12.592592592592592,8,0,WR,1,0,0,0,0,0,0,Passenger,Indore Bg Nagda Passenger,59388
263.0,345.0,45.73913043478261,2,34,12.927756653992397,23,1,WR,1,0,0,0,1,0,1,Passenger,Indore-Bhopal Fast Passenger,59389
263.0,345.0,45.73913043478261,2,34,12.927756653992397,22,1,WR,1,0,0,0,1,0,1,Passenger,Bhopal-Indore Fast Passenger,59390
115.0,210.0,32.857142857142854,0,15,13.043478260869566,16,0,WR,1,0,0,0,0,0,0,Passenger,Amla Chhindwara Passenger,59395
115.0,190.0,36.31578947368421,0,15,13.043478260869566,8,0,WR,1,0,0,0,0,0,0,Passenger,Chhindwara Amla Passenger,59396
185.0,270.0,41.111111111111114,0,21,11.35135135135135,7,0,WR,0,0,0,0,0,0,0,Passenger,Rajkot Veraval Passenger,59421
190.0,300.0,38.0,0,22,11.578947368421053,4,1,WR,1,0,0,0,0,0,0,Passenger,Somnath Rajkot Passenger,59422
190.0,300.0,38.0,0,22,11.578947368421053,18,0,WR,1,0,0,0,0,0,0,Passenger,Rajkot Somnath Passenger,59423
185.0,270.0,41.111111111111114,0,21,11.35135135135135,17,0,WR,0,0,0,0,0,0,0,Passenger,Veraval Rajkot Passenger,59424
491.0,985.0,29.908629441624363,1,99,20.162932790224033,12,0,WR,0,0,0,0,1,0,0,Passenger,Ahmadabad Passenger,59439
462.0,900.0,30.8,0,82,17.748917748917748,23,1,WR,0,0,0,0,0,0,0,Passenger,Ahmedabad Passenger,59440
491.0,975.0,30.215384615384615,2,99,20.162932790224033,22,1,WR,1,0,1,0,1,0,0,Passenger,Mumbai Central-Ahmedabad Passenger,59441
423.0,845.0,30.03550295857988,2,80,18.912529550827422,22,1,WR,0,0,1,0,1,0,0,Passenger,Ahmedabad Passenger Slip,59441-Slip
185.0,260.0,42.69230769230769,3,21,11.35135135135135,11,0,WR,0,1,1,1,0,0,0,Passenger,Rajkot Veraval Passenger,59459
923.0,1100.0,50.34545454545455,4,154,16.684723726977246,13,0,WR,0,1,1,1,1,0,0,Passenger,Veraval Mumbai Central Passenger Express,59460
90.0,125.0,43.199999999999996,0,16,17.77777777777778,16,0,WCR,0,0,0,0,0,0,0,Passenger,Borivali Dahanu Shuttle,59461
120.0,190.0,37.89473684210527,0,33,27.5,18,0,WR,0,0,0,0,0,0,0,Passenger,Dahanu Mumbai Passenger,59462
107.0,185.0,34.7027027027027,0,18,16.822429906542055,3,1,WR,1,0,0,0,0,0,0,Passenger,ADI - PTN PASSENGER,59473
106.0,215.0,29.58139534883721,0,15,14.150943396226415,20,0,WR,1,0,0,0,0,0,0,Passenger,PATAN - AHMEDABAD PASSENGER,59474
40.0,55.0,43.63636363636364,0,6,15.0,10,0,WCR,1,0,0,0,0,0,0,Passenger,Mahesana Patan Passenger,59475
40.0,60.0,40.0,0,6,15.0,12,0,WCR,1,0,0,0,0,0,0,Passenger,Patan Mehsana Passenger,59476
40.0,55.0,43.63636363636364,0,6,15.0,15,0,WCR,1,0,0,0,0,0,0,Passenger,Mahesana Patan Passenger,59477
40.0,55.0,43.63636363636364,0,6,15.0,17,0,WCR,1,0,0,0,0,0,0,Passenger,Patan Mehsana Passenger,59478
40.0,55.0,43.63636363636364,0,6,15.0,18,0,WCR,1,0,0,0,0,0,0,Passenger,Haldighati Passenger,59481
40.0,55.0,43.63636363636364,0,6,15.0,6,0,WCR,1,0,0,0,0,0,0,Passenger,Patan Mahesana Passenger,59482
40.0,55.0,43.63636363636364,0,6,15.0,5,0,WCR,1,0,0,0,0,0,0,Passenger,AHMEDABAD PATAN PASS,59483
40.0,55.0,43.63636363636364,0,6,15.0,20,0,WCR,1,0,0,0,0,0,0,Passenger,Patan Mahesana DMU,59484
429.0,780.0,33.0,0,51,11.888111888111888,11,0,WR,1,0,0,0,0,0,0,Passenger,Viramgam Okha Fast Passenger,59503
429.0,815.0,31.582822085889568,0,51,11.888111888111888,3,1,WR,1,0,0,0,0,0,0,Passenger,Okha Viramgam Fast Passenger,59504
66.0,115.0,34.43478260869565,0,9,13.636363636363635,8,0,WR,1,0,0,0,0,0,0,Passenger,Mahesana Viramgam Passenger,59509
66.0,115.0,34.43478260869565,0,9,13.636363636363635,6,0,WR,1,0,0,0,0,0,0,Passenger,Viramgam Mahesana Passenger,59510
66.0,115.0,34.43478260869565,0,9,13.636363636363635,19,0,WR,1,0,0,0,0,0,0,Passenger,Mahesana Viramgam,59511
66.0,115.0,34.43478260869565,0,8,12.121212121212121,16,0,WR,1,0,0,0,0,0,0,Passenger,Viramgam Mahesana,59512
499.0,1030.0,29.06796116504854,1,67,13.426853707414828,12,0,WR,1,0,0,0,1,0,0,Passenger,Ahmedabad Okha Passenger,59547
499.0,960.0,31.1875,1,67,13.426853707414828,22,1,WR,1,0,0,0,1,0,0,Passenger,Okha Ahmedabad Passenger,59548
53.0,80.0,39.75,0,9,16.9811320754717,7,0,NWR,1,0,0,0,0,0,0,Passenger,Beawar Ajmer Passenger,59601
53.0,80.0,39.75,0,9,16.9811320754717,17,0,NWR,1,0,0,0,0,0,0,Passenger,Ajmer Beawar Passenger,59602
300.0,535.0,33.64485981308412,0,34,11.333333333333334,8,0,NWR,1,0,0,0,0,0,0,Passenger,Ajmer Udaipur Passenger,59603
300.0,500.0,36.0,0,34,11.333333333333334,9,0,NWR,1,0,0,0,0,0,0,Passenger,Udaipur Ajmer Passenger,59604
114.0,170.0,40.23529411764706,0,12,10.526315789473685,5,0,NWR,1,0,0,0,0,0,0,Passenger,Chittaurgarh Udaipur Passenger,59605
114.0,185.0,36.97297297297297,0,12,10.526315789473685,19,0,NWR,1,0,0,0,0,0,0,Passenger,Udaipur Chittaurgarh Passenger,59606
368.0,585.0,37.743589743589745,1,48,13.043478260869565,23,1,NWR,1,0,0,0,1,0,0,Passenger,Hisar-Jaipur Passenger,59702
143.0,225.0,38.13333333333333,0,16,11.18881118881119,6,0,NWR,1,0,0,0,0,0,0,Passenger,Hisar Rewari Passenger,59703
143.0,225.0,38.13333333333333,0,16,11.18881118881119,17,0,NWR,1,0,0,0,0,0,0,Passenger,Gondia Durg Passenger,59704
23.0,35.0,39.42857142857142,0,4,17.391304347826086,7,0,WCR,1,0,0,0,0,0,0,Passenger,Amla Betul Passenger,51239
400.0,660.0,36.36363636363637,1,51,12.75,11,0,WR,1,0,0,0,0,1,0,Passenger,Habibganj Dahod Fast Pass,59394
562.0,945.0,35.682539682539684,0,55,9.786476868327401,6,0,NWR,1,0,0,0,0,0,0,Passenger,Suratgarh Jaipur Passenger,59705
76.0,110.0,41.45454545454545,0,10,13.157894736842104,10,0,NWR,1,0,0,0,0,0,0,Passenger,ANUPGARH - SURATGARH Passenger,59707
76.0,115.0,39.65217391304348,0,10,13.157894736842104,8,0,NWR,1,0,0,0,0,0,0,Passenger,SURATGARH - ANUPGARH Passenger,59708
76.0,100.0,45.6,0,10,13.157894736842104,17,0,NWR,1,0,0,0,0,0,0,Passenger,APH-SOG  PASSANGER,59709
76.0,105.0,43.42857142857143,0,4,5.2631578947368425,14,0,NWR,1,0,0,0,0,0,0,Passenger,Suratgarh Anupgarh Passenger,59710
142.0,220.0,38.72727272727273,0,17,11.971830985915494,14,0,NWR,1,0,0,0,0,0,0,Passenger,Bhatinda Suratgarh Passenger,59711
142.0,215.0,39.627906976744185,0,17,11.971830985915494,9,0,NWR,1,0,0,0,0,0,0,Passenger,Suratgarh Bhatinda Passenger,59712
55.0,75.0,44.0,0,9,16.363636363636363,7,0,NWR,1,0,0,0,0,0,0,Passenger,Phulera Jaipur Passenger,59713
55.0,90.0,36.666666666666664,0,9,16.363636363636363,18,0,NWR,1,0,0,0,0,0,0,Passenger,Jaipur Phulera Passenger,59714
216.0,300.0,43.2,0,28,12.962962962962962,3,1,NWR,1,0,0,0,0,0,0,Passenger,Phulera Rewari Passenger,59715
216.0,300.0,43.2,0,28,12.962962962962962,5,0,NWR,1,0,0,0,0,0,0,Passenger,Rewari Phulera Passenger,59716
216.0,290.0,44.689655172413794,0,28,12.962962962962962,17,0,NWR,1,0,0,0,0,0,0,Passenger,Phulera Rewari Passenger,59717
216.0,290.0,44.689655172413794,0,28,12.962962962962962,19,0,NWR,1,0,0,0,0,0,0,Passenger,Rewari Phulera Passenger,59718
369.0,505.0,43.84158415841584,0,48,13.008130081300813,5,0,NWR,1,0,0,0,0,0,0,Passenger,Jaipur Hisar Passenger,59721
369.0,525.0,42.17142857142857,0,48,13.008130081300813,14,0,NWR,1,0,0,0,0,0,0,Passenger,Hisar - Jaipur Fast Passenger,59722
211.0,300.0,42.2,1,19,9.004739336492891,7,0,NWR,1,0,0,0,1,0,0,Passenger,Rewari Sadulpur Passenger,59723
211.0,320.0,39.5625,1,19,9.004739336492891,12,0,NWR,1,0,0,0,1,0,0,Passenger,Sadulpur Rewari Passenger,59724
211.0,325.0,38.95384615384615,1,19,9.004739336492891,18,0,NWR,1,0,0,0,1,0,0,Passenger,Rewari Sadulpur Passenger,59725
211.0,325.0,38.95384615384615,1,19,9.004739336492891,0,1,NWR,1,0,0,0,1,0,0,Passenger,Sadulpur Rewari Passenger,59726
240.0,285.0,50.526315789473685,3,26,10.833333333333334,23,1,WR,0,0,1,1,1,0,0,Passenger,Kota Jaipur Passenger,59801
465.0,705.0,39.57446808510638,3,51,10.96774193548387,23,1,WR,0,0,1,1,1,0,0,Passenger,Jaipur Nagda Fast Passenger,59802
273.0,380.0,43.10526315789474,0,30,10.989010989010989,6,0,WR,1,0,0,0,0,0,0,Passenger,Bayana Jaipur Fast Passenger,59805
273.0,380.0,43.10526315789474,0,30,10.989010989010989,13,0,WR,1,0,0,0,0,0,0,Passenger,Jaipur Bayana Fast Passenger,59806
694.0,1275.0,32.65882352941176,1,72,10.374639769452449,8,0,WR,1,0,0,0,1,0,0,Passenger,Haldighati Passenger,59811
694.0,1255.0,33.179282868525895,1,72,10.374639769452449,19,0,WR,1,0,0,0,1,0,0,Passenger,Haldighati Passenger,59812
336.0,610.0,33.049180327868854,0,44,13.095238095238095,7,0,WR,0,0,0,0,0,0,0,Passenger,Kota Agra Yamuna Bridge Passenger,59813
333.0,555.0,36.0,0,43,12.912912912912912,8,0,WR,0,0,0,0,0,0,0,Passenger,Agra Fort Bayana Passenger,59814
495.0,995.0,29.84924623115578,1,55,11.11111111111111,22,1,WCR,1,0,0,0,1,0,0,Passenger,KOTA - BHIND Passenger,59821
500.0,905.0,33.14917127071823,1,47,9.4,18,0,WCR,1,0,0,0,1,0,0,Passenger,BHIND - KOTA PASSENGER,59822
526.0,900.0,35.06666666666667,0,64,12.167300380228138,7,0,WR,1,0,0,0,0,0,0,Passenger,Vadodara Kota Passenger,59831
227.0,435.0,31.310344827586206,0,19,8.370044052863436,22,1,WR,1,0,0,0,0,0,0,Passenger,Kota Nimach Passenger,59833
227.0,390.0,34.92307692307692,0,19,8.370044052863436,22,1,WR,1,0,0,0,0,0,0,Passenger,Nimach Kota Passenger,59834
170.0,265.0,38.490566037735846,0,19,11.176470588235295,7,0,WR,1,0,0,0,0,0,0,Passenger,Nimach Udaipur Passenger,59835
170.0,285.0,35.78947368421053,0,19,11.176470588235295,15,0,WR,1,0,0,0,0,0,0,Passenger,Udaipur Nimach Passenger,59836
6.0,15.0,24.0,0,2,33.333333333333336,1,1,CR,0,0,0,0,0,0,0,Passenger,Badnera Amravati Passenger,61135
6.0,20.0,18.0,0,3,50.0,8,0,Unknown,1,0,0,0,0,0,0,Passenger,JASIDIH BAIDYANATH PASS,63153
6.0,20.0,18.0,0,3,50.0,9,0,Unknown,1,0,0,0,0,0,0,Passenger,BAIDYANATH JASIDIH PASS,63154
6.0,20.0,18.0,0,3,50.0,10,0,Unknown,1,0,0,0,0,0,0,Passenger,JASIDIH BAIDYANATH PASS,63155
6.0,20.0,18.0,0,3,50.0,10,0,ER,1,0,0,0,0,0,0,Passenger,BAIDYANATH JASIDIH PASS,63156
6.0,19.0,18.947368421052634,0,3,50.0,12,0,ER,1,0,0,0,0,0,0,Passenger,Jasidih Baidyanathdham Passenger,63157
6.0,20.0,18.0,0,3,50.0,15,0,Unknown,1,0,0,0,0,0,0,Passenger,BAIDYANATH JASIDIH PASS,63160
6.0,20.0,18.0,0,3,50.0,16,0,Unknown,1,0,0,0,0,0,0,Passenger,JASIDIH BAIDYANATH PASS,63161
6.0,20.0,18.0,0,3,50.0,17,0,ER,1,0,0,0,0,0,0,Passenger,BAIDYANATH JASIDIH PASS,63162
6.0,20.0,18.0,0,3,50.0,17,0,Unknown,1,0,0,0,0,0,0,Passenger,JASIDIH BAIDYANATH PASS,63163
6.0,20.0,18.0,0,3,50.0,18,0,ER,1,0,0,0,0,0,0,Passenger,BAIDYANATH JASIDIH PASS,63164
6.0,20.0,18.0,0,3,50.0,19,0,Unknown,1,0,0,0,0,0,0,Passenger,JASIDIH BAIDYANATH PASS,63165
6.0,15.0,24.0,0,3,50.0,22,1,ER,1,0,0,0,0,0,0,Passenger,JASIDIH BAIDYANATH PASS,63167
6.0,15.0,24.0,0,3,50.0,23,1,ER,1,0,0,0,0,0,0,Passenger,BAIDYANATH JASIDIH PASS,63168
176.0,375.0,28.16,0,35,19.886363636363637,5,0,ECR,1,0,0,0,0,0,0,Passenger,Jhajha Patna Passenger MEMU,63207
176.0,370.0,28.54054054054054,0,35,19.886363636363637,8,0,ECR,1,0,0,0,0,0,0,Passenger,Patna Jhajha Passenger MEMU,63208
176.0,395.0,26.734177215189874,0,35,19.886363636363637,7,0,ECR,1,0,0,0,0,0,0,Passenger,Jhajha Patna MEMU,63209
176.0,345.0,30.608695652173914,0,49,27.84090909090909,11,0,ECR,1,0,0,0,0,0,0,Passenger,PATNA - JHAJHA Passenger,63210
176.0,400.0,26.4,0,57,32.38636363636363,17,0,ECR,1,0,0,0,0,0,0,Passenger,JASIDIH - PATNA MEMU,63211
176.0,365.0,28.93150684931507,0,35,19.886363636363637,14,0,ECR,1,0,0,0,0,0,0,Passenger,Patna-Jhajha Passenger MEMU,63212
99.0,205.0,28.975609756097562,0,22,22.22222222222222,6,0,ECR,1,0,0,0,0,0,0,Passenger,Mokama Danapur Passenger,63217
99.0,205.0,28.975609756097562,0,22,22.22222222222222,18,0,ECR,1,0,0,0,0,0,0,Passenger,Danapur Mokameh passenger,63218
76.0,135.0,33.77777777777778,0,11,14.473684210526315,9,0,ECR,0,0,0,0,0,0,0,Passenger,Danapur Ara MEMU,63219
85.0,185.0,27.567567567567565,0,13,15.294117647058824,15,0,ECR,0,0,0,0,0,0,0,Passenger,Ara Danapur Passenger,63220
49.0,110.0,26.727272727272727,0,9,18.367346938775512,20,0,ECR,1,0,0,0,0,0,0,Passenger,Patna Ara Passenger DEMU,63223
49.0,100.0,29.4,0,9,18.367346938775512,3,1,ECR,1,0,0,0,0,0,0,Passenger,Ara Patna MEMU,63224
117.0,195.0,36.0,0,17,14.529914529914532,12,0,ECR,1,0,0,0,0,0,0,Passenger,Patna Buxar Passenger MEMU,63225
117.0,230.0,30.52173913043478,0,17,14.529914529914532,16,0,ECR,1,0,0,0,0,0,0,Passenger,Buxar Patna Passenger,63226
117.0,200.0,35.1,0,17,14.529914529914532,7,0,ECR,1,0,0,0,0,0,0,Passenger,Patna Buxar Passenger MEMU,63227
117.0,295.0,23.796610169491522,0,17,14.529914529914532,18,0,ECR,1,0,0,0,0,0,0,Passenger,Baxur Patna Passenger MEMU,63228
94.0,225.0,25.066666666666666,0,16,17.02127659574468,11,0,ECR,1,0,0,0,0,0,0,Passenger,Buxar Mughal Sarai Passenger MEMU,63229
94.0,165.0,34.18181818181818,0,16,17.02127659574468,15,0,ECR,1,0,0,0,0,0,0,Passenger,Mughal Sarai Buxar Passenger,63230
117.0,245.0,28.653061224489797,0,17,14.529914529914532,19,0,ECR,1,0,0,0,0,0,0,Passenger,Patna Buxar Passenger DMU,63231
117.0,240.0,29.25,0,17,14.529914529914532,6,0,ECR,1,0,0,0,0,0,0,Passenger,Buxar Patna Passenger,63232
92.0,205.0,26.926829268292686,0,14,15.217391304347826,7,0,ECR,1,0,0,0,0,0,0,Passenger,Patna Gaya Passenger MEMU,63243
92.0,210.0,26.285714285714285,0,14,15.217391304347826,5,0,ECR,1,0,0,0,0,0,0,Passenger,Gaya Patna Passenger MEMU,63244
92.0,190.0,29.05263157894737,0,14,15.217391304347826,8,0,ECR,1,0,0,0,0,0,0,Passenger,Patna Gaya Passenger MEMU,63245
92.0,190.0,29.05263157894737,0,14,15.217391304347826,10,0,ECR,1,0,0,0,0,0,0,Passenger,Gaya Patna Passenger MEMU,63246
92.0,165.0,33.45454545454545,0,14,15.217391304347826,10,0,ECR,1,0,0,0,0,0,0,Passenger,Patna Gaya Passenger MEMU,63247
92.0,205.0,26.926829268292686,0,14,15.217391304347826,11,0,ECR,1,0,0,0,0,0,0,Passenger,Gaya Patna Passenger MEMU,63248
92.0,180.0,30.666666666666668,0,14,15.217391304347826,14,0,ECR,1,0,0,0,0,0,0,Passenger,Patna Gaya Passenger MEMU,63249
92.0,175.0,31.542857142857144,0,14,15.217391304347826,12,0,ECR,1,0,0,0,0,0,0,Passenger,Gaya Patna Passenger MEMU,63250
92.0,200.0,27.599999999999998,0,14,15.217391304347826,16,0,ECR,1,0,0,0,0,0,0,Passenger,Patna Gaya Passenger MEMU,63251
92.0,180.0,30.666666666666668,0,14,15.217391304347826,15,0,ECR,1,0,0,0,0,0,0,Passenger,Gaya Patna Passenger MEMU,63252
92.0,165.0,33.45454545454545,0,14,15.217391304347826,18,0,ECR,1,0,0,0,0,0,0,Passenger,Patna Gaya Passenger MEMU,63253
92.0,205.0,26.926829268292686,0,14,15.217391304347826,18,0,ECR,1,0,0,0,0,0,0,Passenger,Gaya Patna Passenger MEMU,63254
92.0,180.0,30.666666666666668,0,14,15.217391304347826,22,1,ECR,1,0,0,0,0,0,0,Passenger,Patna Gaya Passenger MEMU,63255
92.0,161.0,34.28571428571429,0,14,15.217391304347826,21,0,ECR,1,0,0,0,0,0,0,Passenger,Gaya Patna Passenger MEMU,63256
107.0,110.0,58.36363636363637,1,34,31.775700934579437,1,1,ER,1,0,0,0,0,0,1,Passenger,HWH BWN FAST,63501
105.0,142.0,44.36619718309859,0,34,32.38095238095238,21,0,ER,1,0,0,0,0,0,0,Passenger,BWN Howrah EMU,63502
106.0,115.0,55.30434782608695,0,14,13.20754716981132,4,1,ER,0,0,0,0,0,0,0,Passenger,Barddhaman Asansol mEMU,63505
106.0,110.0,57.81818181818182,0,14,13.20754716981132,7,0,ER,0,0,0,0,0,0,0,Passenger,Barddhaman Asansol mEMU,63509
106.0,115.0,55.30434782608695,0,14,13.20754716981132,8,0,ER,0,0,0,0,0,0,0,Passenger,Barddhaman Asansol mEMU,63511
106.0,110.0,57.81818181818182,0,14,13.20754716981132,10,0,ER,0,0,0,0,0,0,0,Passenger,Barddhaman Asansol mEMU,63513
106.0,110.0,57.81818181818182,0,14,13.20754716981132,12,0,ER,0,0,0,0,0,0,0,Passenger,Barddhaman Asansol mEMU,63515
106.0,115.0,55.30434782608695,0,14,13.20754716981132,15,0,ER,1,0,0,0,0,0,0,Passenger,Barddhaman Asansol mEMU,63519
106.0,110.0,57.81818181818182,0,14,13.20754716981132,16,0,ER,0,0,0,0,0,0,0,Passenger,Barddhaman Asansol mEMU,63521
106.0,115.0,55.30434782608695,0,14,13.20754716981132,17,0,ER,0,0,0,0,0,0,0,Passenger,Barddhaman Asansol mEMU,63523
199.0,375.0,31.84,0,28,14.07035175879397,11,0,ER,1,0,0,0,0,0,0,Passenger,Ranchi Asansol MEMU,63597
198.0,345.0,34.43478260869565,0,28,14.141414141414142,5,0,ER,1,0,0,0,0,0,0,Passenger,Asansol Ranchi MEMU,63598
552.0,735.0,45.06122448979592,2,136,24.637681159420293,20,0,ER,1,0,0,1,1,0,0,Express,KOLKATA CHITPUR - SITAMARHI Mithilanchal Exp,13155
730.0,1700.0,25.764705882352942,0,164,22.465753424657535,18,0,ER,1,0,0,0,0,0,0,Passenger,JAYNAGAR - HOWRAH Passenger,53042
191.0,260.0,44.07692307692308,0,19,9.947643979057592,12,0,NCR,1,0,0,0,0,0,0,Passenger,Jhansi Banda Passenger,54159
106.0,115.0,55.30434782608695,0,14,13.20754716981132,20,0,ER,0,0,0,0,0,0,0,Passenger,Barddhaman Asansol mEMU,63525
87.0,113.0,46.19469026548673,0,17,19.54022988505747,5,0,ER,1,0,0,0,0,0,0,Passenger,ASANSOL-GOMOH PASSENGER (MEMU),63541
87.0,120.0,43.5,0,17,19.54022988505747,7,0,ER,1,0,0,0,0,0,0,Passenger,Gomoh-Asansol MEMU,63542
87.0,125.0,41.76,0,17,19.54022988505747,18,0,ER,1,0,0,0,0,0,0,Passenger,ASANSOL GOMOH PASS,63543
87.0,110.0,47.45454545454545,0,17,19.54022988505747,21,0,ER,1,0,0,0,0,0,0,Passenger,Gomoh Asansol Passenger MEMU,63544
58.0,80.0,43.5,0,12,20.689655172413794,9,0,ER,1,0,0,0,0,0,0,Passenger,Dhanbad Asansol Passenger MEMU,63546
90.0,85.0,63.52941176470588,0,12,13.333333333333332,15,0,ER,0,0,0,0,0,0,0,Passenger,Dhanbad Hazaribagh Passenger MEMU,63547
109.0,173.0,37.80346820809248,0,17,15.596330275229356,17,0,ER,0,0,0,0,0,0,0,Passenger,Hazaribagh Road-Gaya Passenger,63549
133.0,145.0,55.03448275862069,0,19,14.285714285714285,7,0,ER,0,0,0,0,0,0,0,Passenger,Koderma Dhanbad Passenger MEMU,63550
58.0,80.0,43.5,0,12,20.689655172413794,23,1,ER,1,0,0,0,0,0,0,Passenger,Asansol Dhanbad Passenger MEMU,63551
58.0,80.0,43.5,0,12,20.689655172413794,3,1,ER,1,0,0,0,0,0,0,Passenger,Dhanbad Asansol Passenger MEMU,63552
80.0,143.0,33.56643356643357,0,15,18.75,10,0,ER,0,0,0,0,0,0,0,Passenger,Asansol Purulia MEMU Passenger,63556
111.0,130.0,51.23076923076923,0,16,14.414414414414413,7,0,ER,0,0,0,0,0,0,0,Passenger,asansol jasidih mEMU,63561
117.0,160.0,43.875,0,18,15.384615384615385,4,1,ER,0,0,0,0,0,0,0,Passenger,baidyanath dham asansol passenger,63562
110.0,128.0,51.5625,0,16,14.545454545454545,20,0,ER,1,0,0,0,0,0,0,Passenger,Asansol Jasidh MEMU,63563
111.0,130.0,51.23076923076923,0,16,14.414414414414413,17,0,ER,1,0,0,0,0,0,0,Passenger,jasidih Asansol mEMU,63564
154.0,200.0,46.199999999999996,0,20,12.987012987012987,9,0,ER,1,0,0,0,0,0,0,Passenger,Asansol Jhajha Passenger,63567
155.0,200.0,46.5,0,20,12.903225806451612,13,0,ER,1,0,0,0,0,0,0,Passenger,jhajha asansol memu,63568
111.0,135.0,49.333333333333336,0,16,14.414414414414413,17,0,ER,0,0,0,0,0,0,0,Passenger,Asansol jasidih mEMU,63569
117.0,160.0,43.875,0,18,15.384615384615385,6,0,ER,0,0,0,0,0,0,0,Passenger,Baidyanathdham Asansol Passenger,63570
97.0,150.0,38.8,0,13,13.402061855670103,5,0,ER,0,0,0,0,0,0,0,Passenger,Kiul Jasidih Passenger MEMU,63572
97.0,145.0,40.13793103448276,0,13,13.402061855670103,14,0,ER,0,0,0,0,0,0,0,Passenger,Kiul Jhajha Passenger,63574
140.0,190.0,44.21052631578947,0,22,15.714285714285715,15,0,ER,1,0,0,0,0,0,0,Passenger,Bokaro Steel City-Asansol Memu,63591
140.0,205.0,40.97560975609756,0,22,15.714285714285715,7,0,ER,1,0,0,0,0,0,0,Passenger,Asansol-Bokaro Steel City MEMU,63592
80.0,145.0,33.10344827586207,0,15,18.75,14,0,ER,1,0,0,0,0,0,0,Passenger,Purulia Asansol MEMU Passenger,63593
80.0,143.0,33.56643356643357,0,15,18.75,10,0,Unknown,1,0,0,0,0,0,0,Passenger,Asansol-Purulia MEMU,63594
194.0,310.0,37.54838709677419,0,29,14.948453608247423,3,1,ER,1,0,0,0,0,0,0,Passenger,Bokaro Steel City-Asansol MEMU,63595
146.0,280.0,31.285714285714285,0,23,15.753424657534246,17,0,ER,1,0,0,0,0,0,0,Passenger,Asansol-Bokaro Steel City MEMU,63596
88.0,135.0,39.111111111111114,0,19,21.59090909090909,19,0,NR,1,0,0,0,0,0,0,Passenger,Delhi Panipat EMU,64001
88.0,135.0,39.111111111111114,0,19,21.59090909090909,6,0,NR,1,0,0,0,0,0,0,Passenger,Panipat Delhi EMU,64002
32.0,74.0,25.945945945945944,0,21,65.625,16,0,NR,0,0,0,0,0,0,0,Express,Nizamuddin Parikrama,64089
32.0,76.0,25.263157894736842,0,21,65.625,9,0,NR,0,0,0,0,0,0,0,Express,Nizamuddin Parikrama EMU,64090
37.0,96.0,23.125,0,23,62.16216216216216,8,0,NR,0,0,0,0,0,0,0,Express,Nizamuddin Nizamuddin Parikrama EMU,64091
32.0,82.0,23.414634146341463,0,21,65.625,19,0,NR,0,0,0,0,0,0,0,Express,Nizamuddin Parikrama EMU,64092
22.0,48.0,27.5,0,15,68.18181818181819,9,0,NR,1,0,0,0,0,0,0,Express,Nizamuddin Shakurbasti Parikrama,64093
22.0,43.0,30.697674418604652,0,15,68.18181818181819,8,0,NR,1,0,0,0,0,0,0,Express,Nizamuddin Parikrama,64094
28.0,68.0,24.705882352941178,0,19,67.85714285714285,9,0,NR,0,0,0,0,0,0,0,Express,Shakurbasti New Delhi Parikrama,64095
22.0,45.0,29.333333333333332,0,15,68.18181818181819,10,0,NR,0,0,0,0,0,0,0,Express,Nizamuddin Parikrama EMU,64096
25.0,50.0,30.0,0,8,32.0,8,0,NR,1,0,0,0,0,0,0,Passenger,Ghaziabad New Delhi Ladies Special,64449
25.0,45.0,33.333333333333336,0,8,32.0,17,0,Unknown,1,0,0,0,0,0,0,Passenger,New Delhi Ghaziabad Ladies Special,64450
56.0,90.0,37.333333333333336,0,12,21.428571428571427,8,0,Unknown,1,0,0,0,0,0,0,Passenger,Palwal NDLS Ladies Special,64491
353.0,470.0,45.06382978723404,4,68,19.26345609065156,21,0,CR,1,1,1,1,1,0,0,Express,SALEM - CHENNAI EGMORE Exp,11064
738.0,1100.0,40.25454545454546,1,90,12.195121951219512,18,0,WCR,1,0,0,0,1,0,0,Express,BHOPAL - ITARSI Vindhyachal Exp,11272
1405.0,1370.0,61.53284671532847,3,261,18.576512455516013,13,0,ER,1,0,1,1,1,0,0,Superfast,KOLKATA CHITPUR - AGRA CANTT SF Exp,12319
507.0,530.0,57.39622641509433,4,73,14.398422090729783,23,1,NCR,1,1,1,1,1,0,0,Superfast,Allahabad Mathura SF Express,12403
1823.0,1990.0,54.96482412060302,0,303,16.62095447065277,8,0,NR,1,0,0,0,0,0,0,Superfast,NEW JALPAIGURI - AMRITSAR Karmabhoomi Exp,12407
1873.0,1905.0,58.99212598425197,3,270,14.415376401494928,5,0,NR,1,0,1,1,1,0,0,Superfast,BIKANER - KOLKATA CHITPUR Pratap Exp,12495
2551.0,2780.0,55.05755395683453,3,444,17.404939239513915,7,0,NER,1,0,1,1,1,0,0,Superfast,SECUNDERABAD - GUWAHATI Exp,12513
2547.0,2765.0,55.269439421338156,3,354,13.898704358068317,6,0,NFR,1,0,1,1,1,0,0,Superfast,GORAKHPUR - YESVANTPUR SF Exp,12591
909.0,985.0,55.370558375634516,4,162,17.821782178217823,14,0,SR,1,1,1,1,1,0,0,Superfast,Tiruvananthapuram Chennai SF Mail,12624
670.0,730.0,55.06849315068494,3,109,16.26865671641791,20,0,SR,1,0,1,1,1,0,0,Superfast,CHENNAI EGMORE - SENGOTTAI Pothigai SF Exp,12661
644.0,645.0,59.906976744186046,4,88,13.664596273291925,21,0,SCR,1,1,1,1,1,0,0,Superfast,Simhapuri SF Express,12709
1904.0,2080.0,54.92307692307693,3,272,14.285714285714286,18,0,SER,1,0,1,1,1,0,0,Superfast,HATIA - YESVANTPUR SF Exp,12835
1904.0,2085.0,54.79136690647482,3,272,14.285714285714286,8,0,SER,1,0,1,1,1,0,0,Superfast,YESVANTPUR - HATIA SF Exp,12836
1662.0,1710.0,58.31578947368421,4,281,16.90734055354994,23,1,SER,1,1,1,1,1,0,0,Superfast,Chennai-Howrah SF Mail,12840
2283.0,2490.0,55.01204819277108,3,312,13.666228646517741,22,1,WR,1,0,1,1,1,0,0,Superfast,GANDHIDHAM - PURI SF Exp,12993
2283.0,2490.0,55.01204819277108,3,312,13.666228646517741,19,0,WR,1,0,1,1,1,0,0,Superfast,PURI - GANDHIDHAM SF Exp,12994
566.0,775.0,43.81935483870968,2,123,21.73144876325088,14,0,ER,1,0,0,1,1,0,0,Express,MUZAFFARPUR - KOLKATA CHITPUR Tirhut Exp,13158
2536.0,3455.0,44.04052098408104,3,419,16.522082018927446,10,0,ECR,1,0,1,1,1,0,0,Express,DHANBAD - ALAPPUZHA Exp,13351
2532.0,3060.0,49.64705882352941,3,349,13.783570300157978,6,0,NER,1,0,1,1,1,0,0,Express,GORAKHPUR - YESVANTPUR Exp,15015
2465.0,3205.0,46.146645865834635,3,334,13.549695740365113,23,1,NER,1,0,1,1,1,0,0,Express,YESVANTPUR - GORAKHPUR Exp,15024
539.0,660.0,49.0,3,133,24.675324675324678,16,0,ECR,1,0,1,1,1,0,0,Express,DARBHANGA - KOLKATA CHITPUR Maithili Exp,15234
645.0,885.0,43.728813559322035,2,67,10.387596899224805,16,0,SER,1,0,0,1,1,0,0,Express,ROURKELA - KORAPUT Exp,18107
896.0,1185.0,45.36708860759494,3,134,14.95535714285714,13,0,ECoR,1,0,1,1,1,0,0,Express,SAMBALPUR - VARANASI Exp,18311
423.0,565.0,44.92035398230089,4,82,19.385342789598106,21,0,SER,1,1,1,1,1,0,0,Express,HATIA - HOWRAH Kriya Yoga Express,18616
107.0,145.0,44.27586206896552,0,34,31.775700934579437,14,0,Unknown,0,0,0,0,0,0,0,Passenger,Howrah-Barddhaman Local,37855
322.0,795.0,24.30188679245283,0,39,12.111801242236025,19,0,CR,1,0,0,0,0,0,0,Passenger,Itarsi Bhusaval Passenger,51158
335.0,365.0,55.06849315068494,0,38,11.343283582089551,5,0,CR,1,0,0,0,0,0,0,Passenger,ITARSI - KATNI Fast Passenger,51671
383.0,880.0,26.113636363636363,0,45,11.74934725848564,18,0,NCR,1,0,0,0,0,0,0,Passenger,Itarsi Jhansi Passenger,51827
256.0,530.0,28.981132075471695,0,35,13.671875,3,1,NER,1,0,0,0,0,0,0,Passenger,AISHBAGH - PILIBHIT PASS,52238
727.0,1865.0,23.3887399463807,0,167,22.97111416781293,7,0,ER,1,0,0,0,0,0,0,Passenger,HOWRAH - JAYNAGAR Passenger,53041
133.0,205.0,38.926829268292686,0,22,16.541353383458645,7,0,Unknown,1,0,0,0,0,0,0,Passenger,Rampurhat- Sahibganj Passenger,53405
120.0,180.0,40.0,0,17,14.166666666666668,6,0,NCR,1,0,0,0,0,0,0,Passenger,Chunar Allahabad Passenger,54103
68.0,315.0,12.952380952380953,0,12,17.64705882352941,7,0,NR,1,0,0,0,0,0,0,Passenger,Balamau Sitapur Cantt Passenger,54321
173.0,215.0,48.27906976744186,0,14,8.092485549132949,7,0,SR,1,0,0,0,0,0,0,Passenger,MADURAI  - SENGOTTAI PASSENGER,56731
173.0,225.0,46.13333333333333,0,14,8.092485549132949,7,0,SR,1,0,0,0,0,0,0,Passenger,SENGOTTAI - MADURAI  PASSENGER,56732
264.0,450.0,35.2,0,40,15.15151515151515,11,0,SER,1,0,0,0,0,0,0,Passenger,HATIA - JHARSUGUDA Passenger (UnReserved),58161
76.0,105.0,43.42857142857143,0,10,13.157894736842104,5,0,ER,0,0,0,0,0,0,0,Passenger,Gaya Koderma Passenger MEMU,63548
858.0,970.0,53.072164948453604,3,149,17.365967365967364,11,0,SR,1,0,1,1,1,0,0,Superfast,Kollam Chennai Central (Weekly) SF Special,06012
1283.0,1735.0,44.36887608069164,3,204,15.900233826968044,22,1,CR,1,0,1,1,1,0,0,Express,Chennai-Mumbai CST Mail,11028
1283.0,1550.0,49.66451612903226,3,204,15.900233826968044,11,0,CR,1,0,1,1,1,0,0,Express,ChennaiCentral-CST Mumbai Express,11042
500.0,420.0,71.42857142857143,2,101,20.2,6,0,SR,1,1,0,0,0,1,0,Premium,CHENNAI CENT - MYSORE Shatabdi Express,12007
927.0,1010.0,55.069306930693074,2,153,16.50485436893204,18,0,SR,1,0,0,1,1,0,0,Superfast,CHENNAI CENTRAL - NAGERCOIL SF Exp,12689
725.0,895.0,48.60335195530727,3,106,14.620689655172415,23,1,NCR,1,0,1,1,1,0,0,Express,Haridwar Express,14115
725.0,925.0,47.02702702702703,3,106,14.620689655172415,16,0,NCR,1,0,1,1,1,0,0,Express,Allahabad Express,14116
157.0,295.0,31.932203389830505,0,20,12.738853503184712,18,0,NCR,1,0,0,0,0,0,0,Express,Saryu Express,14125
1091.0,1420.0,46.098591549295776,2,190,17.415215398716775,12,0,NFR,1,0,0,1,1,0,0,Express,GAYA - KAMAKHYA Weekly Exp,15619
500.0,630.0,47.61904761904762,3,91,18.2,21,0,SWR,1,0,1,1,1,0,0,Express,Kaveri Express,16222
902.0,1025.0,52.800000000000004,4,162,17.96008869179601,11,0,SR,1,0,1,1,1,0,1,Express,West Coast Express,16627
76.0,120.0,38.0,0,20,26.31578947368421,12,0,SCR,1,0,0,0,0,0,0,Express,Simhadri Link Express,17242
1070.0,1370.0,46.86131386861314,3,172,16.074766355140188,14,0,SWR,1,0,1,1,1,0,0,Express,CHENNAI CENT - VASCO DA GAMA Exp,17311
664.0,765.0,52.07843137254902,4,80,12.048192771084338,16,0,SCR,1,1,1,1,1,0,0,Express,Prashanti Nilayam Express,17604
629.0,710.0,53.154929577464785,2,87,13.83147853736089,5,0,WR,1,0,0,1,1,0,0,Express,Surat Bhavnagar Express Slip,19025
672.0,940.0,42.8936170212766,2,97,14.43452380952381,18,0,NR,0,0,1,0,1,0,0,Express,Khurja Allahabad Link Express,24512
71.0,110.0,38.72727272727273,1,25,35.21126760563381,14,0,Unknown,1,0,0,0,0,0,1,Passenger,Panskura Howrah EMU,38458
83.0,120.0,41.5,1,22,26.506024096385545,5,0,SR,0,0,0,0,0,0,1,Passenger,Sullurpeta Chennai EMU Local,42402
21.0,45.0,28.0,0,13,61.904761904761905,0,1,Unknown,0,0,0,0,0,0,0,Passenger,Chennai Central Avadi EMU,43001
25.0,40.0,37.5,0,14,56.0,5,0,SCR,0,0,0,0,0,0,0,Superfast,Hyderabad Lingampalli MMTS,47100
25.0,40.0,37.5,0,14,56.0,5,0,SCR,1,0,0,0,0,0,0,Superfast,Lingampalli Hyderabad MMTS,47126
25.0,45.0,33.333333333333336,0,14,56.0,8,0,SCR,0,0,0,0,0,0,0,Superfast,Lingampalli Hyderabad MMTS,47131
37.0,80.0,27.75,0,23,62.16216216216216,6,0,SCR,0,0,0,0,0,0,0,Superfast,Lingampalli Falaknuma MMTS,47173
37.0,75.0,29.6,0,23,62.16216216216216,16,0,SCR,0,0,0,0,0,0,0,Superfast,Lingampalli Falaknuma MMTS,47186
392.0,795.0,29.58490566037736,0,45,11.479591836734695,19,0,CR,1,0,0,0,0,0,0,Passenger,Bhusaval Nagpur Passenger,51285
62.0,255.0,14.588235294117647,0,11,17.741935483870968,9,0,WR,1,0,0,0,0,0,0,Passenger,Kosamba Umarpada Passenger,52047
112.0,150.0,44.8,0,19,16.96428571428571,20,0,ER,1,0,0,0,0,0,0,Passenger,Barddhaman Rampurhat Passenger,53069
164.0,250.0,39.36,0,23,14.02439024390244,17,0,ECR,1,0,0,0,0,0,0,Passenger,Barwadih Dehri on Sone Passenger,53349
85.0,125.0,40.8,0,13,15.294117647058824,10,0,ECR,1,0,0,0,0,0,0,Passenger,Gaya Dehri On Sone Passenger,53363
85.0,140.0,36.42857142857142,0,13,15.294117647058824,11,0,ECR,1,0,0,0,0,0,0,Passenger,Gaya Dehri On Sone Passenger,53601
205.0,280.0,43.92857142857142,0,30,14.634146341463415,18,0,ECR,1,0,0,0,0,0,0,Passenger,Gaya Mughal Sarai Fast Passenger,53613
214.0,380.0,33.78947368421053,0,30,14.018691588785046,16,0,NCR,1,0,0,0,0,0,0,Passenger,Allahabad Kanpur Passenger,54101
117.0,245.0,28.653061224489797,0,17,14.529914529914532,15,0,NR,1,0,0,0,0,0,0,Passenger,Kanpur Balamau Passenger,54336
171.0,305.0,33.63934426229508,0,17,9.941520467836257,14,0,NR,1,0,0,0,0,0,0,Passenger,Nangal Dam Ambala Passenger,54512
184.0,265.0,41.660377358490564,0,16,8.695652173913043,16,0,NFR,1,0,0,0,0,0,0,Passenger,New Bongaigaon Guwahati Passenger,55617
157.0,265.0,35.54716981132075,0,21,13.375796178343949,4,1,NFR,1,0,0,0,0,0,0,Passenger,Manas Rhino Passenger,55801
294.0,430.0,41.02325581395349,0,46,15.646258503401361,15,0,SCR,1,0,0,0,0,0,0,Passenger,Gudur Vijayawada Passenger,57223
294.0,410.0,43.02439024390244,0,46,15.646258503401361,6,0,SCR,0,0,0,0,0,0,0,Passenger,Gudur Vijayawada Passenger,57277
93.0,135.0,41.333333333333336,0,13,13.978494623655914,13,0,SCR,1,0,0,0,0,0,0,Passenger,Tirupati Gudur Passenger,57411
233.0,415.0,33.68674698795181,0,24,10.300429184549357,7,0,SCR,1,0,0,0,0,0,0,Passenger,Guntakal Chikjajur Passenger,57452
257.0,350.0,44.05714285714286,0,31,12.062256809338523,4,1,SCR,1,0,0,0,0,0,0,Passenger,Solapur-Raichur Passenger,57631
200.0,390.0,30.76923076923077,0,44,22.0,5,0,ECoR,1,0,0,0,0,0,0,Passenger,Dhenkanal Puri Passenger,58413
336.0,585.0,34.46153846153846,1,47,13.988095238095239,18,0,WR,1,0,0,0,1,0,0,Passenger,Surat Passenger,59014
336.0,670.0,30.08955223880597,1,51,15.178571428571429,8,0,WR,1,0,0,0,1,0,0,Passenger,Surat Passenger,59076
75.0,100.0,45.0,0,8,10.666666666666666,9,0,WR,1,0,0,0,0,0,0,Passenger,Maksi Indore Bg Passenger,59380
400.0,635.0,37.79527559055118,0,51,12.75,5,0,WR,1,0,0,0,0,0,0,Passenger,Dahod Habibganj Fast Pass,59393
225.0,295.0,45.762711864406775,3,26,11.555555555555555,11,0,WR,0,0,1,1,1,0,0,Passenger,Nagda Kota Passenger,59803
105.0,110.0,57.27272727272727,0,14,13.333333333333332,12,0,ER,1,0,0,0,0,0,0,Passenger,Asansol Barddhaman Passenger,63518
192.0,250.0,46.08,1,55,28.645833333333336,15,0,CR,1,0,0,0,0,1,0,Express,Deccan Express,11008
2020.0,1705.0,71.08504398826979,3,295,14.603960396039604,15,0,SER,1,1,1,1,0,0,0,Premium,PUNE - HOWRAH AC Duronto Exp,12221
1383.0,1465.0,56.64163822525597,3,171,12.364425162689805,7,0,NR,1,0,1,1,1,0,0,Superfast,Seemanchal Express,12488
625.0,680.0,55.147058823529406,4,72,11.52,18,0,SCR,1,1,1,1,1,0,0,Superfast,Bangalore-Kacheguda SF Express,12786
707.0,770.0,55.090909090909086,4,84,11.881188118811881,20,0,SCR,1,1,1,1,1,0,0,Superfast,Venkatadri SF Express,12797
707.0,770.0,55.090909090909086,4,84,11.881188118811881,17,0,SCR,1,1,1,1,1,0,0,Superfast,Venkatadri SF Express,12798
1805.0,2200.0,49.227272727272734,3,256,14.182825484764543,23,1,NFR,1,0,1,1,1,0,0,Express,Amrapali Express,15707
617.0,760.0,48.71052631578947,2,81,13.128038897893031,21,0,SCR,0,0,1,0,1,0,0,Express,Prasanthi Nilayam Express,17603-Slip
853.0,1080.0,47.388888888888886,2,105,12.309495896834703,21,0,Unknown,0,0,1,0,1,0,0,Express,Kacheguda-Vasco Prashanti Nilayam Slip,17603-Slip2
514.0,660.0,46.72727272727273,1,85,16.53696498054475,7,0,SCR,1,0,0,0,0,1,0,Express,KACHEGUDA - AKOLA Intercity Exp,17639
514.0,645.0,47.81395348837209,1,85,16.53696498054475,9,0,SCR,1,0,0,0,0,1,0,Express,AKOLA - KACHEGUDA Intercity Exp,17640
772.0,895.0,51.75418994413408,3,121,15.67357512953368,17,0,SCR,1,0,1,1,1,0,0,Express,Chennai Egmore Kacheguda Express,17651
772.0,915.0,50.622950819672134,3,112,14.507772020725389,16,0,SCR,1,0,1,1,1,0,0,Express,Kacheguda Chennai Egmore Express,17652
2433.0,2790.0,52.32258064516129,4,329,13.522400328812166,13,0,ECoR,1,1,1,1,1,0,0,Express,JODHPUR - PURI Express,18474
935.0,1065.0,52.67605633802817,3,173,18.502673796791445,19,0,WR,1,0,1,1,1,0,0,Express,BHAGAT KI KOTHI - MUMBAI BANDRA Exp,19066
71.0,110.0,38.72727272727273,1,25,35.21126760563381,15,0,Unknown,0,0,0,0,0,0,1,Passenger,Panskura Howrah EMU,38460
37.0,80.0,27.75,0,23,62.16216216216216,12,0,SCR,0,0,0,0,0,0,0,Superfast,Falaknuma Lingampalli MMTS,47169
613.0,705.0,52.170212765957444,0,46,7.504078303425775,8,0,KR,1,0,0,0,0,0,0,Passenger,Sawantwadi-Diva Passenger,50106
26.0,50.0,31.2,0,7,26.923076923076923,0,1,CR,1,0,0,0,0,0,0,Passenger,Diva Panvel Passenger,51097
26.0,45.0,34.666666666666664,0,7,26.923076923076923,4,1,CR,1,0,0,0,0,0,0,Passenger,Panvel Diva Passenger,51098
120.0,195.0,36.92307692307692,0,16,13.333333333333334,18,0,CR,0,0,0,0,0,0,0,Passenger,Pune - Daund - Baramati Passenger,51347
49.0,150.0,19.6,0,9,18.367346938775512,6,0,WR,1,0,0,0,0,0,0,Passenger,Miyagam Chandod Mix Passenger,52019
56.0,150.0,22.4,0,9,16.07142857142857,12,0,Unknown,1,0,0,0,0,0,0,Passenger,Purnia Murliganj Passenger,52551
56.0,145.0,23.17241379310345,0,10,17.857142857142854,18,0,ECR,1,0,0,0,0,0,0,Passenger,Purnia Murliganj Passenger,52555
23.0,40.0,34.5,0,4,17.391304347826086,10,0,WR,1,0,0,0,0,0,0,Passenger,Ujjain Fatehabad Passenger,52936
120.0,168.0,42.85714285714286,0,18,15.0,15,0,Unknown,1,0,0,0,0,0,0,Passenger,Mughal Sarai Dehri on Sone Passenger,53610
74.0,165.0,26.90909090909091,0,14,18.91891891891892,19,0,NR,0,0,0,0,0,0,0,Passenger,Mughal Sarai Jaunpur Passenger,54261
17.0,50.0,20.4,0,4,23.52941176470588,7,0,NR,1,0,0,0,0,0,0,Passenger,Varanasi Mughal Sarai Passenger,54268
54.0,100.0,32.4,0,10,18.51851851851852,9,0,NR,1,0,0,0,0,0,0,Passenger,Moradabad Gajraula Passenger,54393
601.0,980.0,36.79591836734694,0,58,9.650582362728786,13,0,NWR,0,0,0,0,0,0,0,Passenger,Jodhpur Bhatinda Passenger,54704
119.0,225.0,31.733333333333334,0,18,15.126050420168069,5,0,NER,1,0,0,0,0,0,0,Passenger,Siwan Gorakhpur Passenger,55011
226.0,430.0,31.53488372093023,0,37,16.371681415929206,16,0,NER,1,0,0,0,0,0,0,Passenger,Samastipur Siwan InterCity Fast Passenger,55021
226.0,440.0,30.81818181818182,0,36,15.92920353982301,4,1,NER,1,0,0,0,0,0,0,Passenger,Siwan Samastipur Intercity Passenger,55022
84.0,150.0,33.6,0,13,15.476190476190476,6,0,Unknown,0,0,0,0,0,0,0,Passenger,Bareilly Lalkua Pass,55335
120.0,240.0,30.0,0,21,17.5,16,0,NER,0,0,0,0,0,0,0,Passenger,Hajipur-Fulwaria Passenger,55541
108.0,155.0,41.806451612903224,0,15,13.888888888888888,19,0,NFR,1,0,0,0,0,0,0,Passenger,Jogbani Katihar Passenger,55742
88.0,175.0,30.171428571428574,0,16,18.181818181818183,6,0,SWR,1,0,0,0,0,0,0,Passenger,HINDUPUR - KSR BENGALURU CITY Passenger,56524
112.0,175.0,38.4,0,19,16.96428571428571,5,0,SR,1,0,0,0,0,0,0,Passenger,Palakkad Nilambur Passenger,56611
57.0,70.0,48.857142857142854,0,6,10.526315789473685,4,1,SR,1,0,0,0,0,0,0,Passenger,Vriddhachalam Cuddalore Passenger,56834
358.0,570.0,37.68421052631579,0,49,13.687150837988826,10,0,SCR,0,0,0,0,0,0,0,Passenger,Kacheguda Guntakal Passenger,57425
236.0,390.0,36.30769230769231,0,36,15.254237288135593,18,0,SCR,1,0,0,0,0,0,0,Passenger,Kacheguda Kurnool Town Passenger,57435
106.0,145.0,43.862068965517246,0,18,16.9811320754717,14,0,SCR,0,0,0,0,0,0,0,Passenger,Mahbubnagar Secunderabad Passenger,57456
626.0,1030.0,36.46601941747573,0,86,13.738019169329075,5,0,SCR,1,0,0,0,0,0,0,Passenger,Manmad - Kacheguda Passenger,57562
276.0,515.0,32.15533980582524,1,52,18.84057971014493,4,1,SCR,1,0,0,0,1,0,0,Passenger,Nanded Kacheguda Passenger,57594
347.0,605.0,34.413223140495866,1,48,13.832853025936599,20,0,SCR,1,0,0,0,1,0,0,Passenger,Delta Fast Passenger,57620
56.0,95.0,35.36842105263158,0,8,14.285714285714285,23,1,WR,1,0,0,0,0,0,0,Passenger,Nagda Ujjain Passenger,59353
1159.0,1010.0,68.85148514851485,3,168,14.49525452976704,19,0,WR,1,1,1,1,0,0,0,Premium,Jaipur-Mumbai Central AC Duronto Express,12240
1917.0,2100.0,54.77142857142857,3,310,16.17110067814293,9,0,ER,1,0,1,1,1,0,0,Superfast,BHAGALPUR - MUMBAI LTT SF Exp,12335
1220.0,1170.0,62.56410256410256,2,180,14.754098360655739,17,0,ER,1,0,0,1,1,0,0,Superfast,Bhagalpur-NewDelhi Weekly SF Express,12349
1626.0,1675.0,58.244776119402985,3,195,11.99261992619926,3,1,NR,1,0,1,1,1,0,0,Superfast,Gondwana Express,12409
1148.0,1070.0,64.37383177570094,4,160,13.937282229965156,20,0,NWR,1,1,1,1,1,0,0,Superfast,Jaipur - Mumbai Bandra (T.) (Triweekly) SF Express,12980
481.0,805.0,35.850931677018636,2,58,12.058212058212058,21,0,Unknown,0,0,0,1,1,0,0,Express,Palamau Express Slip Slip,13348-Slip
2359.0,3070.0,46.1042345276873,3,357,15.13353115727003,6,0,ECR,0,0,1,1,1,0,0,Express,Alappuzha Dhanbad Tatanagar Express Slip,13352-Slip
231.0,385.0,36.0,1,45,19.48051948051948,16,0,ER,1,0,0,0,0,1,0,Express,InterCity Express,13402
178.0,275.0,38.836363636363636,0,23,12.92134831460674,5,0,ER,1,0,0,0,0,0,0,Express,InterCity Express,13409
184.0,285.0,38.73684210526316,0,26,14.130434782608695,5,0,NER,1,0,0,0,0,0,0,Express,Raxaul Hajipur InterCity,15202
1135.0,1345.0,50.63197026022304,3,165,14.537444933920705,17,0,SCR,1,0,1,1,1,0,0,Express,Visakha Express,17016
443.0,480.0,55.375,0,63,14.221218961625283,6,0,ECoR,1,0,0,0,0,0,0,Express,Bhubaneswar-Visakhapatnam Inter City Express,18411
1824.0,2015.0,54.31265508684863,2,296,16.2280701754386,9,0,WR,1,0,0,1,1,0,0,Express,SURAT - BHAGALPUR Tapti Ganga Exp,19047
422.0,495.0,51.15151515151515,0,48,11.374407582938389,15,0,KR,1,0,0,0,0,0,0,Passenger,Dadar Ratnagiri Passenger,50103
229.0,410.0,33.51219512195122,0,28,12.22707423580786,4,1,NWR,1,0,0,0,0,0,0,Passenger,Jaipur Loharu Fast Passenger,52081
105.0,265.0,23.773584905660375,0,13,12.38095238095238,19,0,NER,1,0,0,0,0,0,0,Passenger,Kaptanganj Thawe Passenger,52279
105.0,275.0,22.90909090909091,0,13,12.38095238095238,18,0,NER,1,0,0,0,0,0,0,Passenger,Lal Kuan Bareilly Passenger,52296
19.0,60.0,19.0,0,4,21.05263157894737,8,0,Unknown,1,0,0,0,0,0,0,Passenger,Sakri Laukaha Bazar Passenger,52517
431.0,930.0,27.806451612903224,1,47,10.904872389791183,6,0,WR,1,0,0,0,1,0,0,Passenger,Akola Ratlam Fast Passenger,52974
226.0,480.0,28.25,0,43,19.026548672566374,3,1,ER,1,0,0,0,0,0,0,Passenger,Azimganj Bhagalpur Passenger,53021
226.0,565.0,24.0,0,42,18.58407079646018,16,0,ER,1,0,0,0,0,0,0,Passenger,Azimganj Bhagalpur Passenger,53029
50.0,125.0,24.0,0,12,24.0,12,0,ER,1,0,0,0,0,0,0,Passenger,Mandar Hill Bhagalpur Passenger,53443
53.0,135.0,23.555555555555557,0,12,22.641509433962263,20,0,ER,1,0,0,0,0,0,0,Passenger,Banka Bhagalpur Passenger,53447
53.0,135.0,23.555555555555557,0,12,22.641509433962263,10,0,ER,1,0,0,0,0,0,0,Passenger,Banka Bhagalpur Passenger,53449
479.0,895.0,32.11173184357542,0,69,14.405010438413361,6,0,ER,1,0,0,0,0,0,0,Passenger,ASANSOL VARANASI PASSENGER,53521
147.0,335.0,26.328358208955226,0,22,14.965986394557824,5,0,Unknown,1,0,0,0,0,0,0,Passenger,Sasaram-Patna Passenger,53660
107.0,230.0,27.913043478260867,0,12,11.214953271028037,8,0,NR,1,0,0,0,0,0,0,Passenger,Gajraula Najibabad Passenger,54381
124.0,215.0,34.604651162790695,0,19,15.32258064516129,17,0,NR,1,0,0,0,0,0,0,Passenger,Ludhiana Firozpur Passenger,54571
210.0,380.0,33.15789473684211,0,29,13.809523809523808,13,0,NR,1,0,0,0,0,0,0,Passenger,Ludhiana Hisar Passenger,54604
128.0,195.0,39.38461538461539,0,19,14.84375,6,0,NWR,1,0,0,0,0,0,0,Passenger,Jaipur Ajmer Passenger,54808
44.0,60.0,44.0,0,9,20.454545454545453,21,0,SR,1,0,0,0,0,0,0,Passenger,Kayankulam Alappuzha Passenger,56378
358.0,530.0,40.52830188679245,0,36,10.05586592178771,13,0,SR,1,0,0,0,0,0,0,Passenger,Erode Tirunelveli Passenger,56825
141.0,230.0,36.78260869565217,0,26,18.43971631205674,7,0,SR,1,0,0,0,0,0,0,Passenger,Erode-Tiruchchirapalli Passenger,56844
378.0,565.0,40.141592920353986,1,51,13.492063492063492,23,1,SWR,1,0,0,0,1,0,0,Passenger,Solapur - Dharwar Passenger,56903
586.0,910.0,38.63736263736264,1,58,9.897610921501705,13,0,SCR,1,0,0,0,1,0,0,Passenger,Daund Nanded Passenger,57515
623.0,1025.0,36.46829268292683,0,77,12.359550561797752,5,0,SCR,1,0,0,0,0,0,0,Passenger,Guntur Kacheguda Pass,57624
19.0,65.0,17.53846153846154,0,4,21.05263157894737,14,0,SER,1,0,0,0,0,0,0,Passenger,Bhubaneswar-Khurda Road passenger,58027
215.0,405.0,31.85185185185185,0,32,14.883720930232558,12,0,ECoR,1,0,0,0,0,0,0,Passenger,Bhubaneswar-Kendujhargarh Fast Passenger,58426
38.0,80.0,28.5,0,5,13.157894736842104,19,0,Unknown,1,0,0,0,0,0,0,Passenger,Itwari Ramtek Passenger,58812
106.0,265.0,24.0,0,7,6.60377358490566,11,0,Unknown,1,0,0,0,0,0,0,Passenger,Itwari Nagbahir Passenger,58845
685.0,925.0,44.432432432432435,2,80,11.678832116788321,18,0,WR,0,0,0,1,1,0,0,Passenger,Indore Jaipur link Express,59307
368.0,585.0,37.743589743589745,1,48,13.043478260869565,18,0,NWR,1,0,0,0,1,0,0,Passenger,Jaipur Hisar Passenger,59701
562.0,835.0,40.383233532934135,0,55,9.786476868327401,5,0,NWR,1,0,0,0,0,0,0,Passenger,Jaipur Suratgarh Passenger,59706
92.0,165.0,33.45454545454545,0,14,15.217391304347826,5,0,ECR,1,0,0,0,0,0,0,Passenger,Gaya Patna Passenger MEMU,63242
140.0,200.0,42.0,0,22,15.714285714285715,7,0,ER,0,0,0,0,0,0,0,Passenger,Asansol-Bokaro Steel City MEMU Passenger,63554
230.0,410.0,33.65853658536585,0,24,10.434782608695652,12,0,NWR,1,0,0,0,0,0,0,Passenger,Loharu - Jaipur Passenger Spl (MG),02094
1207.0,1110.0,65.24324324324324,2,176,14.581607290803644,17,0,NR,1,0,0,1,0,1,0,Express,AnandVihar Terminal-Bhagalpur Garib Rath,22406
67.0,90.0,44.666666666666664,0,10,14.925373134328357,15,0,SWR,1,0,0,0,0,0,0,Passenger,Yesvantpur-Hosur Passenger Special,06593
638.0,700.0,54.68571428571429,3,8,1.2539184952978057,18,0,SR,1,0,1,1,1,0,0,Express,,06345
858.0,870.0,59.172413793103445,3,149,17.365967365967364,15,0,SR,1,0,1,1,1,0,0,Superfast,Chennai Central-Kollam SF Special,06001
1216.0,1265.0,57.67588932806324,2,152,12.5,15,0,CR,1,0,0,1,1,0,0,Express,Gwalior Mumbai LTT (Weekly) Special,01102
46.0,100.0,27.599999999999998,0,14,30.434782608695652,6,0,NWR,1,0,0,0,0,0,0,Passenger,Pipar Road -Jodhpur Passenger Special,04857
491.0,485.0,60.74226804123711,3,99,20.162932790224033,22,1,WR,1,0,1,1,1,0,0,Superfast,Mumbai Central - Ahmedabad SF Special,09001
770.0,915.0,50.49180327868852,3,111,14.415584415584416,19,0,NR,1,0,1,1,1,0,0,Express,Delhi Jn. -Varanasi Special,04204
246.0,335.0,44.059701492537314,0,20,8.130081300813009,20,0,NWR,1,0,0,0,0,0,0,Passenger,Sri Ganganagar Sadulpur Passenger Holiday Special,02414
1435.0,1775.0,48.50704225352113,3,176,12.264808362369338,23,1,CR,1,0,1,1,1,0,0,Express,ERNAKULAM - PUNE Poorna Exp,11098
998.0,1415.0,42.31802120141343,3,127,12.725450901803606,23,1,SCR,1,0,1,1,1,0,0,Express,Hyderabad - C.Shahu Maharaj T. Kolhapur Special,07143
353.0,470.0,45.06382978723404,4,73,20.679886685552407,23,1,CR,1,1,1,1,1,0,0,Express,CHENNAI EGMORE - METTUR DAM SLIP EXP,11063
1952.0,1960.0,59.75510204081633,3,257,13.165983606557377,14,0,SER,1,0,1,1,1,0,0,Superfast,Howrah - Mumbai LTT SF Special,08060
249.0,355.0,42.08450704225352,1,33,13.25301204819277,17,0,CR,1,0,0,0,1,0,0,Express,Hubli Bijapur Special,01493
2665.0,3245.0,49.27580893682588,2,334,12.532833020637899,15,0,NFR,1,0,0,1,1,0,0,Express,Mumbai LTT - Kamakhya (Weekly) Special,05649
1216.0,1425.0,51.2,2,152,12.5,15,0,CR,1,0,0,1,1,0,0,Express,Mumbai LTT - Gwalior (Weekly) Special,01101
1212.0,1315.0,55.30038022813688,3,185,15.264026402640265,15,0,NWR,1,0,1,1,1,0,0,Superfast,Bikaner-Mumbai BandraT SF Special,04727
858.0,930.0,55.354838709677416,3,149,17.365967365967364,21,0,SR,1,0,1,1,1,0,0,Superfast,KollamChennai Central SF Special,06010
1360.0,1315.0,62.053231939163496,3,158,11.617647058823529,0,1,NR,1,0,1,1,1,0,0,Express,H. Nizamuddin - Sainagar Shirdi (Weekly) Special,04012
638.0,700.0,54.68571428571429,3,7,1.09717868338558,17,0,SR,1,0,1,1,1,0,0,Express,PALGHAT TOWN - POLLACHI Passenger SPL,06346
761.0,940.0,48.57446808510638,1,92,12.089356110381077,5,0,WCR,1,0,0,0,0,1,0,Express,JABALPUR - INDORE Intercity Exp,11701
2034.0,2455.0,49.710794297352344,3,246,12.094395280235988,21,0,SCR,1,0,1,1,1,0,0,Express,Hyderabad-Ajmer Weekly Special,07106
1616.0,1635.0,59.30275229357798,3,253,15.655940594059405,19,0,SER,1,0,1,1,1,0,0,Superfast,Tirupati-Kolkata Shalimar Special,08056
1948.0,2345.0,49.84221748400853,3,274,14.06570841889117,17,0,CR,1,0,1,1,1,0,0,Express,DARBHANGA - PUNE Gyan Ganga Exp,11034
1518.0,1915.0,47.561357702349866,4,197,12.97760210803689,22,1,CR,1,1,1,1,1,0,0,Express,Mumbai LTT-Coimbatore Express,11013
114.0,215.0,31.813953488372093,0,32,28.070175438596493,15,0,SCR,1,0,0,0,0,0,0,Passenger,Kamareddi Kacheguda Special,07604
620.0,645.0,57.674418604651166,3,95,15.32258064516129,9,0,NWR,1,0,1,1,1,0,0,Superfast,Sabarmati - Jaipur SF Holiday Special,09723
303.0,270.0,67.33333333333333,3,51,16.831683168316832,17,0,NWR,1,0,1,1,0,1,0,Superfast,Delhi Sarai Rohilla -Jaipur SF Special,09722
1435.0,1750.0,49.199999999999996,3,176,12.264808362369338,23,1,CR,1,0,1,1,1,0,0,Express,PUNE - ERNAKULAM Poorna Exp,11097
2968.0,3735.0,47.678714859437754,2,380,12.80323450134771,13,0,CR,1,0,0,1,1,0,0,Express,DHANBAD - KOLHAPUR CSMT Deekshabhoomi Exp,11046
1791.0,2070.0,51.91304347826087,3,278,15.522054718034617,12,0,CR,1,0,1,1,1,0,0,Express,MUMBAI LTT - DARBHANGA Pawan Exp,11061
701.0,470.0,89.48936170212767,2,87,12.410841654778888,14,0,NR,1,1,0,0,0,1,0,Premium,Bhopal-New Delhi Shatabdi Express,12001
423.0,425.0,59.71764705882353,2,81,19.148936170212764,6,0,ER,1,1,0,0,0,1,0,Premium,Howrah-Ranchi Shatabdi Express,12019
433.0,535.0,48.5607476635514,0,49,11.316397228637413,14,0,WCR,1,0,0,0,0,0,0,Express,JABALPUR - AMBIKAPUR Exp,11265
362.0,300.0,72.4,2,75,20.718232044198896,17,0,SWR,1,1,0,0,0,1,0,Premium,CHENNAI CENT - BANGALORE CITY Shatabdi Exp,12027
448.0,370.0,72.64864864864865,2,69,15.401785714285714,16,0,NR,1,1,0,0,0,1,0,Premium,Amritsar-New Delhi Swarna Shatabdi Express,12030
374.0,405.0,55.407407407407405,1,59,15.775401069518715,13,0,SCR,1,0,0,0,0,1,0,Premium,Mumbai Aurangabad Jan Shatabdi,12071
431.0,395.0,65.46835443037975,1,72,16.705336426914155,7,0,SR,1,0,0,0,0,1,0,Premium,Chennai Vijayawada Jan Shatabdi Express,12077
909.0,835.0,65.31736526946108,4,115,12.651265126512651,19,0,WCR,1,1,1,1,1,0,0,Premium,JABALPUR - DELHI H NIZAMUDDIN S Kranti Exp,12121
1714.0,1730.0,59.445086705202314,3,247,14.41073512252042,10,0,CR,1,0,1,1,1,0,0,Superfast,PATLIPUTRA - MUMBAI LTT SF Exp,12142
88.0,205.0,25.75609756097561,0,15,17.045454545454547,14,0,NER,1,0,0,0,0,0,0,Passenger,Barauni-Hajipur Passenger,55247
268.0,560.0,28.71428571428571,0,33,12.313432835820894,4,1,NER,1,0,0,0,0,0,0,Passenger,Katihar Hajipur Passenger,55539
88.0,175.0,30.171428571428574,0,15,17.045454545454547,22,1,NER,1,0,0,0,0,0,0,Passenger,Barauni-Hajipur Passenger,55549
105.0,200.0,31.5,0,9,8.571428571428571,18,0,WR,1,0,0,0,0,0,0,Passenger,Nadiad Modasa Passenger,59151
1001.0,845.0,71.07692307692308,4,142,14.185814185814186,17,0,ER,1,1,1,1,1,0,0,Superfast,Sampoorna Kranti Express,12394
962.0,1045.0,55.23444976076555,4,141,14.656964656964659,16,0,NER,1,1,1,1,1,0,0,Superfast,Gorakhdham Express,12555
808.0,940.0,51.57446808510638,1,118,14.603960396039604,21,0,SWR,1,0,0,1,0,0,0,Express,Yesvantapur Kochuveli Garib Rath Express,12257
894.0,940.0,57.06382978723404,4,131,14.653243847874721,17,0,WCR,1,1,1,1,1,0,0,Superfast,AJMER - JABALPUR Dayodaya Express,12182
1020.0,985.0,62.13197969543147,4,176,17.254901960784316,12,0,ER,1,1,1,1,1,0,0,Superfast,GUWAHATI - HOWRAH Saraighat SF Exp,12346
2943.0,2640.0,66.88636363636364,4,371,12.606184165817194,23,1,NR,1,1,1,1,1,0,0,Premium,ERNAKULAM - DELHI H NIZAMUDDIN Duronto Exp,12283
1818.0,1945.0,56.08226221079692,3,257,14.136413641364136,23,1,CR,1,0,1,1,1,0,0,Superfast,PURI - MUMBAI LTT SF Exp,12146
1950.0,1850.0,63.24324324324325,3,281,14.41025641025641,7,0,NR,1,0,1,1,1,0,0,Superfast,Mumbai Bandra (T.) - Jammu Tawi SF Swaraj Express,12471
2097.0,2320.0,54.23275862068966,3,258,12.303290414878399,22,1,SCR,0,0,1,1,1,0,0,Superfast,Dakshin Link SF Express,12722-Slip
1898.0,1990.0,57.22613065326634,3,372,19.599578503688093,7,0,ER,1,0,1,1,1,0,0,Superfast,KOLKATA SEALDAH - AMRITSAR Akal Takht Exp,12317
1185.0,970.0,73.29896907216494,3,94,7.932489451476793,15,0,SR,1,0,1,1,1,0,0,Superfast,MUMBAI LTT - MANGALORE CENT Matsyagandha Exp,12619
756.0,820.0,55.31707317073171,3,96,12.6984126984127,19,0,CR,1,0,1,1,1,0,0,Superfast,Bhopal Partapgarh Express,12193
808.0,990.0,48.96969696969697,1,118,14.603960396039604,16,0,SWR,1,0,0,1,0,0,0,Express,Kochuveli-Yesvantpur Garib Rath,12258
1483.0,1545.0,57.592233009708735,3,200,13.486176668914363,5,0,CR,1,0,1,1,1,0,0,Superfast,MUMBAI LTT - VARANASI Ratnagiri Exp,12165
2184.0,2105.0,62.25178147268408,4,274,12.545787545787546,19,0,SR,1,1,1,1,1,0,0,Superfast,Grand Trunk (GT) Express,12615
1660.0,1330.0,74.88721804511277,4,187,11.265060240963855,15,0,SCR,1,1,1,1,1,0,0,Premium,Hazrat Nizamuddin-Secunderabad Duronto Express,12286
1305.0,1235.0,63.40080971659919,3,176,13.486590038314176,18,0,ER,1,0,1,1,1,0,0,Superfast,RajendraNagar-Ajmer Ibadat Express,12395
616.0,590.0,62.644067796610166,4,88,14.285714285714285,22,1,NR,1,1,1,1,1,0,0,Premium,Rajasthan Sampark Kranti Express,12463
829.0,720.0,69.08333333333333,3,134,16.164053075995177,23,1,WR,1,1,1,1,0,0,0,Premium,Mumbai Central- Indore Duronto Express,12227
896.0,915.0,58.75409836065574,4,131,14.620535714285714,20,0,WCR,1,1,1,1,1,0,0,Superfast,JABALPUR - AJMER Dayodaya Exp,12181
1220.0,1215.0,60.24691358024691,2,180,14.754098360655739,23,1,ER,1,0,0,1,1,0,0,Superfast,NewDelhi-Bhagalpur Weekly SF Express,12350
1520.0,1205.0,75.68464730290457,3,212,13.947368421052632,11,0,NR,1,1,1,1,0,0,0,Premium,Pune - Hazrat Nizamuddin AC Duronto Express,12263
1882.0,2030.0,55.6256157635468,0,327,17.375132837407012,11,0,ECR,1,0,0,0,0,0,0,Superfast,MUMBAI LTT - RAXAUL Karmabhoomi Exp,12546
1917.0,2065.0,55.699757869249396,3,310,16.17110067814293,8,0,ER,1,0,1,1,1,0,0,Superfast,MUMBAI LTT - BHAGALPUR SF Exp,12336
382.0,400.0,57.3,0,41,10.732984293193718,6,0,NWR,1,0,0,0,0,0,0,Superfast,Bikaner Jaipur InterCity,12467
2141.0,2270.0,56.59030837004405,3,307,14.339093881363848,13,0,ER,1,0,1,1,1,0,0,Superfast,Ananya Express,12315
549.0,595.0,55.36134453781513,3,91,16.57559198542805,23,1,NFR,1,0,1,1,1,0,0,Superfast,Puri Digha Samudra Kanya Super Fast Express,12580
742.0,800.0,55.65,4,122,16.442048517520217,17,0,SR,1,1,1,1,1,0,0,Superfast,CHENNAI EGMORE - KANNIYAKUMARI SF Exp,12633
1680.0,1835.0,54.93188010899183,3,221,13.154761904761903,11,0,NER,1,0,1,1,1,0,0,Superfast,Mumbai LTT-Gorakhpur SF Express,12542
604.0,620.0,58.4516129032258,4,63,10.43046357615894,20,0,NCR,0,1,1,1,1,0,0,Premium,Nizamuddin KhajurahoLink Express Slip,12448-Slip
635.0,685.0,55.620437956204384,4,108,17.007874015748033,18,0,SR,1,1,1,1,1,0,0,Superfast,Tiruchirappalli Mangalore Weekly Superfast Express,12653
685.0,720.0,57.083333333333336,3,91,13.284671532846716,22,1,NR,0,0,1,1,1,0,0,Premium,Rajasthan Sampark Kranti Express Slip,12463-Slip
497.0,470.0,63.4468085106383,1,94,18.913480885311873,6,0,SR,1,0,0,0,0,1,0,Superfast,MADURAI - CHENNAI EGMORE Vaigai SF Exp,12636
1166.0,1260.0,55.523809523809526,4,176,15.09433962264151,15,0,ECR,1,1,1,1,1,0,0,Superfast,Swatantrata Sainani Express,12561
2922.0,2805.0,62.50267379679144,3,435,14.8870636550308,19,0,SR,1,0,1,1,1,0,0,Superfast,KANYAKUMARI - D H NIZAMUDDIN Thirukkural Exp,12641
701.0,700.0,60.08571428571429,1,102,14.550641940085592,20,0,SCR,1,0,0,1,0,0,0,Express,Visakhapatnam Secunderabad Garib Rath Express,12739
2677.0,2660.0,60.38345864661654,4,407,15.203586103847591,7,0,SR,1,1,1,1,1,0,0,Premium,DELHI H NIZAMUDDIN - MADURAI Tamil Nadu S Kranti,12652
2488.0,2595.0,57.52601156069364,2,317,12.741157556270098,9,0,SR,1,0,0,1,1,0,0,Superfast,Chennai Chandigarh Express Slip,12687-Slip
2617.0,2825.0,55.58230088495575,3,294,11.234237676729078,6,0,SWR,1,0,1,1,1,0,0,Superfast,Nizamuddin-Mysore Swarna Jayanti Express,12782
625.0,665.0,56.39097744360902,3,94,15.04,17,0,SR,1,0,1,1,1,0,0,Superfast,BANGALORE - ERNAKULAM SF Exp,12684
2097.0,1955.0,64.35805626598464,3,258,12.303290414878399,8,0,ECoR,1,0,1,1,1,0,0,Superfast,Visakhapatnam-Nizamuddin SwarnaJayanthi Express,12803
1968.0,1990.0,59.33668341708543,4,299,15.19308943089431,20,0,SER,1,1,1,1,1,0,0,Superfast,HOWRAH - MUMBAI CST SF Mail (via NAGPUR),12810
1309.0,1305.0,60.18390804597701,3,178,13.59816653934301,7,0,SER,1,0,1,1,1,0,0,Premium,Jharkhand Sampark Kranti Express,12826
1524.0,1635.0,55.92660550458716,3,239,15.682414698162729,8,0,SER,1,0,1,1,1,0,0,Superfast,BENGALURU CANTT - BHUBANESWAR SF Exp,12846
189.0,180.0,63.0,2,38,20.105820105820108,11,0,SER,1,1,0,0,0,1,0,Premium,Howrah-Digha AC Duronto Express,12847
189.0,180.0,63.0,2,38,20.105820105820108,15,0,SER,1,1,0,0,0,1,0,Premium,Digha-Howrah AC Duronto Express,12848
1301.0,1330.0,58.691729323308266,3,156,11.990776325903152,11,0,SECR,1,0,1,1,1,0,0,Superfast,Bilaspur Pune SF Express,12849
1301.0,1390.0,56.15827338129496,3,156,11.990776325903152,17,0,SECR,1,0,1,1,1,0,0,Superfast,Pune Bilaspur Superfast Express,12850
1413.0,1440.0,58.875,3,182,12.880396319886765,8,0,SER,1,0,1,1,1,0,0,Superfast,Bilaspur-Chennai Express,12851
1413.0,1385.0,61.2129963898917,3,182,12.880396319886765,21,0,SER,1,0,1,1,1,0,0,Superfast,Chennai-Bilaspur Express,12852
894.0,970.0,55.298969072164944,3,112,12.527964205816556,18,0,SER,1,0,1,1,1,0,0,Superfast,DURG - BHOPAL Amarkantak SF Exp,12853
894.0,970.0,55.298969072164944,3,116,12.975391498881432,15,0,SER,1,0,1,1,1,0,0,Superfast,BHOPAL - DURG Amarkantak SF Exp,12854
411.0,405.0,60.888888888888886,3,56,13.62530413625304,16,0,SER,1,0,1,1,1,0,0,Superfast,Bilaspur-Nagpur InterCity,12855
411.0,420.0,58.714285714285715,3,56,13.62530413625304,6,0,SER,1,0,1,1,1,0,0,Superfast,Nagpur-Bilaspur InterCity,12856
189.0,200.0,56.699999999999996,1,38,20.105820105820108,6,0,SER,1,0,0,0,0,1,0,Superfast,Tamralipta Express,12857
189.0,205.0,55.31707317073171,1,38,20.105820105820108,10,0,SER,1,0,0,0,0,1,0,Superfast,Tamralipta Express,12858
1968.0,1830.0,64.52459016393442,3,301,15.294715447154472,6,0,SER,1,0,1,1,1,0,0,Superfast,MUMBAI CST - HOWRAH Gitanjali Exp,12859
1968.0,1890.0,62.476190476190474,3,303,15.396341463414634,13,0,SER,1,0,1,1,1,0,0,Superfast,HOWRAH - MUMBAI CST Gitanjali Exp,12860
2097.0,2210.0,56.932126696832576,3,258,12.303290414878399,15,0,ECoR,0,0,1,1,1,0,0,Superfast,Link Superfast Express,12861
567.0,660.0,51.54545454545455,3,87,15.343915343915343,2,1,ECoR,0,0,1,1,1,0,0,Superfast,LINK SUPERFAST EXPRESS,12862
1963.0,2120.0,55.556603773584904,3,333,16.96383087111564,20,0,SER,1,0,1,1,1,0,0,Superfast,HOWRAH - YESVANTPUR SF Exp,12863
63.0,220.0,17.181818181818183,0,13,20.634920634920636,23,1,ECR,1,0,0,0,0,0,0,Passenger,Saharsa-Raghopur Passenger,52332
1963.0,2075.0,56.76144578313253,3,330,16.811003565970456,19,0,SER,1,0,1,1,1,0,0,Superfast,YESVANTPUR - HOWRAH SF Exp,12864
340.0,345.0,59.130434782608695,1,66,19.411764705882355,8,0,SER,1,0,0,0,0,1,0,Superfast,Lalmati Express,12865
46.0,95.0,29.05263157894737,0,3,6.521739130434782,7,0,NWR,1,0,0,0,0,0,0,Passenger,Ratangarh Sardarshahar Passenger,52401
340.0,345.0,59.130434782608695,1,66,19.411764705882355,14,0,SER,1,0,0,0,0,1,0,Superfast,Lalmati Express,12866
46.0,90.0,30.666666666666668,0,3,6.521739130434782,9,0,NWR,1,0,0,0,0,0,0,Passenger,Sardarshahar Ratangarh Passenger,52402
1907.0,2000.0,57.209999999999994,3,287,15.049816465652858,23,1,SER,1,0,1,1,1,0,0,Superfast,Howrah-Puducherry Express,12867
2356.0,2620.0,53.954198473282446,3,363,15.407470288624788,21,0,SR,1,0,1,1,1,0,0,Express,JODHPUR - CHENNAI EGMORE Exp,16126
1715.0,2160.0,47.638888888888886,3,244,14.227405247813412,23,1,ECR,1,0,1,1,1,0,0,Express,RAJENDRA NAGAR PATNA - MUMBAI LTT Janta Exp,13201
1907.0,2035.0,56.22604422604423,3,287,15.049816465652858,12,0,SER,1,0,1,1,1,0,0,Superfast,Puducherry-Howrah (Aurobindo) Express,12868
339.0,630.0,32.285714285714285,4,57,16.8141592920354,21,0,NR,1,1,1,1,1,0,0,Express,DELHI SARAI ROHILLA - DEHRADUN Mussoorie Exp,14041
566.0,740.0,45.89189189189189,2,123,21.73144876325088,20,0,ER,1,0,0,1,1,0,0,Express,KOLKATA CHITPUR - MUZAFFARPUR Tirhut Exp,13157
2658.0,2855.0,55.85989492119089,3,397,14.936042136945073,21,0,WR,1,0,1,1,1,0,0,Superfast,K SANTRAGANCHI - PORBANDAR Kavi Guru SF Exp,12950
1344.0,1110.0,72.64864864864865,1,179,13.318452380952381,16,0,SER,1,0,0,1,0,0,0,Express,New Delhi-Ranchi Garib Rath,12878
1642.0,1645.0,59.890577507598785,3,249,15.164433617539585,23,1,WR,1,0,1,1,1,0,0,Superfast,Sealdah Ajmer Express,12987
539.0,695.0,46.53237410071942,3,133,24.675324675324678,10,0,ECR,1,0,1,1,1,0,0,Express,KOLKATA CHITPUR - DARBHANGA Maithili Exp,15233
1968.0,1945.0,60.709511568123396,3,301,15.294715447154472,11,0,SER,1,0,1,1,1,0,0,Superfast,MUMBAI CST - HOWRAH SF Exp,12869
278.0,390.0,42.76923076923077,2,39,14.028776978417268,8,0,NER,1,0,0,1,0,1,0,Premium,Uttarakhand Sampark Kranti Express,15036
1982.0,2685.0,44.29050279329609,3,299,15.08577194752775,11,0,ER,1,0,1,1,1,0,0,Express,Kolkata Chitpur-JammuTawi Express,13151
1543.0,1910.0,48.47120418848168,3,246,15.942968243681142,12,0,NR,1,0,1,1,1,0,0,Express,BHUJ - BAREILLY Ala Hazrat Exp,14312
1377.0,1035.0,79.82608695652173,3,198,14.379084967320262,17,0,WR,1,1,1,1,0,0,0,Premium,MumbaiCentral-H Nizamuddin August Kranti Rajdhani Express,12953
2551.0,2715.0,56.3756906077348,3,386,15.131321050568404,6,0,WR,1,0,1,1,1,0,0,Superfast,PORBANDAR - HOWRAH SF Exp,12905
1968.0,1975.0,59.787341772151905,3,301,15.294715447154472,14,0,SER,1,0,1,1,1,0,0,Superfast,HOWRAH - MUMBAI CST SF Exp,12870
240.0,410.0,35.1219512195122,1,36,15.0,23,1,ER,1,0,0,0,1,0,0,Express,Jan Sewa Express,13420
1017.0,1080.0,56.5,3,145,14.257620452310718,15,0,WR,0,0,1,1,1,0,0,Superfast,Bandra-Udaipur SF Express Slip,12995-Slip
271.0,300.0,54.2,1,59,21.771217712177123,16,0,ECR,1,0,0,0,0,1,0,Express,Black Diamond Express,13318
226.0,290.0,46.758620689655174,1,54,23.893805309734514,7,0,ER,1,0,0,0,0,1,0,Express,Maa Tara Express,13187
1050.0,1200.0,52.5,2,132,12.571428571428571,10,0,NR,1,0,0,1,1,0,0,Express,Chhindwara Delhi SR (Biweekly) Kanhan valley Express,14019
778.0,845.0,55.242603550295854,3,126,16.195372750642672,20,0,WR,1,0,1,1,1,0,0,Superfast,Bhavnagar Bandra Express,12972
2551.0,2645.0,57.86767485822306,3,387,15.170521364170913,22,1,WR,1,0,1,1,1,0,0,Superfast,HOWRAH - PORBANDAR SF Exp,12906
745.0,805.0,55.52795031055901,1,117,15.70469798657718,6,0,SER,1,0,0,0,0,1,0,Superfast,HOWRAH - TITLAGARH Ispat Exp,12871
347.0,480.0,43.375,4,71,20.46109510086455,22,1,ER,1,1,1,1,1,0,0,Express,Sealdah-Malda Town Gour Express,13153
1714.0,2195.0,46.851936218678816,3,230,13.418903150525088,6,0,NER,1,0,1,1,1,0,0,Express,MUMBAI LTT - GORAKHPUR Kashi Exp,15017
1979.0,2390.0,49.68200836820083,0,281,14.199090449722082,15,0,ECR,1,0,0,0,0,0,0,Express,MUMBAI LTT - RAXAUL Jan Sadharan Exp,15268
211.0,305.0,41.50819672131148,1,45,21.32701421800948,8,0,ER,1,0,0,0,0,1,0,Express,Howrah-Siuri Intercity Express,13053
913.0,1135.0,48.264317180616736,3,126,13.80065717415115,16,0,NR,1,0,1,1,1,0,0,Express,Chandigarh Allahabad Unchahar Express,14218
1117.0,1335.0,50.20224719101124,3,113,10.116383169203223,21,0,NWR,1,0,1,1,1,0,0,Express,Kalka - Barmer Chandigarh Express,14887
549.0,695.0,47.39568345323741,0,94,17.122040072859743,11,0,NER,1,0,0,0,0,0,0,Express,Howrah-Muzaffarpur JanSadharan Express,15271
558.0,870.0,38.48275862068966,2,79,14.157706093189963,14,0,ER,1,0,0,1,1,0,0,Express,Vananchal Express,13403
220.0,255.0,51.76470588235294,0,49,22.27272727272727,16,0,ER,1,0,0,0,0,0,0,Express,Sealdah-Asansol InterCity Express,13503
983.0,1425.0,41.38947368421053,4,181,18.413021363173957,22,1,SR,1,1,1,1,1,0,0,Express,Chennai Egmore-Mangalore Express,16107
921.0,1050.0,52.628571428571426,4,114,12.377850162866448,17,0,NR,1,1,1,1,1,0,0,Express,Delhi-Jaisalmer Express,14659
2352.0,2825.0,49.95398230088495,3,385,16.36904761904762,13,0,NFR,1,0,1,1,1,0,0,Express,GUWAHATI - JAMMU TAWI Lohit Exp,15651
843.0,1030.0,49.10679611650485,3,134,15.895610913404509,18,0,SR,1,0,1,1,1,0,0,Express,Bangalore Tiruvananthapuram Weekly Express,16321
790.0,1030.0,46.019417475728154,3,138,17.468354430379748,12,0,SCR,1,0,1,1,1,0,0,Express,Mumbai CST-Hyderabad Express,17031
1478.0,1755.0,50.52991452991453,3,230,15.561569688768607,14,0,SCR,1,0,1,1,1,0,0,Express,Secunderabad - Rajkot Express,17018
303.0,360.0,50.5,0,45,14.851485148514852,10,0,NFR,1,0,0,0,0,0,0,Express,Balurghat-New Jalpaiguri Intercity Express,15763
2116.0,2790.0,45.505376344086024,3,332,15.689981096408317,5,0,SWR,1,0,1,1,1,0,0,Express,BHAGAT KI KOTHI - BANGALORE Exp,16507
137.0,180.0,45.666666666666664,0,23,16.78832116788321,8,0,SWR,1,0,0,0,0,0,0,Express,Bangalore Mysore Rajya Rani Express,16558
665.0,845.0,47.2189349112426,4,119,17.894736842105264,21,0,SR,1,1,1,1,1,0,0,Express,Chennai Egmore-Rameshwaram Express,16701
525.0,620.0,50.806451612903224,2,86,16.38095238095238,19,0,SCR,1,0,0,1,1,0,0,Express,Tirupati-Narsapur Express Slip,17401-Slip
2059.0,2725.0,45.335779816513764,1,254,12.336085478387567,10,0,SECR,1,0,0,0,1,0,0,Express,Bilaspur Manmad Express Slip,17481-Slip
189.0,215.0,52.74418604651163,1,38,20.105820105820108,14,0,SER,1,0,0,0,0,1,0,Express,Kandari Express,18001
1057.0,1420.0,44.66197183098591,4,158,14.947965941343424,6,0,SER,1,1,1,1,1,0,0,Express,JAGDALPUR - HOWRAH Samaleshwari Exp,18006
316.0,700.0,27.085714285714285,0,34,10.759493670886075,11,0,NER,1,0,0,0,0,0,0,Passenger,AISHBAGH - PILIBHIT PASSENGER,52244
685.0,1000.0,41.099999999999994,2,80,11.678832116788321,17,0,WR,0,0,0,1,1,0,0,Express,Jaipur-Indore Express Slip,19711-Slip
1800.0,1520.0,71.05263157894737,3,295,16.38888888888889,9,0,ECoR,1,1,1,1,0,0,0,Premium,BHUBANESWAR - NEW DELHI RAJDHANI Express,22823
25.0,40.0,37.5,0,14,56.0,20,0,SCR,0,0,0,0,0,0,0,Superfast,Hyderabad Lingampalli MMTS,47123
462.0,500.0,55.44,1,80,17.316017316017316,6,0,SER,1,0,0,0,0,1,0,Express,Ranchi-Howrah Intercity,18618
18.0,40.0,27.0,0,17,94.44444444444444,6,0,SR,0,0,0,0,0,0,0,Passenger,Chennai Beach Velachery Sunday EMU,41503
1951.0,2270.0,51.56828193832599,3,286,14.659149154279856,15,0,SER,1,0,1,1,1,0,0,Express,KOLKATA SALIMAR - MUMBAI LTT [Kurla] Exp,18030
22.0,44.0,30.000000000000004,1,12,54.54545454545455,14,0,Unknown,0,0,0,0,0,0,1,Passenger,Sealdah-Basirath Local,33593
37.0,85.0,26.11764705882353,0,23,62.16216216216216,19,0,SCR,0,0,0,0,0,0,0,Superfast,Falaknuma Lingampalli Suburban,47207
1502.0,1765.0,51.05949008498583,2,201,13.382157123834887,16,0,CR,0,0,0,1,1,0,0,Express,Rai Bareli-Mumbai LTT Saket Express,21068
1207.0,1530.0,47.333333333333336,4,185,15.327257663628831,15,0,WR,1,1,1,1,1,0,0,Express,Haridwar-Ahmedabad Mail,19106
322.0,715.0,27.020979020979023,1,34,10.559006211180124,18,0,NER,0,0,0,0,1,0,0,Passenger,Tanakpur Aishbagh Express,52228
18.0,40.0,27.0,0,17,94.44444444444444,7,0,SR,0,0,0,0,0,0,0,Passenger,Chennai Beach Velachery EMU,41021
653.0,1445.0,27.114186851211073,1,73,11.179173047473201,8,0,SECR,1,0,0,0,1,0,0,Passenger,Bilaspur Express Passenger Slip,18235-Slip
1800.0,1450.0,74.48275862068965,3,293,16.27777777777778,17,0,ECoR,1,1,1,1,0,0,0,Premium,NEW DELHI - BHUBANESWAR Rajdhani Exp (Via Bokaro),22824
612.0,1535.0,23.921824104234528,0,72,11.76470588235294,8,0,CR,1,0,0,0,0,0,0,Passenger,ITARSI - ALLAHABAD Passenger,51189
360.0,750.0,28.8,0,41,11.38888888888889,3,1,CR,1,0,0,0,0,0,0,Passenger,Chirmiri Katni Passenger,51606
71.0,115.0,37.04347826086956,1,25,35.21126760563381,15,0,SER,1,0,0,0,0,0,1,Passenger,Panskura Howrah EMU,38462
839.0,1010.0,49.84158415841585,3,144,17.163289630512512,14,0,WR,1,0,1,1,1,0,0,Express,MUMBAI BANDRA - BHUJ Sayaji Nagari Exp,19115
443.0,490.0,54.244897959183675,0,63,14.221218961625283,14,0,ECoR,1,0,0,0,0,0,0,Express,Visakhapatnam-Bhubaneswar Inter City Express,18412
291.0,315.0,55.42857142857143,1,34,11.683848797250858,17,0,WCR,1,0,0,0,0,1,0,Superfast,Bhopal Damoh Rajya Rani exp,22161
25.0,40.0,37.5,0,14,56.0,15,0,SCR,0,0,0,0,0,0,0,Superfast,Hyderabad Lingampalli MMTS,47115
37.0,80.0,27.75,0,23,62.16216216216216,19,0,SCR,0,0,0,0,0,0,0,Superfast,Falaknuma Lingampalli MMTS,47167
59.0,110.0,32.18181818181818,0,7,11.864406779661017,21,0,NER,1,0,0,0,0,0,0,Express,Sugauli Narkatiaganj InterCity Link Express,25201
18.0,40.0,27.0,0,17,94.44444444444444,11,0,SR,1,0,0,0,0,0,0,Passenger,Chennai Beach Velachery EMU,41065
13.0,35.0,22.285714285714285,0,2,15.384615384615383,6,0,NCR,1,0,0,0,0,0,0,Passenger,Konch Ait Passenger,51862
101.0,170.0,35.64705882352941,0,12,11.881188118811881,15,0,WCR,1,0,0,0,0,0,0,Passenger,Amravati Wardha Passenger,51261
59.0,87.0,40.689655172413794,0,29,49.152542372881356,7,0,SR,1,0,0,0,0,0,0,Passenger,Chengulpet Chennai Beach Semi Fast EMU (12 Car),40514
56.0,75.0,44.8,0,9,16.07142857142857,8,0,CR,1,0,0,0,0,0,0,Passenger,Dhule Chalisgaon Mix Passenger,51112
390.0,710.0,32.95774647887324,0,41,10.512820512820513,6,0,NCR,1,0,0,0,0,0,0,Passenger,Allahabad Jhansi Passenger,51820
238.0,385.0,37.090909090909086,0,26,10.92436974789916,13,0,WCR,1,0,0,0,0,0,0,Passenger,REWA - JABALPUR PASSENGER,51702
434.0,520.0,50.07692307692308,0,47,10.829493087557603,4,1,CR,1,0,0,0,0,0,0,Passenger,ITARSI - SATNA Passenger,51673
23.0,40.0,34.5,0,4,17.391304347826086,17,0,WCR,1,0,0,0,0,0,0,Passenger,Betul Amla Passenger,51240
152.0,230.0,39.65217391304348,0,17,11.18421052631579,18,0,WCR,1,0,0,0,0,0,0,Passenger,BINA DAMOH PASS,51885
164.0,350.0,28.114285714285717,0,36,21.951219512195124,5,0,NR,1,0,0,0,0,0,0,Passenger,Delhi Shamli Saharanpur Passenger,51909
455.0,1075.0,25.3953488372093,0,71,15.604395604395606,18,0,WCR,1,0,0,0,0,0,0,Passenger,KOTA - KATNI Passenger,51613
21.0,125.0,10.08,1,2,9.523809523809524,11,0,CR,1,0,0,0,0,0,1,Passenger,Neral Matheran Passenger,52107
125.0,290.0,25.862068965517242,0,21,16.8,6,0,NER,1,0,0,0,0,0,0,Passenger,Bareilly Mailani Passenger,52213
112.0,420.0,16.0,0,11,9.821428571428571,2,1,Unknown,1,0,0,0,0,0,0,Passenger,Forbesganj-Saharsa Passenger,52321
63.0,230.0,16.434782608695652,0,13,20.634920634920636,4,1,ECR,1,0,0,0,0,0,0,Passenger,Raghopur-Saharsa Passenger,52331
46.0,95.0,29.05263157894737,0,3,6.521739130434782,16,0,NWR,1,0,0,0,0,0,0,Passenger,Ratangarh Sardarshahar Passenger,52403
46.0,95.0,29.05263157894737,0,3,6.521739130434782,18,0,NWR,1,0,0,0,0,0,0,Passenger,Sardarshahar Ratangarh Passenger,52404
246.0,485.0,30.432989690721648,0,20,8.130081300813009,7,0,NWR,1,0,0,0,0,0,0,Passenger,Hanumangarh Suratgarh Passenger,52405
246.0,485.0,30.432989690721648,0,20,8.130081300813009,11,0,NWR,1,0,0,0,0,0,0,Passenger,Suratgarh Hanumangarh Passenger,52406
246.0,410.0,36.0,0,20,8.130081300813009,4,1,NWR,1,0,0,0,0,0,0,Passenger,Sadulpur Suratgarh Passenger,52407
246.0,385.0,38.33766233766234,0,31,12.601626016260163,16,0,NWR,1,0,0,0,0,0,0,Passenger,Suratgarh Sadulpur Passenger,52408
246.0,390.0,37.84615384615385,0,20,8.130081300813009,17,0,NWR,1,0,0,0,0,0,0,Passenger,Sadulpur Shri Ganganagar Passenger,52411
246.0,390.0,37.84615384615385,0,20,8.130081300813009,4,1,NWR,1,0,0,0,0,0,0,Passenger,Shri Ganganagar Sadulpur Passenger,52412
246.0,420.0,35.142857142857146,0,20,8.130081300813009,11,0,NWR,1,0,0,0,0,0,0,Passenger,SDLP SOG PASS,52413
246.0,410.0,36.0,0,32,13.008130081300813,7,0,NWR,1,0,0,0,0,0,0,Passenger,SOG SDLP PASS,52414
378.0,785.0,28.89171974522293,0,26,6.878306878306879,7,0,NWR,1,0,0,0,0,0,0,Passenger,Hanumangarh Suratgarh Passenger,52415
96.0,285.0,20.210526315789473,1,19,19.791666666666668,5,0,NR,1,0,0,0,0,1,0,Express,Shivalik Deluxe Express,52451
96.0,285.0,20.210526315789473,1,19,19.791666666666668,17,0,NR,1,0,0,0,0,1,0,Express,Shivalik Deluxe Express,52452
96.0,305.0,18.885245901639344,1,19,19.791666666666668,6,0,NR,1,0,0,0,0,0,1,Passenger,Kalka Shimla Express,52453
96.0,305.0,18.885245901639344,1,19,19.791666666666668,18,0,NR,1,0,0,0,0,0,1,Passenger,Shimla Kalka Express,52454
96.0,310.0,18.58064516129032,1,19,19.791666666666668,12,0,NR,1,0,0,0,0,1,0,Passenger,Himalayan Queen,52455
96.0,340.0,16.941176470588236,1,19,19.791666666666668,10,0,NR,1,0,0,0,0,1,0,Passenger,Himalayan Queen,52456
96.0,320.0,18.0,1,19,19.791666666666668,4,1,NR,1,0,0,0,0,0,1,Passenger,Kalka Shimla Passenger,52457
96.0,345.0,16.695652173913043,1,19,19.791666666666668,14,0,NR,1,0,0,0,0,0,1,Passenger,Shimla Kalka Passenger,52458
124.0,235.0,31.659574468085108,0,17,13.709677419354838,17,0,NR,1,0,0,0,0,0,0,Passenger,Pathankot Jawalamukhi Road Passenger,52461
125.0,230.0,32.608695652173914,0,17,13.6,4,1,NR,1,0,0,0,0,0,0,Passenger,Kangra Valley Rail Passenger,52462
147.0,405.0,21.77777777777778,0,27,18.367346938775512,4,1,NR,1,0,0,0,0,0,0,Passenger,Kangra Valley Rail Passenger,52463
147.0,415.0,21.25301204819277,0,27,18.367346938775512,4,1,NR,1,0,0,0,0,0,0,Passenger,BAIJNATHPAPROLA - PATHANKOT PASS,52464
147.0,420.0,21.0,0,30,20.408163265306122,7,0,NR,1,0,0,0,0,0,0,Passenger,PATHANKOT - PATHANKOT PASSENGER,52465
69.0,160.0,25.875,0,20,28.985507246376812,6,0,WR,1,0,0,0,0,0,0,Passenger,Mahesana Ahmedabad Passenger,52905
26.0,60.0,26.0,0,10,38.46153846153846,20,0,SR,1,0,0,0,0,0,0,Passenger,Tiruvarur Tiruturaipudi Passenger,56889
330.0,540.0,36.666666666666664,0,39,11.818181818181818,5,0,SCR,0,0,0,0,0,0,0,Passenger,Bhadrachalam Sirpur Kagaznagar Passenger,57123
94.0,190.0,29.68421052631579,0,14,14.893617021276597,10,0,NR,1,0,0,0,0,0,0,Passenger,Meerut City Khurja Passenger,54404
147.0,420.0,21.0,0,28,19.047619047619047,7,0,NR,1,0,0,0,0,0,0,Passenger,Kangra Valley Rail Passenger,52466
94.0,210.0,26.857142857142858,0,16,17.02127659574468,21,0,ECR,1,0,0,0,0,0,0,Passenger,Mughal Sarai Buxar Passenger,53220
135.0,268.0,30.223880597014926,0,26,19.25925925925926,15,0,ER,1,0,0,0,0,0,0,Passenger,Sahibganj Jamalpur Passenger,53415
489.0,995.0,29.48743718592965,0,71,14.519427402862986,4,1,ER,1,0,0,0,0,0,0,Passenger,Varanasi-Asansol Passenger,53522
188.0,350.0,32.22857142857143,0,28,14.893617021276597,6,0,WR,1,0,0,0,0,0,0,Passenger,Khed Brahma Ahmedabad Passenger,52925
59.0,85.0,41.64705882352941,0,6,10.16949152542373,11,0,NER,1,0,0,0,0,0,0,Passenger,Kashipur Lalkuan Passenger,55318
73.0,120.0,36.5,0,8,10.95890410958904,5,0,NCR,1,0,0,0,0,0,0,Passenger,Tundla Barhan Etah Passenger,54467
27.0,120.0,13.5,0,5,18.51851851851852,20,0,Unknown,1,0,0,0,0,0,0,Passenger,Banmankhi Bihariganj Passenger,52533
82.0,170.0,28.941176470588236,0,22,26.82926829268293,5,0,NR,1,0,0,0,0,0,0,Passenger,Delhi Rewari Passenger,54309
162.0,315.0,30.857142857142858,0,27,16.666666666666664,7,0,ECR,1,0,0,0,0,0,0,Passenger,Dhanbad Ranchi Passenger,53335
210.0,360.0,35.0,0,29,13.809523809523808,17,0,NR,1,0,0,0,0,0,0,Passenger,Ludhiana Hisar Passenger,54606
155.0,225.0,41.333333333333336,0,20,12.903225806451612,4,1,WR,1,0,0,0,0,0,0,Passenger,Botad Ahmedabad Passenger,52944
127.0,245.0,31.102040816326532,0,26,20.47244094488189,7,0,ER,1,0,0,0,0,0,0,Passenger,JAMALPUR RAMPURHAT PASS,53416
69.0,130.0,31.846153846153847,0,20,28.985507246376812,20,0,WR,1,0,0,0,0,0,0,Passenger,Ahmedabad Mahesana Passenger,52902
157.0,300.0,31.4,0,21,13.375796178343949,5,0,NFR,1,0,0,0,0,0,0,Passenger,Guwahati New Bongaigaon Passenger,55810
119.0,215.0,33.2093023255814,0,24,20.168067226890756,4,1,NR,0,0,0,0,0,0,0,Passenger,Delhi Bhiwani Passenger,54005
209.0,490.0,25.591836734693878,0,35,16.74641148325359,4,1,NER,0,0,0,0,0,0,0,Passenger,Manduadih Chhapra Passenger,55014
212.0,310.0,41.03225806451613,0,31,14.622641509433961,6,0,ER,1,0,0,0,0,0,0,Passenger,Barddhaman Barharwa Passenger,53063
183.0,375.0,29.28,0,20,10.92896174863388,6,0,ER,0,0,0,0,0,0,0,Passenger,Gaya Jamalpur Passenger,53404
285.0,510.0,33.529411764705884,0,36,12.631578947368421,2,1,NFR,1,0,0,0,0,0,0,Passenger,ALIPUR DUAR - GUWAHATI SIFUNG Pass,55753
82.0,160.0,30.75,0,22,26.82926829268293,13,0,NR,1,0,0,0,0,0,0,Passenger,Delhi Sarai Rohilla Rewari Passenger,54415
160.0,355.0,27.04225352112676,0,22,13.75,17,0,NR,1,0,0,0,0,0,0,Passenger,ALIGARH - BAREILLY PASSENGER,54353
214.0,325.0,39.5076923076923,0,20,9.345794392523365,11,0,NFR,1,0,0,0,0,0,0,Passenger,Fakiragram Kamakhya Passenger,55611
45.0,82.0,32.926829268292686,0,12,26.666666666666664,7,0,Unknown,1,0,0,0,0,0,0,Passenger,JAMALPUR KIUL PASS,53421
50.0,80.0,37.5,0,9,18.0,5,0,ECR,1,0,0,0,0,0,0,Passenger,Barauni-Samastipur Passenger,55237
346.0,635.0,32.69291338582677,1,49,14.16184971098266,17,0,NR,1,0,0,0,1,0,0,Passenger,Amritsar Hisar Passenger,54602
24.0,45.0,32.0,0,3,12.5,7,0,NR,1,0,0,0,0,0,0,Passenger,Kotdwara Najibabad Passenger,54092
161.0,370.0,26.108108108108105,0,24,14.906832298136646,7,0,NER,1,0,0,0,0,0,0,Passenger,Gorakhpur Ayodhya Passenger,55001
19.0,75.0,15.2,1,6,31.57894736842105,16,0,SR,1,0,0,0,0,0,1,Passenger,Coonoor Udagamandalam Passenger,56138
268.0,565.0,28.460176991150444,0,33,12.313432835820894,14,0,NER,1,0,0,0,0,0,0,Passenger,Hajipur-Katihar Passenger,55540
82.0,170.0,28.941176470588236,0,15,18.29268292682927,18,0,NER,1,0,0,0,0,0,0,Passenger,Nautanwa Gorakhpur Passenger,55040
180.0,345.0,31.304347826086957,0,20,11.11111111111111,3,1,NER,1,0,0,0,0,0,0,Passenger,Barauni-Katihar Passenger,55532
167.0,250.0,40.08,0,21,12.574850299401199,5,0,SWR,1,0,0,0,0,0,0,Passenger,Arsikere Mysore Passenger,56267
86.0,135.0,38.22222222222222,0,16,18.6046511627907,5,0,SR,1,0,0,0,0,0,0,Passenger,Kozhikode Shoranur Passenger,56600
67.0,110.0,36.54545454545455,0,12,17.91044776119403,9,0,SR,1,0,0,0,0,0,0,Passenger,Nilambur Road Shoranur Passenger,56614
115.0,190.0,36.31578947368421,0,19,16.521739130434785,11,0,SR,1,0,0,0,0,0,0,Passenger,Ernakulam Kayamkulam Passenger,56387
161.0,230.0,42.0,0,18,11.180124223602483,6,0,SR,1,0,0,0,0,0,0,Passenger,Madurai Rameswaram Passenger,56723
93.0,160.0,34.875,0,13,13.978494623655914,6,0,SCR,1,0,0,0,0,0,0,Passenger,Tirupati Gudur Passenger,57429
68.0,105.0,38.857142857142854,0,9,13.235294117647058,11,0,SCR,0,0,0,0,0,0,0,Passenger,Guntakal Dronachellam Passenger,57422
113.0,180.0,37.666666666666664,0,23,20.353982300884958,12,0,SCR,1,0,0,0,0,0,0,Passenger,Secunderabad Mahbubnagar Passenger,57447
276.0,450.0,36.8,0,52,18.84057971014493,14,0,SCR,1,0,0,0,0,0,0,Passenger,Kacheguda Nanded Passenger,57593
266.0,410.0,38.926829268292686,0,30,11.278195488721805,14,0,SCR,1,0,0,0,0,0,0,Passenger,Guntakal Gulbarga Passenger,57632
19.0,35.0,32.57142857142857,0,4,21.05263157894737,13,0,SER,1,0,0,0,0,0,0,Passenger,Kurdha Road Bhubaneshwar Passenger,58028
6.0,20.0,18.0,0,3,50.0,20,0,ER,1,0,0,0,0,0,0,Passenger,BAIDYANATH JASIDIH PASS,63166
252.0,365.0,41.42465753424658,0,21,8.333333333333334,14,0,SECR,1,0,0,0,0,0,0,Passenger,Ballarshar Gondia Passenger(Via Nagbhir ),58801
216.0,280.0,46.285714285714285,0,20,9.25925925925926,15,0,SECR,1,0,0,0,0,0,0,Passenger,Raipur Kesinga Passenger,58207
36.0,70.0,30.857142857142854,0,8,22.22222222222222,22,1,WR,1,0,0,0,0,0,0,Passenger,Vadodara Anand Passenger,59157
491.0,995.0,29.60804020100503,2,99,20.162932790224033,12,0,WR,1,0,1,0,1,0,0,Passenger,Ahmedabad Mumbai Central Passenger,59442
241.0,310.0,46.64516129032258,0,17,7.053941908713693,6,0,SECR,1,0,0,0,0,0,0,Passenger,Chanda Fort Gondia Passenger,58803
201.0,320.0,37.6875,0,31,15.422885572139306,11,0,Unknown,1,0,0,0,0,0,0,Passenger,Rajahmundry Visakhapatnam Pass,67295
238.0,535.0,26.69158878504673,2,29,12.184873949579833,23,1,SECR,1,0,0,0,1,0,1,Passenger,Bilaspur Chirmiri Passenger,58219
92.0,220.0,25.090909090909093,0,28,30.434782608695652,6,0,ECR,1,0,0,0,0,0,0,Passenger,Patna Gaya Passenger MEMU,63241
52.0,90.0,34.666666666666664,0,6,11.538461538461538,5,0,WR,1,0,0,0,0,0,0,Passenger,Porbandar Bhanvad Passenger,59214
195.0,265.0,44.15094339622641,0,44,22.564102564102566,4,1,WR,1,0,0,0,0,0,0,Passenger,Valsad Mumbai Passenger,59024
215.0,355.0,36.33802816901408,0,32,14.883720930232558,6,0,ECoR,1,0,0,0,0,0,0,Passenger,Kendujhargarh-Bhubaneswar Fast Passenger,58425
526.0,1060.0,29.773584905660375,0,64,12.167300380228138,9,0,WR,1,0,0,0,0,0,0,Passenger,Kota Vadodara Passenger,59832
59.0,80.0,44.25,0,13,22.033898305084747,14,0,ER,1,0,0,0,0,0,0,Passenger,Asansol Dhanbad Passenger,63545
364.0,795.0,27.471698113207548,1,74,20.32967032967033,7,0,WR,1,0,0,0,0,0,1,Passenger,Viramgam Valsad Passenger,59050
1545.0,2105.0,44.03800475059382,1,189,12.233009708737864,21,0,SCR,1,0,0,0,1,0,0,Passenger,Panchvalley Passenger Slip1,59386-Slip
56.0,90.0,37.333333333333336,0,12,21.428571428571427,17,0,Unknown,1,0,0,0,0,0,0,Passenger,New Delhi Palwal Ladies Special,64492
201.0,315.0,38.285714285714285,0,32,15.920398009950251,18,0,Unknown,1,0,0,0,0,0,0,Passenger,Visakhapatnam Rajahmundry Pass,67296
82.0,80.0,61.5,0,5,6.097560975609756,19,0,Unknown,1,0,0,0,0,0,0,Passenger,Madgaon Karwar Passenger,70101
298.0,570.0,31.36842105263158,1,47,15.771812080536913,19,0,Unknown,0,0,0,0,1,0,0,Express,Danapur Giridih Express,83112
862.0,1260.0,41.04761904761905,1,101,11.7169373549884,15,0,Unknown,0,0,0,0,1,0,0,Express,Tribeni Link Express,84369
